_id,epi_week,disease,no._of_cases
1,2012-W01,Acute Viral hepatitis B,0
2,2012-W01,Acute Viral hepatitis C,0
3,2012-W01,Avian Influenza,0
4,2012-W01,Campylobacterenterosis,6
5,2012-W01,Chikungunya Fever,0
6,2012-W01,Cholera,0
7,2012-W01,Dengue Fever,74
8,2012-W01,Dengue Haemorrhagic Fever,0
9,2012-W01,Diphtheria,0
10,2012-W01,Encephalitis,0
11,2012-W01,Haemophilus influenzae type b,0
12,2012-W01,"Hand, Foot Mouth Disease",326
13,2012-W01,Legionellosis,0
14,2012-W01,Malaria,1
15,2012-W01,Measles,2
16,2012-W01,Melioidosis,0
17,2012-W01,Meningococcal Infection,0
18,2012-W01,Mumps,11
19,2012-W01,Nipah virus infection,0
20,2012-W01,Paratyphoid,1
21,2012-W01,Pertussis,2
22,2012-W01,Plague,0
23,2012-W01,Pneumococcal Disease (invasive),3
24,2012-W01,Poliomyelitis,0
25,2012-W01,Rubella,1
26,2012-W01,Salmonellosis(non-enteric fevers),26
27,2012-W01,SARS,0
28,2012-W01,Typhoid,6
29,2012-W01,Viral Hepatitis A,1
30,2012-W01,Viral Hepatitis E,3
31,2012-W01,Yellow Fever,0
32,2012-W02,Acute Viral hepatitis B,0
33,2012-W02,Acute Viral hepatitis C,0
34,2012-W02,Avian Influenza,0
35,2012-W02,Campylobacterenterosis,7
36,2012-W02,Chikungunya Fever,1
37,2012-W02,Cholera,0
38,2012-W02,Dengue Fever,64
39,2012-W02,Dengue Haemorrhagic Fever,2
40,2012-W02,Diphtheria,0
41,2012-W02,Encephalitis,0
42,2012-W02,Haemophilus influenzae type b,0
43,2012-W02,"Hand, Foot Mouth Disease",346
44,2012-W02,Legionellosis,0
45,2012-W02,Malaria,2
46,2012-W02,Measles,1
47,2012-W02,Melioidosis,1
48,2012-W02,Meningococcal Infection,0
49,2012-W02,Mumps,10
50,2012-W02,Nipah virus infection,0
51,2012-W02,Paratyphoid,1
52,2012-W02,Pertussis,0
53,2012-W02,Plague,0
54,2012-W02,Pneumococcal Disease (invasive),3
55,2012-W02,Poliomyelitis,0
56,2012-W02,Rubella,2
57,2012-W02,Salmonellosis(non-enteric fevers),24
58,2012-W02,SARS,0
59,2012-W02,Typhoid,3
60,2012-W02,Viral Hepatitis A,2
61,2012-W02,Viral Hepatitis E,0
62,2012-W02,Yellow Fever,0
63,2012-W03,Acute Viral hepatitis B,0
64,2012-W03,Acute Viral hepatitis C,0
65,2012-W03,Avian Influenza,0
66,2012-W03,Campylobacterenterosis,9
67,2012-W03,Chikungunya Fever,1
68,2012-W03,Cholera,0
69,2012-W03,Dengue Fever,60
70,2012-W03,Dengue Haemorrhagic Fever,1
71,2012-W03,Diphtheria,0
72,2012-W03,Encephalitis,3
73,2012-W03,Haemophilus influenzae type b,0
74,2012-W03,"Hand, Foot Mouth Disease",463
75,2012-W03,Legionellosis,0
76,2012-W03,Malaria,2
77,2012-W03,Measles,2
78,2012-W03,Melioidosis,1
79,2012-W03,Meningococcal Infection,0
80,2012-W03,Mumps,15
81,2012-W03,Nipah virus infection,0
82,2012-W03,Paratyphoid,1
83,2012-W03,Pertussis,5
84,2012-W03,Plague,0
85,2012-W03,Pneumococcal Disease (invasive),3
86,2012-W03,Poliomyelitis,0
87,2012-W03,Rubella,4
88,2012-W03,Salmonellosis(non-enteric fevers),21
89,2012-W03,SARS,0
90,2012-W03,Typhoid,5
91,2012-W03,Viral Hepatitis A,3
92,2012-W03,Viral Hepatitis E,0
93,2012-W03,Yellow Fever,0
94,2012-W04,Acute Viral hepatitis B,1
95,2012-W04,Acute Viral hepatitis C,0
96,2012-W04,Avian Influenza,0
97,2012-W04,Campylobacterenterosis,8
98,2012-W04,Chikungunya Fever,0
99,2012-W04,Cholera,0
100,2012-W04,Dengue Fever,50
101,2012-W04,Dengue Haemorrhagic Fever,2
102,2012-W04,Diphtheria,0
103,2012-W04,Encephalitis,1
104,2012-W04,Haemophilus influenzae type b,0
105,2012-W04,"Hand, Foot Mouth Disease",372
106,2012-W04,Legionellosis,1
107,2012-W04,Malaria,3
108,2012-W04,Measles,0
109,2012-W04,Melioidosis,1
110,2012-W04,Meningococcal Infection,0
111,2012-W04,Mumps,8
112,2012-W04,Nipah virus infection,0
113,2012-W04,Paratyphoid,1
114,2012-W04,Pertussis,0
115,2012-W04,Plague,0
116,2012-W04,Pneumococcal Disease (invasive),2
117,2012-W04,Poliomyelitis,0
118,2012-W04,Rubella,2
119,2012-W04,Salmonellosis(non-enteric fevers),12
120,2012-W04,SARS,0
121,2012-W04,Typhoid,1
122,2012-W04,Viral Hepatitis A,3
123,2012-W04,Viral Hepatitis E,2
124,2012-W04,Yellow Fever,0
125,2012-W05,Acute Viral hepatitis B,1
126,2012-W05,Acute Viral hepatitis C,0
127,2012-W05,Avian Influenza,0
128,2012-W05,Campylobacterenterosis,8
129,2012-W05,Chikungunya Fever,0
130,2012-W05,Cholera,0
131,2012-W05,Dengue Fever,84
132,2012-W05,Dengue Haemorrhagic Fever,1
133,2012-W05,Diphtheria,0
134,2012-W05,Encephalitis,0
135,2012-W05,Haemophilus influenzae type b,0
136,2012-W05,"Hand, Foot Mouth Disease",444
137,2012-W05,Legionellosis,0
138,2012-W05,Malaria,1
139,2012-W05,Measles,2
140,2012-W05,Melioidosis,0
141,2012-W05,Meningococcal Infection,0
142,2012-W05,Mumps,12
143,2012-W05,Nipah virus infection,0
144,2012-W05,Paratyphoid,3
145,2012-W05,Pertussis,1
146,2012-W05,Plague,0
147,2012-W05,Pneumococcal Disease (invasive),5
148,2012-W05,Poliomyelitis,0
149,2012-W05,Rubella,0
150,2012-W05,Salmonellosis(non-enteric fevers),37
151,2012-W05,SARS,0
152,2012-W05,Typhoid,5
153,2012-W05,Viral Hepatitis A,2
154,2012-W05,Viral Hepatitis E,0
155,2012-W05,Yellow Fever,0
156,2012-W06,Acute Viral hepatitis B,1
157,2012-W06,Acute Viral hepatitis C,0
158,2012-W06,Avian Influenza,0
159,2012-W06,Campylobacterenterosis,5
160,2012-W06,Chikungunya Fever,0
161,2012-W06,Cholera,0
162,2012-W06,Dengue Fever,87
163,2012-W06,Dengue Haemorrhagic Fever,0
164,2012-W06,Diphtheria,0
165,2012-W06,Encephalitis,2
166,2012-W06,Haemophilus influenzae type b,0
167,2012-W06,"Hand, Foot Mouth Disease",683
168,2012-W06,Legionellosis,1
169,2012-W06,Malaria,2
170,2012-W06,Measles,4
171,2012-W06,Melioidosis,1
172,2012-W06,Meningococcal Infection,0
173,2012-W06,Mumps,12
174,2012-W06,Nipah virus infection,0
175,2012-W06,Paratyphoid,2
176,2012-W06,Pertussis,0
177,2012-W06,Plague,0
178,2012-W06,Pneumococcal Disease (invasive),4
179,2012-W06,Poliomyelitis,0
180,2012-W06,Rubella,2
181,2012-W06,Salmonellosis(non-enteric fevers),40
182,2012-W06,SARS,0
183,2012-W06,Typhoid,0
184,2012-W06,Viral Hepatitis A,0
185,2012-W06,Viral Hepatitis E,4
186,2012-W06,Yellow Fever,0
187,2012-W07,Acute Viral hepatitis B,0
188,2012-W07,Acute Viral hepatitis C,0
189,2012-W07,Avian Influenza,0
190,2012-W07,Campylobacterenterosis,8
191,2012-W07,Chikungunya Fever,0
192,2012-W07,Cholera,0
193,2012-W07,Dengue Fever,65
194,2012-W07,Dengue Haemorrhagic Fever,0
195,2012-W07,Diphtheria,0
196,2012-W07,Encephalitis,0
197,2012-W07,Haemophilus influenzae type b,0
198,2012-W07,"Hand, Foot Mouth Disease",810
199,2012-W07,Legionellosis,0
200,2012-W07,Malaria,1
201,2012-W07,Measles,1
202,2012-W07,Melioidosis,0
203,2012-W07,Meningococcal Infection,0
204,2012-W07,Mumps,12
205,2012-W07,Nipah virus infection,0
206,2012-W07,Paratyphoid,1
207,2012-W07,Pertussis,0
208,2012-W07,Plague,0
209,2012-W07,Pneumococcal Disease (invasive),3
210,2012-W07,Poliomyelitis,0
211,2012-W07,Rubella,4
212,2012-W07,Salmonellosis(non-enteric fevers),29
213,2012-W07,SARS,0
214,2012-W07,Typhoid,2
215,2012-W07,Viral Hepatitis A,0
216,2012-W07,Viral Hepatitis E,2
217,2012-W07,Yellow Fever,0
218,2012-W08,Acute Viral hepatitis B,0
219,2012-W08,Acute Viral hepatitis C,0
220,2012-W08,Avian Influenza,0
221,2012-W08,Campylobacterenterosis,8
222,2012-W08,Chikungunya Fever,1
223,2012-W08,Cholera,0
224,2012-W08,Dengue Fever,50
225,2012-W08,Dengue Haemorrhagic Fever,1
226,2012-W08,Diphtheria,0
227,2012-W08,Encephalitis,0
228,2012-W08,Haemophilus influenzae type b,0
229,2012-W08,"Hand, Foot Mouth Disease",989
230,2012-W08,Legionellosis,0
231,2012-W08,Malaria,0
232,2012-W08,Measles,2
233,2012-W08,Melioidosis,1
234,2012-W08,Meningococcal Infection,0
235,2012-W08,Mumps,18
236,2012-W08,Nipah virus infection,0
237,2012-W08,Paratyphoid,4
238,2012-W08,Pertussis,0
239,2012-W08,Plague,0
240,2012-W08,Pneumococcal Disease (invasive),3
241,2012-W08,Poliomyelitis,0
242,2012-W08,Rubella,0
243,2012-W08,Salmonellosis(non-enteric fevers),12
244,2012-W08,SARS,0
245,2012-W08,Typhoid,3
246,2012-W08,Viral Hepatitis A,0
247,2012-W08,Viral Hepatitis E,3
248,2012-W08,Yellow Fever,0
249,2012-W09,Acute Viral hepatitis B,2
250,2012-W09,Acute Viral hepatitis C,0
251,2012-W09,Avian Influenza,0
252,2012-W09,Campylobacterenterosis,6
253,2012-W09,Chikungunya Fever,1
254,2012-W09,Cholera,0
255,2012-W09,Dengue Fever,55
256,2012-W09,Dengue Haemorrhagic Fever,0
257,2012-W09,Diphtheria,0
258,2012-W09,Encephalitis,0
259,2012-W09,Haemophilus influenzae type b,0
260,2012-W09,"Hand, Foot Mouth Disease",1115
261,2012-W09,Legionellosis,1
262,2012-W09,Malaria,0
263,2012-W09,Measles,1
264,2012-W09,Melioidosis,1
265,2012-W09,Meningococcal Infection,0
266,2012-W09,Mumps,10
267,2012-W09,Nipah virus infection,0
268,2012-W09,Paratyphoid,4
269,2012-W09,Pertussis,3
270,2012-W09,Plague,0
271,2012-W09,Pneumococcal Disease (invasive),2
272,2012-W09,Poliomyelitis,0
273,2012-W09,Rubella,2
274,2012-W09,Salmonellosis(non-enteric fevers),27
275,2012-W09,SARS,0
276,2012-W09,Typhoid,1
277,2012-W09,Viral Hepatitis A,2
278,2012-W09,Viral Hepatitis E,0
279,2012-W09,Yellow Fever,0
280,2012-W10,Acute Viral hepatitis B,3
281,2012-W10,Acute Viral hepatitis C,1
282,2012-W10,Avian Influenza,0
283,2012-W10,Campylobacterenterosis,12
284,2012-W10,Chikungunya Fever,2
285,2012-W10,Cholera,0
286,2012-W10,Dengue Fever,45
287,2012-W10,Dengue Haemorrhagic Fever,1
288,2012-W10,Diphtheria,0
289,2012-W10,Encephalitis,1
290,2012-W10,Haemophilus influenzae type b,0
291,2012-W10,"Hand, Foot Mouth Disease",1139
292,2012-W10,Legionellosis,1
293,2012-W10,Malaria,4
294,2012-W10,Measles,0
295,2012-W10,Melioidosis,0
296,2012-W10,Meningococcal Infection,0
297,2012-W10,Mumps,16
298,2012-W10,Nipah virus infection,0
299,2012-W10,Paratyphoid,2
300,2012-W10,Pertussis,0
301,2012-W10,Plague,0
302,2012-W10,Pneumococcal Disease (invasive),9
303,2012-W10,Poliomyelitis,0
304,2012-W10,Rubella,0
305,2012-W10,Salmonellosis(non-enteric fevers),28
306,2012-W10,SARS,0
307,2012-W10,Typhoid,1
308,2012-W10,Viral Hepatitis A,2
309,2012-W10,Viral Hepatitis E,3
310,2012-W10,Yellow Fever,0
311,2012-W11,Acute Viral hepatitis B,0
312,2012-W11,Acute Viral hepatitis C,0
313,2012-W11,Avian Influenza,0
314,2012-W11,Campylobacterenterosis,10
315,2012-W11,Chikungunya Fever,0
316,2012-W11,Cholera,0
317,2012-W11,Dengue Fever,64
318,2012-W11,Dengue Haemorrhagic Fever,0
319,2012-W11,Diphtheria,0
320,2012-W11,Encephalitis,1
321,2012-W11,Haemophilus influenzae type b,0
322,2012-W11,"Hand, Foot Mouth Disease",1011
323,2012-W11,Legionellosis,1
324,2012-W11,Malaria,2
325,2012-W11,Measles,1
326,2012-W11,Melioidosis,1
327,2012-W11,Meningococcal Infection,0
328,2012-W11,Mumps,8
329,2012-W11,Nipah virus infection,0
330,2012-W11,Paratyphoid,2
331,2012-W11,Pertussis,0
332,2012-W11,Plague,0
333,2012-W11,Pneumococcal Disease (invasive),2
334,2012-W11,Poliomyelitis,0
335,2012-W11,Rubella,1
336,2012-W11,Salmonellosis(non-enteric fevers),36
337,2012-W11,SARS,0
338,2012-W11,Typhoid,1
339,2012-W11,Viral Hepatitis A,1
340,2012-W11,Viral Hepatitis E,2
341,2012-W11,Yellow Fever,0
342,2012-W12,Acute Viral hepatitis B,1
343,2012-W12,Acute Viral hepatitis C,0
344,2012-W12,Avian Influenza,0
345,2012-W12,Campylobacterenterosis,5
346,2012-W12,Chikungunya Fever,0
347,2012-W12,Cholera,0
348,2012-W12,Dengue Fever,72
349,2012-W12,Dengue Haemorrhagic Fever,1
350,2012-W12,Diphtheria,0
351,2012-W12,Encephalitis,2
352,2012-W12,Haemophilus influenzae type b,0
353,2012-W12,"Hand, Foot Mouth Disease",1018
354,2012-W12,Legionellosis,1
355,2012-W12,Malaria,2
356,2012-W12,Measles,1
357,2012-W12,Melioidosis,0
358,2012-W12,Meningococcal Infection,0
359,2012-W12,Mumps,11
360,2012-W12,Nipah virus infection,0
361,2012-W12,Paratyphoid,1
362,2012-W12,Pertussis,3
363,2012-W12,Plague,0
364,2012-W12,Pneumococcal Disease (invasive),3
365,2012-W12,Poliomyelitis,0
366,2012-W12,Rubella,0
367,2012-W12,Salmonellosis(non-enteric fevers),26
368,2012-W12,SARS,0
369,2012-W12,Typhoid,1
370,2012-W12,Viral Hepatitis A,0
371,2012-W12,Viral Hepatitis E,2
372,2012-W12,Yellow Fever,0
373,2012-W13,Acute Viral hepatitis B,2
374,2012-W13,Acute Viral hepatitis C,0
375,2012-W13,Avian Influenza,0
376,2012-W13,Campylobacterenterosis,14
377,2012-W13,Chikungunya Fever,0
378,2012-W13,Cholera,0
379,2012-W13,Dengue Fever,48
380,2012-W13,Dengue Haemorrhagic Fever,0
381,2012-W13,Diphtheria,0
382,2012-W13,Encephalitis,0
383,2012-W13,Haemophilus influenzae type b,0
384,2012-W13,"Hand, Foot Mouth Disease",1017
385,2012-W13,Legionellosis,2
386,2012-W13,Malaria,4
387,2012-W13,Measles,0
388,2012-W13,Melioidosis,0
389,2012-W13,Meningococcal Infection,0
390,2012-W13,Mumps,15
391,2012-W13,Nipah virus infection,0
392,2012-W13,Paratyphoid,0
393,2012-W13,Pertussis,1
394,2012-W13,Plague,0
395,2012-W13,Pneumococcal Disease (invasive),0
396,2012-W13,Poliomyelitis,0
397,2012-W13,Rubella,2
398,2012-W13,Salmonellosis(non-enteric fevers),27
399,2012-W13,SARS,0
400,2012-W13,Typhoid,2
401,2012-W13,Viral Hepatitis A,1
402,2012-W13,Viral Hepatitis E,2
403,2012-W13,Yellow Fever,0
404,2012-W14,Acute Viral hepatitis B,0
405,2012-W14,Acute Viral hepatitis C,0
406,2012-W14,Avian Influenza,0
407,2012-W14,Campylobacterenterosis,2
408,2012-W14,Chikungunya Fever,0
409,2012-W14,Cholera,0
410,2012-W14,Dengue Fever,52
411,2012-W14,Dengue Haemorrhagic Fever,0
412,2012-W14,Diphtheria,0
413,2012-W14,Encephalitis,0
414,2012-W14,Haemophilus influenzae type b,0
415,2012-W14,"Hand, Foot Mouth Disease",952
416,2012-W14,Legionellosis,0
417,2012-W14,Malaria,2
418,2012-W14,Measles,0
419,2012-W14,Melioidosis,0
420,2012-W14,Meningococcal Infection,0
421,2012-W14,Mumps,6
422,2012-W14,Nipah virus infection,0
423,2012-W14,Paratyphoid,0
424,2012-W14,Pertussis,1
425,2012-W14,Plague,0
426,2012-W14,Pneumococcal Disease (invasive),1
427,2012-W14,Poliomyelitis,0
428,2012-W14,Rubella,2
429,2012-W14,Salmonellosis(non-enteric fevers),27
430,2012-W14,SARS,0
431,2012-W14,Typhoid,1
432,2012-W14,Viral Hepatitis A,0
433,2012-W14,Viral Hepatitis E,2
434,2012-W14,Yellow Fever,0
435,2012-W15,Acute Viral hepatitis B,0
436,2012-W15,Acute Viral hepatitis C,0
437,2012-W15,Avian Influenza,0
438,2012-W15,Campylobacterenterosis,12
439,2012-W15,Chikungunya Fever,1
440,2012-W15,Cholera,0
441,2012-W15,Dengue Fever,81
442,2012-W15,Dengue Haemorrhagic Fever,1
443,2012-W15,Diphtheria,0
444,2012-W15,Encephalitis,0
445,2012-W15,Haemophilus influenzae type b,0
446,2012-W15,"Hand, Foot Mouth Disease",1167
447,2012-W15,Legionellosis,2
448,2012-W15,Malaria,2
449,2012-W15,Measles,0
450,2012-W15,Melioidosis,1
451,2012-W15,Meningococcal Infection,0
452,2012-W15,Mumps,13
453,2012-W15,Nipah virus infection,0
454,2012-W15,Paratyphoid,2
455,2012-W15,Pertussis,0
456,2012-W15,Plague,0
457,2012-W15,Pneumococcal Disease (invasive),1
458,2012-W15,Poliomyelitis,0
459,2012-W15,Rubella,2
460,2012-W15,Salmonellosis(non-enteric fevers),25
461,2012-W15,SARS,0
462,2012-W15,Typhoid,2
463,2012-W15,Viral Hepatitis A,0
464,2012-W15,Viral Hepatitis E,0
465,2012-W15,Yellow Fever,0
466,2012-W16,Acute Viral hepatitis B,0
467,2012-W16,Acute Viral hepatitis C,0
468,2012-W16,Avian Influenza,0
469,2012-W16,Campylobacterenterosis,6
470,2012-W16,Chikungunya Fever,1
471,2012-W16,Cholera,0
472,2012-W16,Dengue Fever,77
473,2012-W16,Dengue Haemorrhagic Fever,0
474,2012-W16,Diphtheria,0
475,2012-W16,Encephalitis,0
476,2012-W16,Haemophilus influenzae type b,0
477,2012-W16,"Hand, Foot Mouth Disease",1387
478,2012-W16,Legionellosis,1
479,2012-W16,Malaria,4
480,2012-W16,Measles,0
481,2012-W16,Melioidosis,1
482,2012-W16,Meningococcal Infection,0
483,2012-W16,Mumps,15
484,2012-W16,Nipah virus infection,0
485,2012-W16,Paratyphoid,0
486,2012-W16,Pertussis,0
487,2012-W16,Plague,0
488,2012-W16,Pneumococcal Disease (invasive),2
489,2012-W16,Poliomyelitis,0
490,2012-W16,Rubella,2
491,2012-W16,Salmonellosis(non-enteric fevers),36
492,2012-W16,SARS,0
493,2012-W16,Typhoid,0
494,2012-W16,Viral Hepatitis A,4
495,2012-W16,Viral Hepatitis E,2
496,2012-W16,Yellow Fever,0
497,2012-W17,Acute Viral hepatitis B,0
498,2012-W17,Acute Viral hepatitis C,0
499,2012-W17,Avian Influenza,0
500,2012-W17,Campylobacterenterosis,14
501,2012-W17,Chikungunya Fever,0
502,2012-W17,Cholera,0
503,2012-W17,Dengue Fever,64
504,2012-W17,Dengue Haemorrhagic Fever,0
505,2012-W17,Diphtheria,0
506,2012-W17,Encephalitis,1
507,2012-W17,Haemophilus influenzae type b,0
508,2012-W17,"Hand, Foot Mouth Disease",1581
509,2012-W17,Legionellosis,0
510,2012-W17,Malaria,2
511,2012-W17,Measles,1
512,2012-W17,Melioidosis,1
513,2012-W17,Meningococcal Infection,0
514,2012-W17,Mumps,13
515,2012-W17,Nipah virus infection,0
516,2012-W17,Paratyphoid,2
517,2012-W17,Pertussis,0
518,2012-W17,Plague,0
519,2012-W17,Pneumococcal Disease (invasive),7
520,2012-W17,Poliomyelitis,0
521,2012-W17,Rubella,3
522,2012-W17,Salmonellosis(non-enteric fevers),27
523,2012-W17,SARS,0
524,2012-W17,Typhoid,1
525,2012-W17,Viral Hepatitis A,1
526,2012-W17,Viral Hepatitis E,1
527,2012-W17,Yellow Fever,0
528,2012-W18,Acute Viral hepatitis B,3
529,2012-W18,Acute Viral hepatitis C,0
530,2012-W18,Avian Influenza,0
531,2012-W18,Campylobacterenterosis,2
532,2012-W18,Chikungunya Fever,0
533,2012-W18,Cholera,0
534,2012-W18,Dengue Fever,86
535,2012-W18,Dengue Haemorrhagic Fever,2
536,2012-W18,Diphtheria,0
537,2012-W18,Encephalitis,0
538,2012-W18,Haemophilus influenzae type b,0
539,2012-W18,"Hand, Foot Mouth Disease",1462
540,2012-W18,Legionellosis,0
541,2012-W18,Malaria,2
542,2012-W18,Measles,1
543,2012-W18,Melioidosis,1
544,2012-W18,Meningococcal Infection,0
545,2012-W18,Mumps,13
546,2012-W18,Nipah virus infection,0
547,2012-W18,Paratyphoid,1
548,2012-W18,Pertussis,0
549,2012-W18,Plague,0
550,2012-W18,Pneumococcal Disease (invasive),3
551,2012-W18,Poliomyelitis,0
552,2012-W18,Rubella,2
553,2012-W18,Salmonellosis(non-enteric fevers),21
554,2012-W18,SARS,0
555,2012-W18,Typhoid,3
556,2012-W18,Viral Hepatitis A,0
557,2012-W18,Viral Hepatitis E,3
558,2012-W18,Yellow Fever,0
559,2012-W19,Acute Viral hepatitis B,0
560,2012-W19,Acute Viral hepatitis C,0
561,2012-W19,Avian Influenza,0
562,2012-W19,Campylobacterenterosis,12
563,2012-W19,Chikungunya Fever,1
564,2012-W19,Cholera,0
565,2012-W19,Dengue Fever,96
566,2012-W19,Dengue Haemorrhagic Fever,1
567,2012-W19,Diphtheria,0
568,2012-W19,Encephalitis,0
569,2012-W19,Haemophilus influenzae type b,0
570,2012-W19,"Hand, Foot Mouth Disease",1607
571,2012-W19,Legionellosis,0
572,2012-W19,Malaria,1
573,2012-W19,Measles,1
574,2012-W19,Melioidosis,0
575,2012-W19,Meningococcal Infection,0
576,2012-W19,Mumps,19
577,2012-W19,Nipah virus infection,0
578,2012-W19,Paratyphoid,0
579,2012-W19,Pertussis,0
580,2012-W19,Plague,0
581,2012-W19,Pneumococcal Disease (invasive),1
582,2012-W19,Poliomyelitis,0
583,2012-W19,Rubella,2
584,2012-W19,Salmonellosis(non-enteric fevers),34
585,2012-W19,SARS,0
586,2012-W19,Typhoid,2
587,2012-W19,Viral Hepatitis A,1
588,2012-W19,Viral Hepatitis E,5
589,2012-W19,Yellow Fever,0
590,2012-W20,Acute Viral hepatitis B,1
591,2012-W20,Acute Viral hepatitis C,0
592,2012-W20,Avian Influenza,0
593,2012-W20,Campylobacterenterosis,7
594,2012-W20,Chikungunya Fever,0
595,2012-W20,Cholera,0
596,2012-W20,Dengue Fever,80
597,2012-W20,Dengue Haemorrhagic Fever,0
598,2012-W20,Diphtheria,0
599,2012-W20,Encephalitis,0
600,2012-W20,Haemophilus influenzae type b,0
601,2012-W20,"Hand, Foot Mouth Disease",1682
602,2012-W20,Legionellosis,0
603,2012-W20,Malaria,2
604,2012-W20,Measles,0
605,2012-W20,Melioidosis,2
606,2012-W20,Meningococcal Infection,0
607,2012-W20,Mumps,11
608,2012-W20,Nipah virus infection,0
609,2012-W20,Paratyphoid,3
610,2012-W20,Pertussis,1
611,2012-W20,Plague,0
612,2012-W20,Pneumococcal Disease (invasive),2
613,2012-W20,Poliomyelitis,0
614,2012-W20,Rubella,0
615,2012-W20,Salmonellosis(non-enteric fevers),28
616,2012-W20,SARS,0
617,2012-W20,Typhoid,2
618,2012-W20,Viral Hepatitis A,2
619,2012-W20,Viral Hepatitis E,4
620,2012-W20,Yellow Fever,0
621,2012-W21,Acute Viral hepatitis B,1
622,2012-W21,Acute Viral hepatitis C,0
623,2012-W21,Avian Influenza,0
624,2012-W21,Campylobacterenterosis,6
625,2012-W21,Chikungunya Fever,0
626,2012-W21,Cholera,1
627,2012-W21,Dengue Fever,80
628,2012-W21,Dengue Haemorrhagic Fever,0
629,2012-W21,Diphtheria,0
630,2012-W21,Encephalitis,0
631,2012-W21,Haemophilus influenzae type b,0
632,2012-W21,"Hand, Foot Mouth Disease",1458
633,2012-W21,Legionellosis,0
634,2012-W21,Malaria,1
635,2012-W21,Measles,0
636,2012-W21,Melioidosis,0
637,2012-W21,Meningococcal Infection,0
638,2012-W21,Mumps,10
639,2012-W21,Nipah virus infection,0
640,2012-W21,Paratyphoid,0
641,2012-W21,Pertussis,0
642,2012-W21,Plague,0
643,2012-W21,Pneumococcal Disease (invasive),3
644,2012-W21,Poliomyelitis,0
645,2012-W21,Rubella,1
646,2012-W21,Salmonellosis(non-enteric fevers),32
647,2012-W21,SARS,0
648,2012-W21,Typhoid,3
649,2012-W21,Viral Hepatitis A,2
650,2012-W21,Viral Hepatitis E,2
651,2012-W21,Yellow Fever,0
652,2012-W22,Acute Viral hepatitis B,3
653,2012-W22,Acute Viral hepatitis C,0
654,2012-W22,Avian Influenza,0
655,2012-W22,Campylobacterenterosis,7
656,2012-W22,Chikungunya Fever,0
657,2012-W22,Cholera,0
658,2012-W22,Dengue Fever,81
659,2012-W22,Dengue Haemorrhagic Fever,0
660,2012-W22,Diphtheria,0
661,2012-W22,Encephalitis,0
662,2012-W22,Haemophilus influenzae type b,0
663,2012-W22,"Hand, Foot Mouth Disease",1105
664,2012-W22,Legionellosis,1
665,2012-W22,Malaria,2
666,2012-W22,Measles,1
667,2012-W22,Melioidosis,1
668,2012-W22,Meningococcal Infection,0
669,2012-W22,Mumps,5
670,2012-W22,Nipah virus infection,0
671,2012-W22,Paratyphoid,1
672,2012-W22,Pertussis,1
673,2012-W22,Plague,0
674,2012-W22,Pneumococcal Disease (invasive),3
675,2012-W22,Poliomyelitis,0
676,2012-W22,Rubella,1
677,2012-W22,Salmonellosis(non-enteric fevers),30
678,2012-W22,SARS,0
679,2012-W22,Typhoid,1
680,2012-W22,Viral Hepatitis A,3
681,2012-W22,Viral Hepatitis E,2
682,2012-W22,Yellow Fever,0
683,2012-W23,Acute Viral hepatitis B,2
684,2012-W23,Acute Viral hepatitis C,0
685,2012-W23,Avian Influenza,0
686,2012-W23,Campylobacterenterosis,7
687,2012-W23,Chikungunya Fever,0
688,2012-W23,Cholera,0
689,2012-W23,Dengue Fever,99
690,2012-W23,Dengue Haemorrhagic Fever,1
691,2012-W23,Diphtheria,0
692,2012-W23,Encephalitis,0
693,2012-W23,Haemophilus influenzae type b,0
694,2012-W23,"Hand, Foot Mouth Disease",981
695,2012-W23,Legionellosis,0
696,2012-W23,Malaria,3
697,2012-W23,Measles,0
698,2012-W23,Melioidosis,0
699,2012-W23,Meningococcal Infection,0
700,2012-W23,Mumps,9
701,2012-W23,Nipah virus infection,0
702,2012-W23,Paratyphoid,1
703,2012-W23,Pertussis,1
704,2012-W23,Plague,0
705,2012-W23,Pneumococcal Disease (invasive),2
706,2012-W23,Poliomyelitis,0
707,2012-W23,Rubella,1
708,2012-W23,Salmonellosis(non-enteric fevers),37
709,2012-W23,SARS,0
710,2012-W23,Typhoid,2
711,2012-W23,Viral Hepatitis A,2
712,2012-W23,Viral Hepatitis E,0
713,2012-W23,Yellow Fever,0
714,2012-W24,Acute Viral hepatitis B,0
715,2012-W24,Acute Viral hepatitis C,0
716,2012-W24,Avian Influenza,0
717,2012-W24,Campylobacterenterosis,5
718,2012-W24,Chikungunya Fever,0
719,2012-W24,Cholera,0
720,2012-W24,Dengue Fever,87
721,2012-W24,Dengue Haemorrhagic Fever,1
722,2012-W24,Diphtheria,0
723,2012-W24,Encephalitis,0
724,2012-W24,Haemophilus influenzae type b,0
725,2012-W24,"Hand, Foot Mouth Disease",906
726,2012-W24,Legionellosis,2
727,2012-W24,Malaria,3
728,2012-W24,Measles,1
729,2012-W24,Melioidosis,1
730,2012-W24,Meningococcal Infection,0
731,2012-W24,Mumps,11
732,2012-W24,Nipah virus infection,0
733,2012-W24,Paratyphoid,0
734,2012-W24,Pertussis,0
735,2012-W24,Plague,0
736,2012-W24,Pneumococcal Disease (invasive),6
737,2012-W24,Poliomyelitis,0
738,2012-W24,Rubella,1
739,2012-W24,Salmonellosis(non-enteric fevers),27
740,2012-W24,SARS,0
741,2012-W24,Typhoid,2
742,2012-W24,Viral Hepatitis A,2
743,2012-W24,Viral Hepatitis E,3
744,2012-W24,Yellow Fever,0
745,2012-W25,Acute Viral hepatitis B,0
746,2012-W25,Acute Viral hepatitis C,0
747,2012-W25,Avian Influenza,0
748,2012-W25,Campylobacterenterosis,11
749,2012-W25,Chikungunya Fever,0
750,2012-W25,Cholera,0
751,2012-W25,Dengue Fever,128
752,2012-W25,Dengue Haemorrhagic Fever,1
753,2012-W25,Diphtheria,0
754,2012-W25,Encephalitis,1
755,2012-W25,Haemophilus influenzae type b,0
756,2012-W25,"Hand, Foot Mouth Disease",794
757,2012-W25,Legionellosis,1
758,2012-W25,Malaria,5
759,2012-W25,Measles,1
760,2012-W25,Melioidosis,0
761,2012-W25,Meningococcal Infection,0
762,2012-W25,Mumps,7
763,2012-W25,Nipah virus infection,0
764,2012-W25,Paratyphoid,4
765,2012-W25,Pertussis,1
766,2012-W25,Plague,0
767,2012-W25,Pneumococcal Disease (invasive),4
768,2012-W25,Poliomyelitis,0
769,2012-W25,Rubella,0
770,2012-W25,Salmonellosis(non-enteric fevers),32
771,2012-W25,SARS,0
772,2012-W25,Typhoid,2
773,2012-W25,Viral Hepatitis A,2
774,2012-W25,Viral Hepatitis E,0
775,2012-W25,Yellow Fever,0
776,2012-W26,Acute Viral hepatitis B,1
777,2012-W26,Acute Viral hepatitis C,0
778,2012-W26,Avian Influenza,0
779,2012-W26,Campylobacterenterosis,4
780,2012-W26,Chikungunya Fever,0
781,2012-W26,Cholera,0
782,2012-W26,Dengue Fever,151
783,2012-W26,Dengue Haemorrhagic Fever,0
784,2012-W26,Diphtheria,0
785,2012-W26,Encephalitis,0
786,2012-W26,Haemophilus influenzae type b,0
787,2012-W26,"Hand, Foot Mouth Disease",728
788,2012-W26,Legionellosis,0
789,2012-W26,Malaria,7
790,2012-W26,Measles,0
791,2012-W26,Melioidosis,0
792,2012-W26,Meningococcal Infection,0
793,2012-W26,Mumps,11
794,2012-W26,Nipah virus infection,0
795,2012-W26,Paratyphoid,3
796,2012-W26,Pertussis,0
797,2012-W26,Plague,0
798,2012-W26,Pneumococcal Disease (invasive),2
799,2012-W26,Poliomyelitis,0
800,2012-W26,Rubella,2
801,2012-W26,Salmonellosis(non-enteric fevers),23
802,2012-W26,SARS,0
803,2012-W26,Typhoid,1
804,2012-W26,Viral Hepatitis A,0
805,2012-W26,Viral Hepatitis E,2
806,2012-W26,Yellow Fever,0
807,2012-W27,Acute Viral hepatitis B,1
808,2012-W27,Acute Viral hepatitis C,0
809,2012-W27,Avian Influenza,0
810,2012-W27,Campylobacterenterosis,9
811,2012-W27,Chikungunya Fever,0
812,2012-W27,Cholera,0
813,2012-W27,Dengue Fever,140
814,2012-W27,Dengue Haemorrhagic Fever,0
815,2012-W27,Diphtheria,0
816,2012-W27,Encephalitis,0
817,2012-W27,Haemophilus influenzae type b,0
818,2012-W27,"Hand, Foot Mouth Disease",686
819,2012-W27,Legionellosis,0
820,2012-W27,Malaria,4
821,2012-W27,Measles,1
822,2012-W27,Melioidosis,0
823,2012-W27,Meningococcal Infection,0
824,2012-W27,Mumps,8
825,2012-W27,Nipah virus infection,0
826,2012-W27,Paratyphoid,3
827,2012-W27,Pertussis,1
828,2012-W27,Plague,0
829,2012-W27,Pneumococcal Disease (invasive),6
830,2012-W27,Poliomyelitis,0
831,2012-W27,Rubella,1
832,2012-W27,Salmonellosis(non-enteric fevers),27
833,2012-W27,SARS,0
834,2012-W27,Typhoid,3
835,2012-W27,Viral Hepatitis A,3
836,2012-W27,Viral Hepatitis E,4
837,2012-W27,Yellow Fever,0
838,2012-W28,Acute Viral hepatitis B,1
839,2012-W28,Acute Viral hepatitis C,0
840,2012-W28,Avian Influenza,0
841,2012-W28,Campylobacterenterosis,10
842,2012-W28,Chikungunya Fever,0
843,2012-W28,Cholera,1
844,2012-W28,Dengue Fever,131
845,2012-W28,Dengue Haemorrhagic Fever,1
846,2012-W28,Diphtheria,0
847,2012-W28,Encephalitis,0
848,2012-W28,Haemophilus influenzae type b,1
849,2012-W28,"Hand, Foot Mouth Disease",681
850,2012-W28,Legionellosis,0
851,2012-W28,Malaria,6
852,2012-W28,Measles,0
853,2012-W28,Melioidosis,0
854,2012-W28,Meningococcal Infection,0
855,2012-W28,Mumps,12
856,2012-W28,Nipah virus infection,0
857,2012-W28,Paratyphoid,1
858,2012-W28,Pertussis,1
859,2012-W28,Plague,0
860,2012-W28,Pneumococcal Disease (invasive),2
861,2012-W28,Poliomyelitis,0
862,2012-W28,Rubella,5
863,2012-W28,Salmonellosis(non-enteric fevers),17
864,2012-W28,SARS,0
865,2012-W28,Typhoid,0
866,2012-W28,Viral Hepatitis A,2
867,2012-W28,Viral Hepatitis E,5
868,2012-W28,Yellow Fever,0
869,2012-W29,Acute Viral hepatitis B,1
870,2012-W29,Acute Viral hepatitis C,0
871,2012-W29,Avian Influenza,0
872,2012-W29,Campylobacterenterosis,4
873,2012-W29,Chikungunya Fever,0
874,2012-W29,Cholera,0
875,2012-W29,Dengue Fever,124
876,2012-W29,Dengue Haemorrhagic Fever,1
877,2012-W29,Diphtheria,0
878,2012-W29,Encephalitis,0
879,2012-W29,Haemophilus influenzae type b,0
880,2012-W29,"Hand, Foot Mouth Disease",754
881,2012-W29,Legionellosis,1
882,2012-W29,Malaria,9
883,2012-W29,Measles,1
884,2012-W29,Melioidosis,0
885,2012-W29,Meningococcal Infection,0
886,2012-W29,Mumps,9
887,2012-W29,Nipah virus infection,0
888,2012-W29,Paratyphoid,1
889,2012-W29,Pertussis,0
890,2012-W29,Plague,0
891,2012-W29,Pneumococcal Disease (invasive),3
892,2012-W29,Poliomyelitis,0
893,2012-W29,Rubella,0
894,2012-W29,Salmonellosis(non-enteric fevers),25
895,2012-W29,SARS,0
896,2012-W29,Typhoid,2
897,2012-W29,Viral Hepatitis A,4
898,2012-W29,Viral Hepatitis E,4
899,2012-W29,Yellow Fever,0
900,2012-W30,Acute Viral hepatitis B,0
901,2012-W30,Acute Viral hepatitis C,0
902,2012-W30,Avian Influenza,0
903,2012-W30,Campylobacterenterosis,11
904,2012-W30,Chikungunya Fever,0
905,2012-W30,Cholera,0
906,2012-W30,Dengue Fever,110
907,2012-W30,Dengue Haemorrhagic Fever,0
908,2012-W30,Diphtheria,0
909,2012-W30,Encephalitis,0
910,2012-W30,Haemophilus influenzae type b,0
911,2012-W30,"Hand, Foot Mouth Disease",868
912,2012-W30,Legionellosis,2
913,2012-W30,Malaria,2
914,2012-W30,Measles,0
915,2012-W30,Melioidosis,0
916,2012-W30,Meningococcal Infection,0
917,2012-W30,Mumps,7
918,2012-W30,Nipah virus infection,0
919,2012-W30,Paratyphoid,1
920,2012-W30,Pertussis,0
921,2012-W30,Plague,0
922,2012-W30,Pneumococcal Disease (invasive),4
923,2012-W30,Poliomyelitis,0
924,2012-W30,Rubella,1
925,2012-W30,Salmonellosis(non-enteric fevers),28
926,2012-W30,SARS,0
927,2012-W30,Typhoid,0
928,2012-W30,Viral Hepatitis A,2
929,2012-W30,Viral Hepatitis E,0
930,2012-W30,Yellow Fever,0
931,2012-W31,Acute Viral hepatitis B,0
932,2012-W31,Acute Viral hepatitis C,0
933,2012-W31,Avian Influenza,0
934,2012-W31,Campylobacterenterosis,7
935,2012-W31,Chikungunya Fever,0
936,2012-W31,Cholera,0
937,2012-W31,Dengue Fever,94
938,2012-W31,Dengue Haemorrhagic Fever,0
939,2012-W31,Diphtheria,0
940,2012-W31,Encephalitis,0
941,2012-W31,Haemophilus influenzae type b,0
942,2012-W31,"Hand, Foot Mouth Disease",748
943,2012-W31,Legionellosis,1
944,2012-W31,Malaria,5
945,2012-W31,Measles,0
946,2012-W31,Melioidosis,0
947,2012-W31,Meningococcal Infection,0
948,2012-W31,Mumps,11
949,2012-W31,Nipah virus infection,0
950,2012-W31,Paratyphoid,1
951,2012-W31,Pertussis,0
952,2012-W31,Plague,0
953,2012-W31,Pneumococcal Disease (invasive),2
954,2012-W31,Poliomyelitis,0
955,2012-W31,Rubella,0
956,2012-W31,Salmonellosis(non-enteric fevers),39
957,2012-W31,SARS,0
958,2012-W31,Typhoid,0
959,2012-W31,Viral Hepatitis A,4
960,2012-W31,Viral Hepatitis E,1
961,2012-W31,Yellow Fever,0
962,2012-W32,Acute Viral hepatitis B,2
963,2012-W32,Acute Viral hepatitis C,0
964,2012-W32,Avian Influenza,0
965,2012-W32,Campylobacterenterosis,1
966,2012-W32,Chikungunya Fever,0
967,2012-W32,Cholera,0
968,2012-W32,Dengue Fever,127
969,2012-W32,Dengue Haemorrhagic Fever,0
970,2012-W32,Diphtheria,0
971,2012-W32,Encephalitis,0
972,2012-W32,Haemophilus influenzae type b,0
973,2012-W32,"Hand, Foot Mouth Disease",628
974,2012-W32,Legionellosis,2
975,2012-W32,Malaria,4
976,2012-W32,Measles,1
977,2012-W32,Melioidosis,0
978,2012-W32,Meningococcal Infection,0
979,2012-W32,Mumps,11
980,2012-W32,Nipah virus infection,0
981,2012-W32,Paratyphoid,0
982,2012-W32,Pertussis,0
983,2012-W32,Plague,0
984,2012-W32,Pneumococcal Disease (invasive),6
985,2012-W32,Poliomyelitis,0
986,2012-W32,Rubella,1
987,2012-W32,Salmonellosis(non-enteric fevers),28
988,2012-W32,SARS,0
989,2012-W32,Typhoid,1
990,2012-W32,Viral Hepatitis A,3
991,2012-W32,Viral Hepatitis E,0
992,2012-W32,Yellow Fever,0
993,2012-W33,Acute Viral hepatitis B,1
994,2012-W33,Acute Viral hepatitis C,0
995,2012-W33,Avian Influenza,0
996,2012-W33,Campylobacterenterosis,10
997,2012-W33,Chikungunya Fever,0
998,2012-W33,Cholera,0
999,2012-W33,Dengue Fever,115
1000,2012-W33,Dengue Haemorrhagic Fever,0
1001,2012-W33,Diphtheria,0
1002,2012-W33,Encephalitis,0
1003,2012-W33,Haemophilus influenzae type b,0
1004,2012-W33,"Hand, Foot Mouth Disease",573
1005,2012-W33,Legionellosis,0
1006,2012-W33,Malaria,4
1007,2012-W33,Measles,0
1008,2012-W33,Melioidosis,2
1009,2012-W33,Meningococcal Infection,0
1010,2012-W33,Mumps,7
1011,2012-W33,Nipah virus infection,0
1012,2012-W33,Paratyphoid,1
1013,2012-W33,Pertussis,0
1014,2012-W33,Plague,0
1015,2012-W33,Pneumococcal Disease (invasive),4
1016,2012-W33,Poliomyelitis,0
1017,2012-W33,Rubella,2
1018,2012-W33,Salmonellosis(non-enteric fevers),33
1019,2012-W33,SARS,0
1020,2012-W33,Typhoid,3
1021,2012-W33,Viral Hepatitis A,4
1022,2012-W33,Viral Hepatitis E,5
1023,2012-W33,Yellow Fever,0
1024,2012-W34,Acute Viral hepatitis B,1
1025,2012-W34,Acute Viral hepatitis C,0
1026,2012-W34,Avian Influenza,0
1027,2012-W34,Campylobacterenterosis,7
1028,2012-W34,Chikungunya Fever,0
1029,2012-W34,Cholera,0
1030,2012-W34,Dengue Fever,92
1031,2012-W34,Dengue Haemorrhagic Fever,0
1032,2012-W34,Diphtheria,0
1033,2012-W34,Encephalitis,1
1034,2012-W34,Haemophilus influenzae type b,0
1035,2012-W34,"Hand, Foot Mouth Disease",497
1036,2012-W34,Legionellosis,0
1037,2012-W34,Malaria,4
1038,2012-W34,Measles,1
1039,2012-W34,Melioidosis,2
1040,2012-W34,Meningococcal Infection,0
1041,2012-W34,Mumps,15
1042,2012-W34,Nipah virus infection,0
1043,2012-W34,Paratyphoid,2
1044,2012-W34,Pertussis,1
1045,2012-W34,Plague,0
1046,2012-W34,Pneumococcal Disease (invasive),3
1047,2012-W34,Poliomyelitis,0
1048,2012-W34,Rubella,0
1049,2012-W34,Salmonellosis(non-enteric fevers),25
1050,2012-W34,SARS,0
1051,2012-W34,Typhoid,1
1052,2012-W34,Viral Hepatitis A,2
1053,2012-W34,Viral Hepatitis E,1
1054,2012-W34,Yellow Fever,0
1055,2012-W35,Acute Viral hepatitis B,2
1056,2012-W35,Acute Viral hepatitis C,0
1057,2012-W35,Avian Influenza,0
1058,2012-W35,Campylobacterenterosis,11
1059,2012-W35,Chikungunya Fever,0
1060,2012-W35,Cholera,0
1061,2012-W35,Dengue Fever,102
1062,2012-W35,Dengue Haemorrhagic Fever,0
1063,2012-W35,Diphtheria,0
1064,2012-W35,Encephalitis,0
1065,2012-W35,Haemophilus influenzae type b,0
1066,2012-W35,"Hand, Foot Mouth Disease",501
1067,2012-W35,Legionellosis,0
1068,2012-W35,Malaria,1
1069,2012-W35,Measles,1
1070,2012-W35,Melioidosis,0
1071,2012-W35,Meningococcal Infection,0
1072,2012-W35,Mumps,13
1073,2012-W35,Nipah virus infection,0
1074,2012-W35,Paratyphoid,2
1075,2012-W35,Pertussis,0
1076,2012-W35,Plague,0
1077,2012-W35,Pneumococcal Disease (invasive),5
1078,2012-W35,Poliomyelitis,0
1079,2012-W35,Rubella,3
1080,2012-W35,Salmonellosis(non-enteric fevers),42
1081,2012-W35,SARS,0
1082,2012-W35,Typhoid,1
1083,2012-W35,Viral Hepatitis A,3
1084,2012-W35,Viral Hepatitis E,0
1085,2012-W35,Yellow Fever,0
1086,2012-W36,Acute Viral hepatitis B,1
1087,2012-W36,Acute Viral hepatitis C,0
1088,2012-W36,Avian Influenza,0
1089,2012-W36,Campylobacterenterosis,9
1090,2012-W36,Chikungunya Fever,0
1091,2012-W36,Cholera,0
1092,2012-W36,Dengue Fever,75
1093,2012-W36,Dengue Haemorrhagic Fever,1
1094,2012-W36,Diphtheria,0
1095,2012-W36,Encephalitis,0
1096,2012-W36,Haemophilus influenzae type b,0
1097,2012-W36,"Hand, Foot Mouth Disease",540
1098,2012-W36,Legionellosis,0
1099,2012-W36,Malaria,1
1100,2012-W36,Measles,0
1101,2012-W36,Melioidosis,2
1102,2012-W36,Meningococcal Infection,0
1103,2012-W36,Mumps,7
1104,2012-W36,Nipah virus infection,0
1105,2012-W36,Paratyphoid,1
1106,2012-W36,Pertussis,0
1107,2012-W36,Plague,0
1108,2012-W36,Pneumococcal Disease (invasive),0
1109,2012-W36,Poliomyelitis,0
1110,2012-W36,Rubella,0
1111,2012-W36,Salmonellosis(non-enteric fevers),28
1112,2012-W36,SARS,0
1113,2012-W36,Typhoid,0
1114,2012-W36,Viral Hepatitis A,3
1115,2012-W36,Viral Hepatitis E,1
1116,2012-W36,Yellow Fever,0
1117,2012-W37,Acute Viral hepatitis B,1
1118,2012-W37,Acute Viral hepatitis C,0
1119,2012-W37,Avian Influenza,0
1120,2012-W37,Campylobacterenterosis,13
1121,2012-W37,Chikungunya Fever,0
1122,2012-W37,Cholera,0
1123,2012-W37,Dengue Fever,73
1124,2012-W37,Dengue Haemorrhagic Fever,1
1125,2012-W37,Diphtheria,0
1126,2012-W37,Encephalitis,0
1127,2012-W37,Haemophilus influenzae type b,0
1128,2012-W37,"Hand, Foot Mouth Disease",567
1129,2012-W37,Legionellosis,1
1130,2012-W37,Malaria,1
1131,2012-W37,Measles,0
1132,2012-W37,Melioidosis,0
1133,2012-W37,Meningococcal Infection,0
1134,2012-W37,Mumps,10
1135,2012-W37,Nipah virus infection,0
1136,2012-W37,Paratyphoid,0
1137,2012-W37,Pertussis,0
1138,2012-W37,Plague,0
1139,2012-W37,Pneumococcal Disease (invasive),3
1140,2012-W37,Poliomyelitis,0
1141,2012-W37,Rubella,0
1142,2012-W37,Salmonellosis(non-enteric fevers),38
1143,2012-W37,SARS,0
1144,2012-W37,Typhoid,2
1145,2012-W37,Viral Hepatitis A,3
1146,2012-W37,Viral Hepatitis E,7
1147,2012-W37,Yellow Fever,0
1148,2012-W38,Acute Viral hepatitis B,4
1149,2012-W38,Acute Viral hepatitis C,0
1150,2012-W38,Avian Influenza,0
1151,2012-W38,Campylobacterenterosis,15
1152,2012-W38,Chikungunya Fever,0
1153,2012-W38,Cholera,0
1154,2012-W38,Dengue Fever,72
1155,2012-W38,Dengue Haemorrhagic Fever,0
1156,2012-W38,Diphtheria,0
1157,2012-W38,Encephalitis,2
1158,2012-W38,Haemophilus influenzae type b,0
1159,2012-W38,"Hand, Foot Mouth Disease",582
1160,2012-W38,Legionellosis,2
1161,2012-W38,Malaria,5
1162,2012-W38,Measles,1
1163,2012-W38,Melioidosis,1
1164,2012-W38,Meningococcal Infection,0
1165,2012-W38,Mumps,9
1166,2012-W38,Nipah virus infection,0
1167,2012-W38,Paratyphoid,0
1168,2012-W38,Pertussis,0
1169,2012-W38,Plague,0
1170,2012-W38,Pneumococcal Disease (invasive),4
1171,2012-W38,Poliomyelitis,0
1172,2012-W38,Rubella,0
1173,2012-W38,Salmonellosis(non-enteric fevers),37
1174,2012-W38,SARS,0
1175,2012-W38,Typhoid,1
1176,2012-W38,Viral Hepatitis A,5
1177,2012-W38,Viral Hepatitis E,2
1178,2012-W38,Yellow Fever,0
1179,2012-W39,Acute Viral hepatitis B,1
1180,2012-W39,Acute Viral hepatitis C,0
1181,2012-W39,Avian Influenza,0
1182,2012-W39,Campylobacterenterosis,10
1183,2012-W39,Chikungunya Fever,0
1184,2012-W39,Cholera,0
1185,2012-W39,Dengue Fever,99
1186,2012-W39,Dengue Haemorrhagic Fever,1
1187,2012-W39,Diphtheria,0
1188,2012-W39,Encephalitis,2
1189,2012-W39,Haemophilus influenzae type b,0
1190,2012-W39,"Hand, Foot Mouth Disease",482
1191,2012-W39,Legionellosis,0
1192,2012-W39,Malaria,4
1193,2012-W39,Measles,2
1194,2012-W39,Melioidosis,1
1195,2012-W39,Meningococcal Infection,0
1196,2012-W39,Mumps,7
1197,2012-W39,Nipah virus infection,0
1198,2012-W39,Paratyphoid,1
1199,2012-W39,Pertussis,0
1200,2012-W39,Plague,0
1201,2012-W39,Pneumococcal Disease (invasive),3
1202,2012-W39,Poliomyelitis,0
1203,2012-W39,Rubella,1
1204,2012-W39,Salmonellosis(non-enteric fevers),35
1205,2012-W39,SARS,0
1206,2012-W39,Typhoid,0
1207,2012-W39,Viral Hepatitis A,4
1208,2012-W39,Viral Hepatitis E,2
1209,2012-W39,Yellow Fever,0
1210,2012-W40,Acute Viral hepatitis B,0
1211,2012-W40,Acute Viral hepatitis C,1
1212,2012-W40,Avian Influenza,0
1213,2012-W40,Campylobacterenterosis,14
1214,2012-W40,Chikungunya Fever,1
1215,2012-W40,Cholera,0
1216,2012-W40,Dengue Fever,103
1217,2012-W40,Dengue Haemorrhagic Fever,1
1218,2012-W40,Diphtheria,0
1219,2012-W40,Encephalitis,2
1220,2012-W40,Haemophilus influenzae type b,0
1221,2012-W40,"Hand, Foot Mouth Disease",437
1222,2012-W40,Legionellosis,0
1223,2012-W40,Malaria,3
1224,2012-W40,Measles,0
1225,2012-W40,Melioidosis,2
1226,2012-W40,Meningococcal Infection,0
1227,2012-W40,Mumps,10
1228,2012-W40,Nipah virus infection,0
1229,2012-W40,Paratyphoid,0
1230,2012-W40,Pertussis,0
1231,2012-W40,Plague,0
1232,2012-W40,Pneumococcal Disease (invasive),4
1233,2012-W40,Poliomyelitis,0
1234,2012-W40,Rubella,0
1235,2012-W40,Salmonellosis(non-enteric fevers),31
1236,2012-W40,SARS,0
1237,2012-W40,Typhoid,2
1238,2012-W40,Viral Hepatitis A,1
1239,2012-W40,Viral Hepatitis E,2
1240,2012-W40,Yellow Fever,0
1241,2012-W41,Acute Viral hepatitis B,2
1242,2012-W41,Acute Viral hepatitis C,0
1243,2012-W41,Avian Influenza,0
1244,2012-W41,Campylobacterenterosis,12
1245,2012-W41,Chikungunya Fever,1
1246,2012-W41,Cholera,0
1247,2012-W41,Dengue Fever,122
1248,2012-W41,Dengue Haemorrhagic Fever,1
1249,2012-W41,Diphtheria,0
1250,2012-W41,Encephalitis,1
1251,2012-W41,Haemophilus influenzae type b,0
1252,2012-W41,"Hand, Foot Mouth Disease",376
1253,2012-W41,Legionellosis,0
1254,2012-W41,Malaria,3
1255,2012-W41,Measles,0
1256,2012-W41,Melioidosis,0
1257,2012-W41,Meningococcal Infection,0
1258,2012-W41,Mumps,7
1259,2012-W41,Nipah virus infection,0
1260,2012-W41,Paratyphoid,0
1261,2012-W41,Pertussis,0
1262,2012-W41,Plague,0
1263,2012-W41,Pneumococcal Disease (invasive),2
1264,2012-W41,Poliomyelitis,0
1265,2012-W41,Rubella,0
1266,2012-W41,Salmonellosis(non-enteric fevers),23
1267,2012-W41,SARS,0
1268,2012-W41,Typhoid,1
1269,2012-W41,Viral Hepatitis A,4
1270,2012-W41,Viral Hepatitis E,2
1271,2012-W41,Yellow Fever,0
1272,2012-W42,Acute Viral hepatitis B,3
1273,2012-W42,Acute Viral hepatitis C,0
1274,2012-W42,Avian Influenza,0
1275,2012-W42,Campylobacterenterosis,10
1276,2012-W42,Chikungunya Fever,2
1277,2012-W42,Cholera,0
1278,2012-W42,Dengue Fever,105
1279,2012-W42,Dengue Haemorrhagic Fever,0
1280,2012-W42,Diphtheria,0
1281,2012-W42,Encephalitis,0
1282,2012-W42,Haemophilus influenzae type b,0
1283,2012-W42,"Hand, Foot Mouth Disease",341
1284,2012-W42,Legionellosis,0
1285,2012-W42,Malaria,5
1286,2012-W42,Measles,0
1287,2012-W42,Melioidosis,1
1288,2012-W42,Meningococcal Infection,0
1289,2012-W42,Mumps,5
1290,2012-W42,Nipah virus infection,0
1291,2012-W42,Paratyphoid,1
1292,2012-W42,Pertussis,0
1293,2012-W42,Plague,0
1294,2012-W42,Pneumococcal Disease (invasive),2
1295,2012-W42,Poliomyelitis,0
1296,2012-W42,Rubella,1
1297,2012-W42,Salmonellosis(non-enteric fevers),24
1298,2012-W42,SARS,0
1299,2012-W42,Typhoid,1
1300,2012-W42,Viral Hepatitis A,1
1301,2012-W42,Viral Hepatitis E,1
1302,2012-W42,Yellow Fever,0
1303,2012-W43,Acute Viral hepatitis B,1
1304,2012-W43,Acute Viral hepatitis C,0
1305,2012-W43,Avian Influenza,0
1306,2012-W43,Campylobacterenterosis,12
1307,2012-W43,Chikungunya Fever,1
1308,2012-W43,Cholera,0
1309,2012-W43,Dengue Fever,84
1310,2012-W43,Dengue Haemorrhagic Fever,0
1311,2012-W43,Diphtheria,0
1312,2012-W43,Encephalitis,1
1313,2012-W43,Haemophilus influenzae type b,0
1314,2012-W43,"Hand, Foot Mouth Disease",325
1315,2012-W43,Legionellosis,0
1316,2012-W43,Malaria,5
1317,2012-W43,Measles,0
1318,2012-W43,Melioidosis,2
1319,2012-W43,Meningococcal Infection,0
1320,2012-W43,Mumps,7
1321,2012-W43,Nipah virus infection,0
1322,2012-W43,Paratyphoid,0
1323,2012-W43,Pertussis,0
1324,2012-W43,Plague,0
1325,2012-W43,Pneumococcal Disease (invasive),2
1326,2012-W43,Poliomyelitis,0
1327,2012-W43,Rubella,2
1328,2012-W43,Salmonellosis(non-enteric fevers),26
1329,2012-W43,SARS,0
1330,2012-W43,Typhoid,1
1331,2012-W43,Viral Hepatitis A,3
1332,2012-W43,Viral Hepatitis E,1
1333,2012-W43,Yellow Fever,0
1334,2012-W44,Acute Viral hepatitis B,1
1335,2012-W44,Acute Viral hepatitis C,0
1336,2012-W44,Avian Influenza,0
1337,2012-W44,Campylobacterenterosis,13
1338,2012-W44,Chikungunya Fever,1
1339,2012-W44,Cholera,0
1340,2012-W44,Dengue Fever,104
1341,2012-W44,Dengue Haemorrhagic Fever,0
1342,2012-W44,Diphtheria,0
1343,2012-W44,Encephalitis,1
1344,2012-W44,Haemophilus influenzae type b,0
1345,2012-W44,"Hand, Foot Mouth Disease",265
1346,2012-W44,Legionellosis,0
1347,2012-W44,Malaria,1
1348,2012-W44,Measles,2
1349,2012-W44,Melioidosis,0
1350,2012-W44,Meningococcal Infection,0
1351,2012-W44,Mumps,11
1352,2012-W44,Nipah virus infection,0
1353,2012-W44,Paratyphoid,0
1354,2012-W44,Pertussis,0
1355,2012-W44,Plague,0
1356,2012-W44,Pneumococcal Disease (invasive),7
1357,2012-W44,Poliomyelitis,0
1358,2012-W44,Rubella,2
1359,2012-W44,Salmonellosis(non-enteric fevers),27
1360,2012-W44,SARS,0
1361,2012-W44,Typhoid,0
1362,2012-W44,Viral Hepatitis A,2
1363,2012-W44,Viral Hepatitis E,1
1364,2012-W44,Yellow Fever,0
1365,2012-W45,Acute Viral hepatitis B,0
1366,2012-W45,Acute Viral hepatitis C,0
1367,2012-W45,Avian Influenza,0
1368,2012-W45,Campylobacterenterosis,10
1369,2012-W45,Chikungunya Fever,0
1370,2012-W45,Cholera,0
1371,2012-W45,Dengue Fever,99
1372,2012-W45,Dengue Haemorrhagic Fever,1
1373,2012-W45,Diphtheria,0
1374,2012-W45,Encephalitis,0
1375,2012-W45,Haemophilus influenzae type b,0
1376,2012-W45,"Hand, Foot Mouth Disease",237
1377,2012-W45,Legionellosis,0
1378,2012-W45,Malaria,1
1379,2012-W45,Measles,3
1380,2012-W45,Melioidosis,0
1381,2012-W45,Meningococcal Infection,0
1382,2012-W45,Mumps,11
1383,2012-W45,Nipah virus infection,0
1384,2012-W45,Paratyphoid,0
1385,2012-W45,Pertussis,0
1386,2012-W45,Plague,0
1387,2012-W45,Pneumococcal Disease (invasive),3
1388,2012-W45,Poliomyelitis,0
1389,2012-W45,Rubella,2
1390,2012-W45,Salmonellosis(non-enteric fevers),33
1391,2012-W45,SARS,0
1392,2012-W45,Typhoid,3
1393,2012-W45,Viral Hepatitis A,3
1394,2012-W45,Viral Hepatitis E,3
1395,2012-W45,Yellow Fever,0
1396,2012-W46,Acute Viral hepatitis B,0
1397,2012-W46,Acute Viral hepatitis C,0
1398,2012-W46,Avian Influenza,0
1399,2012-W46,Campylobacterenterosis,5
1400,2012-W46,Chikungunya Fever,1
1401,2012-W46,Cholera,0
1402,2012-W46,Dengue Fever,87
1403,2012-W46,Dengue Haemorrhagic Fever,1
1404,2012-W46,Diphtheria,0
1405,2012-W46,Encephalitis,1
1406,2012-W46,Haemophilus influenzae type b,0
1407,2012-W46,"Hand, Foot Mouth Disease",238
1408,2012-W46,Legionellosis,0
1409,2012-W46,Malaria,1
1410,2012-W46,Measles,1
1411,2012-W46,Melioidosis,0
1412,2012-W46,Meningococcal Infection,0
1413,2012-W46,Mumps,5
1414,2012-W46,Nipah virus infection,0
1415,2012-W46,Paratyphoid,0
1416,2012-W46,Pertussis,1
1417,2012-W46,Plague,0
1418,2012-W46,Pneumococcal Disease (invasive),1
1419,2012-W46,Poliomyelitis,0
1420,2012-W46,Rubella,1
1421,2012-W46,Salmonellosis(non-enteric fevers),32
1422,2012-W46,SARS,0
1423,2012-W46,Typhoid,0
1424,2012-W46,Viral Hepatitis A,2
1425,2012-W46,Viral Hepatitis E,1
1426,2012-W46,Yellow Fever,0
1427,2012-W47,Acute Viral hepatitis B,1
1428,2012-W47,Acute Viral hepatitis C,0
1429,2012-W47,Avian Influenza,0
1430,2012-W47,Campylobacterenterosis,8
1431,2012-W47,Chikungunya Fever,0
1432,2012-W47,Cholera,0
1433,2012-W47,Dengue Fever,99
1434,2012-W47,Dengue Haemorrhagic Fever,1
1435,2012-W47,Diphtheria,0
1436,2012-W47,Encephalitis,1
1437,2012-W47,Haemophilus influenzae type b,0
1438,2012-W47,"Hand, Foot Mouth Disease",283
1439,2012-W47,Legionellosis,5
1440,2012-W47,Malaria,1
1441,2012-W47,Measles,1
1442,2012-W47,Melioidosis,2
1443,2012-W47,Meningococcal Infection,0
1444,2012-W47,Mumps,6
1445,2012-W47,Nipah virus infection,0
1446,2012-W47,Paratyphoid,0
1447,2012-W47,Pertussis,0
1448,2012-W47,Plague,0
1449,2012-W47,Pneumococcal Disease (invasive),3
1450,2012-W47,Poliomyelitis,0
1451,2012-W47,Rubella,0
1452,2012-W47,Salmonellosis(non-enteric fevers),24
1453,2012-W47,SARS,0
1454,2012-W47,Typhoid,0
1455,2012-W47,Viral Hepatitis A,2
1456,2012-W47,Viral Hepatitis E,2
1457,2012-W47,Yellow Fever,0
1458,2012-W48,Acute Viral hepatitis B,5
1459,2012-W48,Acute Viral hepatitis C,0
1460,2012-W48,Avian Influenza,0
1461,2012-W48,Campylobacterenterosis,9
1462,2012-W48,Chikungunya Fever,0
1463,2012-W48,Cholera,0
1464,2012-W48,Dengue Fever,80
1465,2012-W48,Dengue Haemorrhagic Fever,0
1466,2012-W48,Diphtheria,0
1467,2012-W48,Encephalitis,0
1468,2012-W48,Haemophilus influenzae type b,0
1469,2012-W48,"Hand, Foot Mouth Disease",219
1470,2012-W48,Legionellosis,1
1471,2012-W48,Malaria,3
1472,2012-W48,Measles,0
1473,2012-W48,Melioidosis,0
1474,2012-W48,Meningococcal Infection,0
1475,2012-W48,Mumps,13
1476,2012-W48,Nipah virus infection,0
1477,2012-W48,Paratyphoid,0
1478,2012-W48,Pertussis,0
1479,2012-W48,Plague,0
1480,2012-W48,Pneumococcal Disease (invasive),6
1481,2012-W48,Poliomyelitis,0
1482,2012-W48,Rubella,1
1483,2012-W48,Salmonellosis(non-enteric fevers),35
1484,2012-W48,SARS,0
1485,2012-W48,Typhoid,2
1486,2012-W48,Viral Hepatitis A,5
1487,2012-W48,Viral Hepatitis E,5
1488,2012-W48,Yellow Fever,0
1489,2012-W49,Acute Viral hepatitis B,1
1490,2012-W49,Acute Viral hepatitis C,0
1491,2012-W49,Avian Influenza,0
1492,2012-W49,Campylobacterenterosis,9
1493,2012-W49,Chikungunya Fever,3
1494,2012-W49,Cholera,0
1495,2012-W49,Dengue Fever,78
1496,2012-W49,Dengue Haemorrhagic Fever,0
1497,2012-W49,Diphtheria,0
1498,2012-W49,Encephalitis,0
1499,2012-W49,Haemophilus influenzae type b,0
1500,2012-W49,"Hand, Foot Mouth Disease",217
1501,2012-W49,Legionellosis,0
1502,2012-W49,Malaria,3
1503,2012-W49,Measles,0
1504,2012-W49,Melioidosis,0
1505,2012-W49,Meningococcal Infection,0
1506,2012-W49,Mumps,7
1507,2012-W49,Nipah virus infection,0
1508,2012-W49,Paratyphoid,1
1509,2012-W49,Pertussis,0
1510,2012-W49,Plague,0
1511,2012-W49,Pneumococcal Disease (invasive),2
1512,2012-W49,Poliomyelitis,0
1513,2012-W49,Rubella,2
1514,2012-W49,Salmonellosis(non-enteric fevers),35
1515,2012-W49,SARS,0
1516,2012-W49,Typhoid,2
1517,2012-W49,Viral Hepatitis A,0
1518,2012-W49,Viral Hepatitis E,0
1519,2012-W49,Yellow Fever,0
1520,2012-W50,Acute Viral hepatitis B,2
1521,2012-W50,Acute Viral hepatitis C,0
1522,2012-W50,Avian Influenza,0
1523,2012-W50,Campylobacterenterosis,11
1524,2012-W50,Chikungunya Fever,0
1525,2012-W50,Cholera,0
1526,2012-W50,Dengue Fever,104
1527,2012-W50,Dengue Haemorrhagic Fever,1
1528,2012-W50,Diphtheria,0
1529,2012-W50,Encephalitis,0
1530,2012-W50,Haemophilus influenzae type b,0
1531,2012-W50,"Hand, Foot Mouth Disease",198
1532,2012-W50,Legionellosis,0
1533,2012-W50,Malaria,2
1534,2012-W50,Measles,0
1535,2012-W50,Melioidosis,1
1536,2012-W50,Meningococcal Infection,0
1537,2012-W50,Mumps,7
1538,2012-W50,Nipah virus infection,0
1539,2012-W50,Paratyphoid,1
1540,2012-W50,Pertussis,0
1541,2012-W50,Plague,0
1542,2012-W50,Pneumococcal Disease (invasive),3
1543,2012-W50,Poliomyelitis,0
1544,2012-W50,Rubella,0
1545,2012-W50,Salmonellosis(non-enteric fevers),23
1546,2012-W50,SARS,0
1547,2012-W50,Typhoid,2
1548,2012-W50,Viral Hepatitis A,1
1549,2012-W50,Viral Hepatitis E,1
1550,2012-W50,Yellow Fever,0
1551,2012-W51,Acute Viral hepatitis B,2
1552,2012-W51,Acute Viral hepatitis C,0
1553,2012-W51,Avian Influenza,0
1554,2012-W51,Campylobacterenterosis,9
1555,2012-W51,Chikungunya Fever,3
1556,2012-W51,Cholera,0
1557,2012-W51,Dengue Fever,92
1558,2012-W51,Dengue Haemorrhagic Fever,2
1559,2012-W51,Diphtheria,0
1560,2012-W51,Encephalitis,3
1561,2012-W51,Haemophilus influenzae type b,0
1562,2012-W51,"Hand, Foot Mouth Disease",185
1563,2012-W51,Legionellosis,1
1564,2012-W51,Malaria,0
1565,2012-W51,Measles,0
1566,2012-W51,Melioidosis,0
1567,2012-W51,Meningococcal Infection,0
1568,2012-W51,Mumps,2
1569,2012-W51,Nipah virus infection,0
1570,2012-W51,Paratyphoid,0
1571,2012-W51,Pertussis,0
1572,2012-W51,Plague,0
1573,2012-W51,Pneumococcal Disease (invasive),3
1574,2012-W51,Poliomyelitis,0
1575,2012-W51,Rubella,0
1576,2012-W51,Salmonellosis(non-enteric fevers),34
1577,2012-W51,SARS,0
1578,2012-W51,Typhoid,3
1579,2012-W51,Viral Hepatitis A,1
1580,2012-W51,Viral Hepatitis E,3
1581,2012-W51,Yellow Fever,0
1582,2012-W52,Acute Viral hepatitis B,2
1583,2012-W52,Acute Viral hepatitis C,0
1584,2012-W52,Avian Influenza,0
1585,2012-W52,Campylobacterenterosis,3
1586,2012-W52,Chikungunya Fever,0
1587,2012-W52,Cholera,0
1588,2012-W52,Dengue Fever,111
1589,2012-W52,Dengue Haemorrhagic Fever,1
1590,2012-W52,Diphtheria,0
1591,2012-W52,Encephalitis,0
1592,2012-W52,Haemophilus influenzae type b,0
1593,2012-W52,"Hand, Foot Mouth Disease",154
1594,2012-W52,Legionellosis,0
1595,2012-W52,Malaria,5
1596,2012-W52,Measles,0
1597,2012-W52,Melioidosis,0
1598,2012-W52,Meningococcal Infection,0
1599,2012-W52,Mumps,3
1600,2012-W52,Nipah virus infection,0
1601,2012-W52,Paratyphoid,0
1602,2012-W52,Pertussis,0
1603,2012-W52,Plague,0
1604,2012-W52,Pneumococcal Disease (invasive),1
1605,2012-W52,Poliomyelitis,0
1606,2012-W52,Rubella,0
1607,2012-W52,Salmonellosis(non-enteric fevers),26
1608,2012-W52,SARS,0
1609,2012-W52,Typhoid,0
1610,2012-W52,Viral Hepatitis A,5
1611,2012-W52,Viral Hepatitis E,1
1612,2012-W52,Yellow Fever,0
1613,2013-W01,Acute Viral hepatitis B,0
1614,2013-W01,Acute Viral hepatitis C,0
1615,2013-W01,Avian Influenza,0
1616,2013-W01,Campylobacterenterosis,13
1617,2013-W01,Chikungunya Fever,0
1618,2013-W01,Cholera,0
1619,2013-W01,Dengue Fever,132
1620,2013-W01,Dengue Haemorrhagic Fever,2
1621,2013-W01,Diphtheria,0
1622,2013-W01,Encephalitis,1
1623,2013-W01,Haemophilus influenzae type b,0
1624,2013-W01,"Hand, Foot Mouth Disease",148
1625,2013-W01,Legionellosis,0
1626,2013-W01,Malaria,1
1627,2013-W01,Measles,0
1628,2013-W01,Melioidosis,4
1629,2013-W01,Meningococcal Infection,0
1630,2013-W01,Mumps,10
1631,2013-W01,Nipah virus infection,0
1632,2013-W01,Paratyphoid,0
1633,2013-W01,Pertussis,1
1634,2013-W01,Plague,0
1635,2013-W01,Pneumococcal Disease (invasive),7
1636,2013-W01,Poliomyelitis,0
1637,2013-W01,Rubella,0
1638,2013-W01,Salmonellosis(non-enteric fevers),26
1639,2013-W01,SARS,0
1640,2013-W01,Typhoid,1
1641,2013-W01,Viral Hepatitis A,4
1642,2013-W01,Viral Hepatitis E,3
1643,2013-W01,Yellow Fever,0
1644,2013-W02,Acute Viral hepatitis B,0
1645,2013-W02,Acute Viral hepatitis C,0
1646,2013-W02,Avian Influenza,0
1647,2013-W02,Campylobacterenterosis,15
1648,2013-W02,Chikungunya Fever,1
1649,2013-W02,Cholera,0
1650,2013-W02,Dengue Fever,204
1651,2013-W02,Dengue Haemorrhagic Fever,1
1652,2013-W02,Diphtheria,0
1653,2013-W02,Encephalitis,2
1654,2013-W02,Haemophilus influenzae type b,0
1655,2013-W02,"Hand, Foot Mouth Disease",191
1656,2013-W02,Legionellosis,1
1657,2013-W02,Malaria,1
1658,2013-W02,Measles,1
1659,2013-W02,Melioidosis,0
1660,2013-W02,Meningococcal Infection,0
1661,2013-W02,Mumps,13
1662,2013-W02,Nipah virus infection,0
1663,2013-W02,Paratyphoid,1
1664,2013-W02,Pertussis,0
1665,2013-W02,Plague,0
1666,2013-W02,Pneumococcal Disease (invasive),2
1667,2013-W02,Poliomyelitis,0
1668,2013-W02,Rubella,1
1669,2013-W02,Salmonellosis(non-enteric fevers),26
1670,2013-W02,SARS,0
1671,2013-W02,Typhoid,3
1672,2013-W02,Viral Hepatitis A,1
1673,2013-W02,Viral Hepatitis E,3
1674,2013-W02,Yellow Fever,0
1675,2013-W03,Acute Viral hepatitis B,1
1676,2013-W03,Acute Viral hepatitis C,0
1677,2013-W03,Avian Influenza,0
1678,2013-W03,Campylobacterenterosis,5
1679,2013-W03,Chikungunya Fever,1
1680,2013-W03,Cholera,0
1681,2013-W03,Dengue Fever,219
1682,2013-W03,Dengue Haemorrhagic Fever,0
1683,2013-W03,Diphtheria,0
1684,2013-W03,Encephalitis,1
1685,2013-W03,Haemophilus influenzae type b,0
1686,2013-W03,"Hand, Foot Mouth Disease",171
1687,2013-W03,Legionellosis,0
1688,2013-W03,Malaria,1
1689,2013-W03,Measles,0
1690,2013-W03,Melioidosis,2
1691,2013-W03,Meningococcal Infection,0
1692,2013-W03,Mumps,14
1693,2013-W03,Nipah virus infection,0
1694,2013-W03,Paratyphoid,2
1695,2013-W03,Pertussis,1
1696,2013-W03,Plague,0
1697,2013-W03,Pneumococcal Disease (invasive),4
1698,2013-W03,Poliomyelitis,0
1699,2013-W03,Rubella,1
1700,2013-W03,Salmonellosis(non-enteric fevers),26
1701,2013-W03,SARS,0
1702,2013-W03,Typhoid,4
1703,2013-W03,Viral Hepatitis A,2
1704,2013-W03,Viral Hepatitis E,0
1705,2013-W03,Yellow Fever,0
1706,2013-W04,Acute Viral hepatitis B,1
1707,2013-W04,Acute Viral hepatitis C,0
1708,2013-W04,Avian Influenza,0
1709,2013-W04,Campylobacterenterosis,5
1710,2013-W04,Chikungunya Fever,1
1711,2013-W04,Cholera,0
1712,2013-W04,Dengue Fever,264
1713,2013-W04,Dengue Haemorrhagic Fever,3
1714,2013-W04,Diphtheria,0
1715,2013-W04,Encephalitis,1
1716,2013-W04,Haemophilus influenzae type b,0
1717,2013-W04,"Hand, Foot Mouth Disease",172
1718,2013-W04,Legionellosis,2
1719,2013-W04,Malaria,0
1720,2013-W04,Measles,0
1721,2013-W04,Melioidosis,1
1722,2013-W04,Meningococcal Infection,0
1723,2013-W04,Mumps,13
1724,2013-W04,Nipah virus infection,0
1725,2013-W04,Paratyphoid,3
1726,2013-W04,Pertussis,2
1727,2013-W04,Plague,0
1728,2013-W04,Pneumococcal Disease (invasive),1
1729,2013-W04,Poliomyelitis,0
1730,2013-W04,Rubella,2
1731,2013-W04,Salmonellosis(non-enteric fevers),32
1732,2013-W04,SARS,0
1733,2013-W04,Typhoid,4
1734,2013-W04,Viral Hepatitis A,0
1735,2013-W04,Viral Hepatitis E,1
1736,2013-W04,Yellow Fever,0
1737,2013-W05,Acute Viral hepatitis B,1
1738,2013-W05,Acute Viral hepatitis C,0
1739,2013-W05,Avian Influenza,0
1740,2013-W05,Campylobacterenterosis,7
1741,2013-W05,Chikungunya Fever,0
1742,2013-W05,Cholera,0
1743,2013-W05,Dengue Fever,292
1744,2013-W05,Dengue Haemorrhagic Fever,1
1745,2013-W05,Diphtheria,0
1746,2013-W05,Encephalitis,1
1747,2013-W05,Haemophilus influenzae type b,0
1748,2013-W05,"Hand, Foot Mouth Disease",185
1749,2013-W05,Legionellosis,0
1750,2013-W05,Malaria,0
1751,2013-W05,Measles,0
1752,2013-W05,Melioidosis,0
1753,2013-W05,Meningococcal Infection,0
1754,2013-W05,Mumps,11
1755,2013-W05,Nipah virus infection,0
1756,2013-W05,Paratyphoid,1
1757,2013-W05,Pertussis,0
1758,2013-W05,Plague,0
1759,2013-W05,Pneumococcal Disease (invasive),5
1760,2013-W05,Poliomyelitis,0
1761,2013-W05,Rubella,1
1762,2013-W05,Salmonellosis(non-enteric fevers),30
1763,2013-W05,SARS,0
1764,2013-W05,Typhoid,1
1765,2013-W05,Viral Hepatitis A,2
1766,2013-W05,Viral Hepatitis E,1
1767,2013-W05,Yellow Fever,0
1768,2013-W06,Acute Viral hepatitis B,1
1769,2013-W06,Acute Viral hepatitis C,0
1770,2013-W06,Avian Influenza,0
1771,2013-W06,Campylobacterenterosis,9
1772,2013-W06,Chikungunya Fever,2
1773,2013-W06,Cholera,0
1774,2013-W06,Dengue Fever,322
1775,2013-W06,Dengue Haemorrhagic Fever,0
1776,2013-W06,Diphtheria,0
1777,2013-W06,Encephalitis,1
1778,2013-W06,Haemophilus influenzae type b,0
1779,2013-W06,"Hand, Foot Mouth Disease",164
1780,2013-W06,Legionellosis,0
1781,2013-W06,Malaria,2
1782,2013-W06,Measles,0
1783,2013-W06,Melioidosis,1
1784,2013-W06,Meningococcal Infection,1
1785,2013-W06,Mumps,9
1786,2013-W06,Nipah virus infection,0
1787,2013-W06,Paratyphoid,0
1788,2013-W06,Pertussis,0
1789,2013-W06,Plague,0
1790,2013-W06,Pneumococcal Disease (invasive),2
1791,2013-W06,Poliomyelitis,0
1792,2013-W06,Rubella,1
1793,2013-W06,Salmonellosis(non-enteric fevers),28
1794,2013-W06,SARS,0
1795,2013-W06,Typhoid,2
1796,2013-W06,Viral Hepatitis A,6
1797,2013-W06,Viral Hepatitis E,1
1798,2013-W06,Yellow Fever,0
1799,2013-W07,Acute Viral hepatitis B,0
1800,2013-W07,Acute Viral hepatitis C,0
1801,2013-W07,Avian Influenza,0
1802,2013-W07,Campylobacterenterosis,5
1803,2013-W07,Chikungunya Fever,0
1804,2013-W07,Cholera,0
1805,2013-W07,Dengue Fever,246
1806,2013-W07,Dengue Haemorrhagic Fever,1
1807,2013-W07,Diphtheria,0
1808,2013-W07,Encephalitis,1
1809,2013-W07,Haemophilus influenzae type b,0
1810,2013-W07,"Hand, Foot Mouth Disease",181
1811,2013-W07,Legionellosis,0
1812,2013-W07,Malaria,0
1813,2013-W07,Measles,0
1814,2013-W07,Melioidosis,1
1815,2013-W07,Meningococcal Infection,0
1816,2013-W07,Mumps,3
1817,2013-W07,Nipah virus infection,0
1818,2013-W07,Paratyphoid,1
1819,2013-W07,Pertussis,0
1820,2013-W07,Plague,0
1821,2013-W07,Pneumococcal Disease (invasive),3
1822,2013-W07,Poliomyelitis,0
1823,2013-W07,Rubella,2
1824,2013-W07,Salmonellosis(non-enteric fevers),20
1825,2013-W07,SARS,0
1826,2013-W07,Typhoid,2
1827,2013-W07,Viral Hepatitis A,1
1828,2013-W07,Viral Hepatitis E,1
1829,2013-W07,Yellow Fever,0
1830,2013-W08,Acute Viral hepatitis B,1
1831,2013-W08,Acute Viral hepatitis C,0
1832,2013-W08,Avian Influenza,0
1833,2013-W08,Campylobacterenterosis,13
1834,2013-W08,Chikungunya Fever,0
1835,2013-W08,Cholera,0
1836,2013-W08,Dengue Fever,294
1837,2013-W08,Dengue Haemorrhagic Fever,2
1838,2013-W08,Diphtheria,0
1839,2013-W08,Encephalitis,2
1840,2013-W08,Haemophilus influenzae type b,0
1841,2013-W08,"Hand, Foot Mouth Disease",265
1842,2013-W08,Legionellosis,0
1843,2013-W08,Malaria,1
1844,2013-W08,Measles,0
1845,2013-W08,Melioidosis,1
1846,2013-W08,Meningococcal Infection,0
1847,2013-W08,Mumps,8
1848,2013-W08,Nipah virus infection,0
1849,2013-W08,Paratyphoid,0
1850,2013-W08,Pertussis,0
1851,2013-W08,Plague,0
1852,2013-W08,Pneumococcal Disease (invasive),4
1853,2013-W08,Poliomyelitis,0
1854,2013-W08,Rubella,1
1855,2013-W08,Salmonellosis(non-enteric fevers),26
1856,2013-W08,SARS,0
1857,2013-W08,Typhoid,1
1858,2013-W08,Viral Hepatitis A,1
1859,2013-W08,Viral Hepatitis E,2
1860,2013-W08,Yellow Fever,0
1861,2013-W09,Acute Viral hepatitis B,0
1862,2013-W09,Acute Viral hepatitis C,0
1863,2013-W09,Avian Influenza,0
1864,2013-W09,Campylobacterenterosis,8
1865,2013-W09,Chikungunya Fever,2
1866,2013-W09,Cholera,0
1867,2013-W09,Dengue Fever,247
1868,2013-W09,Dengue Haemorrhagic Fever,2
1869,2013-W09,Diphtheria,0
1870,2013-W09,Encephalitis,1
1871,2013-W09,Haemophilus influenzae type b,0
1872,2013-W09,"Hand, Foot Mouth Disease",388
1873,2013-W09,Legionellosis,1
1874,2013-W09,Malaria,0
1875,2013-W09,Measles,0
1876,2013-W09,Melioidosis,0
1877,2013-W09,Meningococcal Infection,0
1878,2013-W09,Mumps,11
1879,2013-W09,Nipah virus infection,0
1880,2013-W09,Paratyphoid,1
1881,2013-W09,Pertussis,0
1882,2013-W09,Plague,0
1883,2013-W09,Pneumococcal Disease (invasive),1
1884,2013-W09,Poliomyelitis,0
1885,2013-W09,Rubella,1
1886,2013-W09,Salmonellosis(non-enteric fevers),32
1887,2013-W09,SARS,0
1888,2013-W09,Typhoid,2
1889,2013-W09,Viral Hepatitis A,2
1890,2013-W09,Viral Hepatitis E,0
1891,2013-W09,Yellow Fever,0
1892,2013-W10,Acute Viral hepatitis B,0
1893,2013-W10,Acute Viral hepatitis C,0
1894,2013-W10,Avian Influenza,0
1895,2013-W10,Campylobacterenterosis,7
1896,2013-W10,Chikungunya Fever,14
1897,2013-W10,Cholera,0
1898,2013-W10,Dengue Fever,272
1899,2013-W10,Dengue Haemorrhagic Fever,1
1900,2013-W10,Diphtheria,0
1901,2013-W10,Encephalitis,1
1902,2013-W10,Haemophilus influenzae type b,1
1903,2013-W10,"Hand, Foot Mouth Disease",478
1904,2013-W10,Legionellosis,0
1905,2013-W10,Malaria,1
1906,2013-W10,Measles,0
1907,2013-W10,Melioidosis,0
1908,2013-W10,Meningococcal Infection,0
1909,2013-W10,Mumps,10
1910,2013-W10,Nipah virus infection,0
1911,2013-W10,Paratyphoid,0
1912,2013-W10,Pertussis,0
1913,2013-W10,Plague,0
1914,2013-W10,Pneumococcal Disease (invasive),3
1915,2013-W10,Poliomyelitis,0
1916,2013-W10,Rubella,2
1917,2013-W10,Salmonellosis(non-enteric fevers),28
1918,2013-W10,SARS,0
1919,2013-W10,Typhoid,1
1920,2013-W10,Viral Hepatitis A,0
1921,2013-W10,Viral Hepatitis E,2
1922,2013-W10,Yellow Fever,0
1923,2013-W11,Acute Viral hepatitis B,0
1924,2013-W11,Acute Viral hepatitis C,0
1925,2013-W11,Avian Influenza,0
1926,2013-W11,Campylobacterenterosis,7
1927,2013-W11,Chikungunya Fever,1
1928,2013-W11,Cholera,0
1929,2013-W11,Dengue Fever,307
1930,2013-W11,Dengue Haemorrhagic Fever,1
1931,2013-W11,Diphtheria,0
1932,2013-W11,Encephalitis,0
1933,2013-W11,Haemophilus influenzae type b,0
1934,2013-W11,"Hand, Foot Mouth Disease",465
1935,2013-W11,Legionellosis,1
1936,2013-W11,Malaria,2
1937,2013-W11,Measles,0
1938,2013-W11,Melioidosis,0
1939,2013-W11,Meningococcal Infection,0
1940,2013-W11,Mumps,9
1941,2013-W11,Nipah virus infection,0
1942,2013-W11,Paratyphoid,0
1943,2013-W11,Pertussis,0
1944,2013-W11,Plague,0
1945,2013-W11,Pneumococcal Disease (invasive),0
1946,2013-W11,Poliomyelitis,0
1947,2013-W11,Rubella,0
1948,2013-W11,Salmonellosis(non-enteric fevers),32
1949,2013-W11,SARS,0
1950,2013-W11,Typhoid,1
1951,2013-W11,Viral Hepatitis A,1
1952,2013-W11,Viral Hepatitis E,3
1953,2013-W11,Yellow Fever,0
1954,2013-W12,Acute Viral hepatitis B,2
1955,2013-W12,Acute Viral hepatitis C,0
1956,2013-W12,Avian Influenza,0
1957,2013-W12,Campylobacterenterosis,4
1958,2013-W12,Chikungunya Fever,3
1959,2013-W12,Cholera,0
1960,2013-W12,Dengue Fever,305
1961,2013-W12,Dengue Haemorrhagic Fever,2
1962,2013-W12,Diphtheria,0
1963,2013-W12,Encephalitis,0
1964,2013-W12,Haemophilus influenzae type b,0
1965,2013-W12,"Hand, Foot Mouth Disease",351
1966,2013-W12,Legionellosis,0
1967,2013-W12,Malaria,1
1968,2013-W12,Measles,0
1969,2013-W12,Melioidosis,0
1970,2013-W12,Meningococcal Infection,0
1971,2013-W12,Mumps,11
1972,2013-W12,Nipah virus infection,0
1973,2013-W12,Paratyphoid,0
1974,2013-W12,Pertussis,0
1975,2013-W12,Plague,0
1976,2013-W12,Pneumococcal Disease (invasive),0
1977,2013-W12,Poliomyelitis,0
1978,2013-W12,Rubella,0
1979,2013-W12,Salmonellosis(non-enteric fevers),31
1980,2013-W12,SARS,0
1981,2013-W12,Typhoid,0
1982,2013-W12,Viral Hepatitis A,1
1983,2013-W12,Viral Hepatitis E,1
1984,2013-W12,Yellow Fever,0
1985,2013-W13,Acute Viral hepatitis B,4
1986,2013-W13,Acute Viral hepatitis C,0
1987,2013-W13,Avian Influenza,0
1988,2013-W13,Campylobacterenterosis,1
1989,2013-W13,Chikungunya Fever,3
1990,2013-W13,Cholera,0
1991,2013-W13,Dengue Fever,314
1992,2013-W13,Dengue Haemorrhagic Fever,2
1993,2013-W13,Diphtheria,0
1994,2013-W13,Encephalitis,0
1995,2013-W13,Haemophilus influenzae type b,0
1996,2013-W13,"Hand, Foot Mouth Disease",350
1997,2013-W13,Legionellosis,0
1998,2013-W13,Malaria,1
1999,2013-W13,Measles,0
2000,2013-W13,Melioidosis,2
2001,2013-W13,Meningococcal Infection,0
2002,2013-W13,Mumps,9
2003,2013-W13,Nipah virus infection,0
2004,2013-W13,Paratyphoid,0
2005,2013-W13,Pertussis,0
2006,2013-W13,Plague,0
2007,2013-W13,Pneumococcal Disease (invasive),8
2008,2013-W13,Poliomyelitis,0
2009,2013-W13,Rubella,1
2010,2013-W13,Salmonellosis(non-enteric fevers),22
2011,2013-W13,SARS,0
2012,2013-W13,Typhoid,4
2013,2013-W13,Viral Hepatitis A,5
2014,2013-W13,Viral Hepatitis E,1
2015,2013-W13,Yellow Fever,0
2016,2013-W14,Acute Viral hepatitis B,1
2017,2013-W14,Acute Viral hepatitis C,0
2018,2013-W14,Avian Influenza,0
2019,2013-W14,Campylobacterenterosis,8
2020,2013-W14,Chikungunya Fever,6
2021,2013-W14,Cholera,0
2022,2013-W14,Dengue Fever,402
2023,2013-W14,Dengue Haemorrhagic Fever,4
2024,2013-W14,Diphtheria,0
2025,2013-W14,Encephalitis,1
2026,2013-W14,Haemophilus influenzae type b,0
2027,2013-W14,"Hand, Foot Mouth Disease",438
2028,2013-W14,Legionellosis,0
2029,2013-W14,Malaria,3
2030,2013-W14,Measles,1
2031,2013-W14,Melioidosis,3
2032,2013-W14,Meningococcal Infection,0
2033,2013-W14,Mumps,11
2034,2013-W14,Nipah virus infection,0
2035,2013-W14,Paratyphoid,2
2036,2013-W14,Pertussis,0
2037,2013-W14,Plague,0
2038,2013-W14,Pneumococcal Disease (invasive),2
2039,2013-W14,Poliomyelitis,0
2040,2013-W14,Rubella,1
2041,2013-W14,Salmonellosis(non-enteric fevers),39
2042,2013-W14,SARS,0
2043,2013-W14,Typhoid,1
2044,2013-W14,Viral Hepatitis A,1
2045,2013-W14,Viral Hepatitis E,1
2046,2013-W14,Yellow Fever,0
2047,2013-W15,Acute Viral hepatitis B,1
2048,2013-W15,Acute Viral hepatitis C,0
2049,2013-W15,Avian Influenza,0
2050,2013-W15,Campylobacterenterosis,18
2051,2013-W15,Chikungunya Fever,14
2052,2013-W15,Cholera,0
2053,2013-W15,Dengue Fever,491
2054,2013-W15,Dengue Haemorrhagic Fever,1
2055,2013-W15,Diphtheria,0
2056,2013-W15,Encephalitis,0
2057,2013-W15,Haemophilus influenzae type b,0
2058,2013-W15,"Hand, Foot Mouth Disease",461
2059,2013-W15,Legionellosis,1
2060,2013-W15,Malaria,4
2061,2013-W15,Measles,0
2062,2013-W15,Melioidosis,0
2063,2013-W15,Meningococcal Infection,0
2064,2013-W15,Mumps,14
2065,2013-W15,Nipah virus infection,0
2066,2013-W15,Paratyphoid,0
2067,2013-W15,Pertussis,0
2068,2013-W15,Plague,0
2069,2013-W15,Pneumococcal Disease (invasive),1
2070,2013-W15,Poliomyelitis,0
2071,2013-W15,Rubella,2
2072,2013-W15,Salmonellosis(non-enteric fevers),32
2073,2013-W15,SARS,0
2074,2013-W15,Typhoid,1
2075,2013-W15,Viral Hepatitis A,2
2076,2013-W15,Viral Hepatitis E,1
2077,2013-W15,Yellow Fever,0
2078,2013-W16,Acute Viral hepatitis B,1
2079,2013-W16,Acute Viral hepatitis C,0
2080,2013-W16,Avian Influenza,0
2081,2013-W16,Campylobacterenterosis,13
2082,2013-W16,Chikungunya Fever,35
2083,2013-W16,Cholera,0
2084,2013-W16,Dengue Fever,505
2085,2013-W16,Dengue Haemorrhagic Fever,4
2086,2013-W16,Diphtheria,0
2087,2013-W16,Encephalitis,3
2088,2013-W16,Haemophilus influenzae type b,0
2089,2013-W16,"Hand, Foot Mouth Disease",504
2090,2013-W16,Legionellosis,0
2091,2013-W16,Malaria,4
2092,2013-W16,Measles,1
2093,2013-W16,Melioidosis,0
2094,2013-W16,Meningococcal Infection,0
2095,2013-W16,Mumps,17
2096,2013-W16,Nipah virus infection,0
2097,2013-W16,Paratyphoid,0
2098,2013-W16,Pertussis,0
2099,2013-W16,Plague,0
2100,2013-W16,Pneumococcal Disease (invasive),2
2101,2013-W16,Poliomyelitis,0
2102,2013-W16,Rubella,2
2103,2013-W16,Salmonellosis(non-enteric fevers),30
2104,2013-W16,SARS,0
2105,2013-W16,Typhoid,1
2106,2013-W16,Viral Hepatitis A,1
2107,2013-W16,Viral Hepatitis E,1
2108,2013-W16,Yellow Fever,0
2109,2013-W17,Acute Viral hepatitis B,1
2110,2013-W17,Acute Viral hepatitis C,0
2111,2013-W17,Avian Influenza,0
2112,2013-W17,Campylobacterenterosis,7
2113,2013-W17,Chikungunya Fever,24
2114,2013-W17,Cholera,0
2115,2013-W17,Dengue Fever,536
2116,2013-W17,Dengue Haemorrhagic Fever,2
2117,2013-W17,Diphtheria,0
2118,2013-W17,Encephalitis,0
2119,2013-W17,Haemophilus influenzae type b,0
2120,2013-W17,"Hand, Foot Mouth Disease",572
2121,2013-W17,Legionellosis,0
2122,2013-W17,Malaria,2
2123,2013-W17,Measles,0
2124,2013-W17,Melioidosis,0
2125,2013-W17,Meningococcal Infection,0
2126,2013-W17,Mumps,15
2127,2013-W17,Nipah virus infection,0
2128,2013-W17,Paratyphoid,1
2129,2013-W17,Pertussis,0
2130,2013-W17,Plague,0
2131,2013-W17,Pneumococcal Disease (invasive),6
2132,2013-W17,Poliomyelitis,0
2133,2013-W17,Rubella,0
2134,2013-W17,Salmonellosis(non-enteric fevers),51
2135,2013-W17,SARS,0
2136,2013-W17,Typhoid,1
2137,2013-W17,Viral Hepatitis A,4
2138,2013-W17,Viral Hepatitis E,2
2139,2013-W17,Yellow Fever,0
2140,2013-W18,Acute Viral hepatitis B,1
2141,2013-W18,Acute Viral hepatitis C,0
2142,2013-W18,Avian Influenza,0
2143,2013-W18,Campylobacterenterosis,8
2144,2013-W18,Chikungunya Fever,19
2145,2013-W18,Cholera,0
2146,2013-W18,Dengue Fever,547
2147,2013-W18,Dengue Haemorrhagic Fever,0
2148,2013-W18,Diphtheria,0
2149,2013-W18,Encephalitis,0
2150,2013-W18,Haemophilus influenzae type b,0
2151,2013-W18,"Hand, Foot Mouth Disease",595
2152,2013-W18,Legionellosis,0
2153,2013-W18,Malaria,4
2154,2013-W18,Measles,2
2155,2013-W18,Melioidosis,0
2156,2013-W18,Meningococcal Infection,0
2157,2013-W18,Mumps,10
2158,2013-W18,Nipah virus infection,0
2159,2013-W18,Paratyphoid,0
2160,2013-W18,Pertussis,0
2161,2013-W18,Plague,0
2162,2013-W18,Pneumococcal Disease (invasive),6
2163,2013-W18,Poliomyelitis,0
2164,2013-W18,Rubella,0
2165,2013-W18,Salmonellosis(non-enteric fevers),25
2166,2013-W18,SARS,0
2167,2013-W18,Typhoid,2
2168,2013-W18,Viral Hepatitis A,3
2169,2013-W18,Viral Hepatitis E,0
2170,2013-W18,Yellow Fever,0
2171,2013-W19,Acute Viral hepatitis B,4
2172,2013-W19,Acute Viral hepatitis C,0
2173,2013-W19,Avian Influenza,0
2174,2013-W19,Campylobacterenterosis,5
2175,2013-W19,Chikungunya Fever,29
2176,2013-W19,Cholera,0
2177,2013-W19,Dengue Fever,556
2178,2013-W19,Dengue Haemorrhagic Fever,2
2179,2013-W19,Diphtheria,0
2180,2013-W19,Encephalitis,0
2181,2013-W19,Haemophilus influenzae type b,0
2182,2013-W19,"Hand, Foot Mouth Disease",627
2183,2013-W19,Legionellosis,1
2184,2013-W19,Malaria,5
2185,2013-W19,Measles,2
2186,2013-W19,Melioidosis,0
2187,2013-W19,Meningococcal Infection,0
2188,2013-W19,Mumps,11
2189,2013-W19,Nipah virus infection,0
2190,2013-W19,Paratyphoid,0
2191,2013-W19,Pertussis,0
2192,2013-W19,Plague,0
2193,2013-W19,Pneumococcal Disease (invasive),0
2194,2013-W19,Poliomyelitis,0
2195,2013-W19,Rubella,1
2196,2013-W19,Salmonellosis(non-enteric fevers),30
2197,2013-W19,SARS,0
2198,2013-W19,Typhoid,2
2199,2013-W19,Viral Hepatitis A,3
2200,2013-W19,Viral Hepatitis E,0
2201,2013-W19,Yellow Fever,0
2202,2013-W20,Acute Viral hepatitis B,2
2203,2013-W20,Acute Viral hepatitis C,0
2204,2013-W20,Avian Influenza,0
2205,2013-W20,Campylobacterenterosis,8
2206,2013-W20,Chikungunya Fever,28
2207,2013-W20,Cholera,0
2208,2013-W20,Dengue Fever,611
2209,2013-W20,Dengue Haemorrhagic Fever,0
2210,2013-W20,Diphtheria,0
2211,2013-W20,Encephalitis,0
2212,2013-W20,Haemophilus influenzae type b,1
2213,2013-W20,"Hand, Foot Mouth Disease",697
2214,2013-W20,Legionellosis,0
2215,2013-W20,Malaria,2
2216,2013-W20,Measles,1
2217,2013-W20,Melioidosis,1
2218,2013-W20,Meningococcal Infection,0
2219,2013-W20,Mumps,10
2220,2013-W20,Nipah virus infection,0
2221,2013-W20,Paratyphoid,1
2222,2013-W20,Pertussis,0
2223,2013-W20,Plague,0
2224,2013-W20,Pneumococcal Disease (invasive),11
2225,2013-W20,Poliomyelitis,0
2226,2013-W20,Rubella,1
2227,2013-W20,Salmonellosis(non-enteric fevers),45
2228,2013-W20,SARS,0
2229,2013-W20,Typhoid,4
2230,2013-W20,Viral Hepatitis A,2
2231,2013-W20,Viral Hepatitis E,3
2232,2013-W20,Yellow Fever,0
2233,2013-W21,Acute Viral hepatitis B,2
2234,2013-W21,Acute Viral hepatitis C,0
2235,2013-W21,Avian Influenza,0
2236,2013-W21,Campylobacterenterosis,13
2237,2013-W21,Chikungunya Fever,15
2238,2013-W21,Cholera,0
2239,2013-W21,Dengue Fever,637
2240,2013-W21,Dengue Haemorrhagic Fever,3
2241,2013-W21,Diphtheria,0
2242,2013-W21,Encephalitis,0
2243,2013-W21,Haemophilus influenzae type b,0
2244,2013-W21,"Hand, Foot Mouth Disease",662
2245,2013-W21,Legionellosis,0
2246,2013-W21,Malaria,7
2247,2013-W21,Measles,1
2248,2013-W21,Melioidosis,0
2249,2013-W21,Meningococcal Infection,0
2250,2013-W21,Mumps,5
2251,2013-W21,Nipah virus infection,0
2252,2013-W21,Paratyphoid,0
2253,2013-W21,Pertussis,0
2254,2013-W21,Plague,0
2255,2013-W21,Pneumococcal Disease (invasive),2
2256,2013-W21,Poliomyelitis,0
2257,2013-W21,Rubella,2
2258,2013-W21,Salmonellosis(non-enteric fevers),27
2259,2013-W21,SARS,0
2260,2013-W21,Typhoid,3
2261,2013-W21,Viral Hepatitis A,0
2262,2013-W21,Viral Hepatitis E,2
2263,2013-W21,Yellow Fever,0
2264,2013-W22,Acute Viral hepatitis B,2
2265,2013-W22,Acute Viral hepatitis C,0
2266,2013-W22,Avian Influenza,0
2267,2013-W22,Campylobacterenterosis,4
2268,2013-W22,Chikungunya Fever,31
2269,2013-W22,Cholera,0
2270,2013-W22,Dengue Fever,742
2271,2013-W22,Dengue Haemorrhagic Fever,4
2272,2013-W22,Diphtheria,0
2273,2013-W22,Encephalitis,1
2274,2013-W22,Haemophilus influenzae type b,0
2275,2013-W22,"Hand, Foot Mouth Disease",774
2276,2013-W22,Legionellosis,0
2277,2013-W22,Malaria,1
2278,2013-W22,Measles,0
2279,2013-W22,Melioidosis,0
2280,2013-W22,Meningococcal Infection,0
2281,2013-W22,Mumps,10
2282,2013-W22,Nipah virus infection,0
2283,2013-W22,Paratyphoid,1
2284,2013-W22,Pertussis,1
2285,2013-W22,Plague,0
2286,2013-W22,Pneumococcal Disease (invasive),3
2287,2013-W22,Poliomyelitis,0
2288,2013-W22,Rubella,0
2289,2013-W22,Salmonellosis(non-enteric fevers),42
2290,2013-W22,SARS,0
2291,2013-W22,Typhoid,1
2292,2013-W22,Viral Hepatitis A,0
2293,2013-W22,Viral Hepatitis E,1
2294,2013-W22,Yellow Fever,0
2295,2013-W23,Acute Viral hepatitis B,0
2296,2013-W23,Acute Viral hepatitis C,0
2297,2013-W23,Avian Influenza,0
2298,2013-W23,Campylobacterenterosis,11
2299,2013-W23,Chikungunya Fever,40
2300,2013-W23,Cholera,0
2301,2013-W23,Dengue Fever,813
2302,2013-W23,Dengue Haemorrhagic Fever,1
2303,2013-W23,Diphtheria,0
2304,2013-W23,Encephalitis,1
2305,2013-W23,Haemophilus influenzae type b,0
2306,2013-W23,"Hand, Foot Mouth Disease",697
2307,2013-W23,Legionellosis,1
2308,2013-W23,Malaria,1
2309,2013-W23,Measles,1
2310,2013-W23,Melioidosis,1
2311,2013-W23,Meningococcal Infection,0
2312,2013-W23,Mumps,14
2313,2013-W23,Nipah virus infection,0
2314,2013-W23,Paratyphoid,0
2315,2013-W23,Pertussis,0
2316,2013-W23,Plague,0
2317,2013-W23,Pneumococcal Disease (invasive),3
2318,2013-W23,Poliomyelitis,0
2319,2013-W23,Rubella,0
2320,2013-W23,Salmonellosis(non-enteric fevers),51
2321,2013-W23,SARS,0
2322,2013-W23,Typhoid,1
2323,2013-W23,Viral Hepatitis A,0
2324,2013-W23,Viral Hepatitis E,2
2325,2013-W23,Yellow Fever,0
2326,2013-W24,Acute Viral hepatitis B,2
2327,2013-W24,Acute Viral hepatitis C,0
2328,2013-W24,Avian Influenza,0
2329,2013-W24,Campylobacterenterosis,2
2330,2013-W24,Chikungunya Fever,39
2331,2013-W24,Cholera,0
2332,2013-W24,Dengue Fever,805
2333,2013-W24,Dengue Haemorrhagic Fever,4
2334,2013-W24,Diphtheria,0
2335,2013-W24,Encephalitis,1
2336,2013-W24,Haemophilus influenzae type b,1
2337,2013-W24,"Hand, Foot Mouth Disease",736
2338,2013-W24,Legionellosis,0
2339,2013-W24,Malaria,5
2340,2013-W24,Measles,0
2341,2013-W24,Melioidosis,0
2342,2013-W24,Meningococcal Infection,0
2343,2013-W24,Mumps,6
2344,2013-W24,Nipah virus infection,0
2345,2013-W24,Paratyphoid,0
2346,2013-W24,Pertussis,0
2347,2013-W24,Plague,0
2348,2013-W24,Pneumococcal Disease (invasive),3
2349,2013-W24,Poliomyelitis,0
2350,2013-W24,Rubella,2
2351,2013-W24,Salmonellosis(non-enteric fevers),32
2352,2013-W24,SARS,0
2353,2013-W24,Typhoid,5
2354,2013-W24,Viral Hepatitis A,3
2355,2013-W24,Viral Hepatitis E,2
2356,2013-W24,Yellow Fever,0
2357,2013-W25,Acute Viral hepatitis B,0
2358,2013-W25,Acute Viral hepatitis C,0
2359,2013-W25,Avian Influenza,0
2360,2013-W25,Campylobacterenterosis,6
2361,2013-W25,Chikungunya Fever,45
2362,2013-W25,Cholera,0
2363,2013-W25,Dengue Fever,838
2364,2013-W25,Dengue Haemorrhagic Fever,4
2365,2013-W25,Diphtheria,0
2366,2013-W25,Encephalitis,0
2367,2013-W25,Haemophilus influenzae type b,1
2368,2013-W25,"Hand, Foot Mouth Disease",581
2369,2013-W25,Legionellosis,0
2370,2013-W25,Malaria,0
2371,2013-W25,Measles,0
2372,2013-W25,Melioidosis,0
2373,2013-W25,Meningococcal Infection,0
2374,2013-W25,Mumps,10
2375,2013-W25,Nipah virus infection,0
2376,2013-W25,Paratyphoid,0
2377,2013-W25,Pertussis,2
2378,2013-W25,Plague,0
2379,2013-W25,Pneumococcal Disease (invasive),0
2380,2013-W25,Poliomyelitis,0
2381,2013-W25,Rubella,1
2382,2013-W25,Salmonellosis(non-enteric fevers),33
2383,2013-W25,SARS,0
2384,2013-W25,Typhoid,1
2385,2013-W25,Viral Hepatitis A,0
2386,2013-W25,Viral Hepatitis E,4
2387,2013-W25,Yellow Fever,0
2388,2013-W26,Acute Viral hepatitis B,3
2389,2013-W26,Acute Viral hepatitis C,1
2390,2013-W26,Avian Influenza,0
2391,2013-W26,Campylobacterenterosis,2
2392,2013-W26,Chikungunya Fever,24
2393,2013-W26,Cholera,0
2394,2013-W26,Dengue Fever,802
2395,2013-W26,Dengue Haemorrhagic Fever,4
2396,2013-W26,Diphtheria,0
2397,2013-W26,Encephalitis,0
2398,2013-W26,Haemophilus influenzae type b,1
2399,2013-W26,"Hand, Foot Mouth Disease",461
2400,2013-W26,Legionellosis,0
2401,2013-W26,Malaria,5
2402,2013-W26,Measles,0
2403,2013-W26,Melioidosis,3
2404,2013-W26,Meningococcal Infection,0
2405,2013-W26,Mumps,10
2406,2013-W26,Nipah virus infection,0
2407,2013-W26,Paratyphoid,0
2408,2013-W26,Pertussis,0
2409,2013-W26,Plague,0
2410,2013-W26,Pneumococcal Disease (invasive),4
2411,2013-W26,Poliomyelitis,0
2412,2013-W26,Rubella,2
2413,2013-W26,Salmonellosis(non-enteric fevers),32
2414,2013-W26,SARS,0
2415,2013-W26,Typhoid,1
2416,2013-W26,Viral Hepatitis A,2
2417,2013-W26,Viral Hepatitis E,1
2418,2013-W26,Yellow Fever,0
2419,2013-W27,Acute Viral hepatitis B,2
2420,2013-W27,Acute Viral hepatitis C,0
2421,2013-W27,Avian Influenza,0
2422,2013-W27,Campylobacterenterosis,7
2423,2013-W27,Chikungunya Fever,26
2424,2013-W27,Cholera,0
2425,2013-W27,Dengue Fever,676
2426,2013-W27,Dengue Haemorrhagic Fever,2
2427,2013-W27,Diphtheria,0
2428,2013-W27,Encephalitis,0
2429,2013-W27,Haemophilus influenzae type b,0
2430,2013-W27,"Hand, Foot Mouth Disease",441
2431,2013-W27,Legionellosis,0
2432,2013-W27,Malaria,1
2433,2013-W27,Measles,0
2434,2013-W27,Melioidosis,1
2435,2013-W27,Meningococcal Infection,0
2436,2013-W27,Mumps,16
2437,2013-W27,Nipah virus infection,0
2438,2013-W27,Paratyphoid,0
2439,2013-W27,Pertussis,1
2440,2013-W27,Plague,0
2441,2013-W27,Pneumococcal Disease (invasive),4
2442,2013-W27,Poliomyelitis,0
2443,2013-W27,Rubella,1
2444,2013-W27,Salmonellosis(non-enteric fevers),30
2445,2013-W27,SARS,0
2446,2013-W27,Typhoid,3
2447,2013-W27,Viral Hepatitis A,4
2448,2013-W27,Viral Hepatitis E,0
2449,2013-W27,Yellow Fever,0
2450,2013-W28,Acute Viral hepatitis B,0
2451,2013-W28,Acute Viral hepatitis C,0
2452,2013-W28,Avian Influenza,0
2453,2013-W28,Campylobacterenterosis,7
2454,2013-W28,Chikungunya Fever,26
2455,2013-W28,Cholera,0
2456,2013-W28,Dengue Fever,540
2457,2013-W28,Dengue Haemorrhagic Fever,1
2458,2013-W28,Diphtheria,0
2459,2013-W28,Encephalitis,1
2460,2013-W28,Haemophilus influenzae type b,1
2461,2013-W28,"Hand, Foot Mouth Disease",482
2462,2013-W28,Legionellosis,1
2463,2013-W28,Malaria,0
2464,2013-W28,Measles,0
2465,2013-W28,Melioidosis,0
2466,2013-W28,Meningococcal Infection,0
2467,2013-W28,Mumps,12
2468,2013-W28,Nipah virus infection,0
2469,2013-W28,Paratyphoid,0
2470,2013-W28,Pertussis,0
2471,2013-W28,Plague,0
2472,2013-W28,Pneumococcal Disease (invasive),2
2473,2013-W28,Poliomyelitis,0
2474,2013-W28,Rubella,0
2475,2013-W28,Salmonellosis(non-enteric fevers),44
2476,2013-W28,SARS,0
2477,2013-W28,Typhoid,1
2478,2013-W28,Viral Hepatitis A,1
2479,2013-W28,Viral Hepatitis E,1
2480,2013-W28,Yellow Fever,0
2481,2013-W29,Acute Viral hepatitis B,1
2482,2013-W29,Acute Viral hepatitis C,0
2483,2013-W29,Avian Influenza,0
2484,2013-W29,Campylobacterenterosis,10
2485,2013-W29,Chikungunya Fever,16
2486,2013-W29,Cholera,0
2487,2013-W29,Dengue Fever,389
2488,2013-W29,Dengue Haemorrhagic Fever,1
2489,2013-W29,Diphtheria,0
2490,2013-W29,Encephalitis,2
2491,2013-W29,Haemophilus influenzae type b,0
2492,2013-W29,"Hand, Foot Mouth Disease",578
2493,2013-W29,Legionellosis,0
2494,2013-W29,Malaria,7
2495,2013-W29,Measles,0
2496,2013-W29,Melioidosis,1
2497,2013-W29,Meningococcal Infection,1
2498,2013-W29,Mumps,16
2499,2013-W29,Nipah virus infection,0
2500,2013-W29,Paratyphoid,0
2501,2013-W29,Pertussis,0
2502,2013-W29,Plague,0
2503,2013-W29,Pneumococcal Disease (invasive),1
2504,2013-W29,Poliomyelitis,0
2505,2013-W29,Rubella,1
2506,2013-W29,Salmonellosis(non-enteric fevers),32
2507,2013-W29,SARS,0
2508,2013-W29,Typhoid,3
2509,2013-W29,Viral Hepatitis A,0
2510,2013-W29,Viral Hepatitis E,1
2511,2013-W29,Yellow Fever,0
2512,2013-W30,Acute Viral hepatitis B,1
2513,2013-W30,Acute Viral hepatitis C,1
2514,2013-W30,Avian Influenza,0
2515,2013-W30,Campylobacterenterosis,8
2516,2013-W30,Chikungunya Fever,20
2517,2013-W30,Cholera,0
2518,2013-W30,Dengue Fever,305
2519,2013-W30,Dengue Haemorrhagic Fever,1
2520,2013-W30,Diphtheria,0
2521,2013-W30,Encephalitis,1
2522,2013-W30,Haemophilus influenzae type b,0
2523,2013-W30,"Hand, Foot Mouth Disease",590
2524,2013-W30,Legionellosis,1
2525,2013-W30,Malaria,3
2526,2013-W30,Measles,1
2527,2013-W30,Melioidosis,1
2528,2013-W30,Meningococcal Infection,0
2529,2013-W30,Mumps,7
2530,2013-W30,Nipah virus infection,0
2531,2013-W30,Paratyphoid,0
2532,2013-W30,Pertussis,0
2533,2013-W30,Plague,0
2534,2013-W30,Pneumococcal Disease (invasive),0
2535,2013-W30,Poliomyelitis,0
2536,2013-W30,Rubella,2
2537,2013-W30,Salmonellosis(non-enteric fevers),30
2538,2013-W30,SARS,0
2539,2013-W30,Typhoid,2
2540,2013-W30,Viral Hepatitis A,2
2541,2013-W30,Viral Hepatitis E,0
2542,2013-W30,Yellow Fever,0
2543,2013-W31,Acute Viral hepatitis B,2
2544,2013-W31,Acute Viral hepatitis C,0
2545,2013-W31,Avian Influenza,0
2546,2013-W31,Campylobacterenterosis,8
2547,2013-W31,Chikungunya Fever,22
2548,2013-W31,Cholera,0
2549,2013-W31,Dengue Fever,288
2550,2013-W31,Dengue Haemorrhagic Fever,1
2551,2013-W31,Diphtheria,0
2552,2013-W31,Encephalitis,1
2553,2013-W31,Haemophilus influenzae type b,1
2554,2013-W31,"Hand, Foot Mouth Disease",659
2555,2013-W31,Legionellosis,0
2556,2013-W31,Malaria,1
2557,2013-W31,Measles,1
2558,2013-W31,Melioidosis,1
2559,2013-W31,Meningococcal Infection,0
2560,2013-W31,Mumps,17
2561,2013-W31,Nipah virus infection,0
2562,2013-W31,Paratyphoid,0
2563,2013-W31,Pertussis,0
2564,2013-W31,Plague,0
2565,2013-W31,Pneumococcal Disease (invasive),4
2566,2013-W31,Poliomyelitis,0
2567,2013-W31,Rubella,1
2568,2013-W31,Salmonellosis(non-enteric fevers),30
2569,2013-W31,SARS,0
2570,2013-W31,Typhoid,1
2571,2013-W31,Viral Hepatitis A,1
2572,2013-W31,Viral Hepatitis E,1
2573,2013-W31,Yellow Fever,0
2574,2013-W32,Acute Viral hepatitis B,0
2575,2013-W32,Acute Viral hepatitis C,0
2576,2013-W32,Avian Influenza,0
2577,2013-W32,Campylobacterenterosis,7
2578,2013-W32,Chikungunya Fever,7
2579,2013-W32,Cholera,0
2580,2013-W32,Dengue Fever,255
2581,2013-W32,Dengue Haemorrhagic Fever,1
2582,2013-W32,Diphtheria,0
2583,2013-W32,Encephalitis,1
2584,2013-W32,Haemophilus influenzae type b,0
2585,2013-W32,"Hand, Foot Mouth Disease",577
2586,2013-W32,Legionellosis,1
2587,2013-W32,Malaria,7
2588,2013-W32,Measles,0
2589,2013-W32,Melioidosis,1
2590,2013-W32,Meningococcal Infection,0
2591,2013-W32,Mumps,13
2592,2013-W32,Nipah virus infection,0
2593,2013-W32,Paratyphoid,1
2594,2013-W32,Pertussis,1
2595,2013-W32,Plague,0
2596,2013-W32,Pneumococcal Disease (invasive),2
2597,2013-W32,Poliomyelitis,0
2598,2013-W32,Rubella,0
2599,2013-W32,Salmonellosis(non-enteric fevers),18
2600,2013-W32,SARS,0
2601,2013-W32,Typhoid,0
2602,2013-W32,Viral Hepatitis A,1
2603,2013-W32,Viral Hepatitis E,0
2604,2013-W32,Yellow Fever,0
2605,2013-W33,Acute Viral hepatitis B,1
2606,2013-W33,Acute Viral hepatitis C,0
2607,2013-W33,Avian Influenza,0
2608,2013-W33,Campylobacterenterosis,3
2609,2013-W33,Chikungunya Fever,26
2610,2013-W33,Cholera,0
2611,2013-W33,Dengue Fever,378
2612,2013-W33,Dengue Haemorrhagic Fever,0
2613,2013-W33,Diphtheria,0
2614,2013-W33,Encephalitis,1
2615,2013-W33,Haemophilus influenzae type b,0
2616,2013-W33,"Hand, Foot Mouth Disease",743
2617,2013-W33,Legionellosis,1
2618,2013-W33,Malaria,5
2619,2013-W33,Measles,0
2620,2013-W33,Melioidosis,0
2621,2013-W33,Meningococcal Infection,0
2622,2013-W33,Mumps,9
2623,2013-W33,Nipah virus infection,0
2624,2013-W33,Paratyphoid,0
2625,2013-W33,Pertussis,0
2626,2013-W33,Plague,0
2627,2013-W33,Pneumococcal Disease (invasive),3
2628,2013-W33,Poliomyelitis,0
2629,2013-W33,Rubella,1
2630,2013-W33,Salmonellosis(non-enteric fevers),28
2631,2013-W33,SARS,0
2632,2013-W33,Typhoid,1
2633,2013-W33,Viral Hepatitis A,2
2634,2013-W33,Viral Hepatitis E,2
2635,2013-W33,Yellow Fever,0
2636,2013-W34,Acute Viral hepatitis B,1
2637,2013-W34,Acute Viral hepatitis C,0
2638,2013-W34,Avian Influenza,0
2639,2013-W34,Campylobacterenterosis,13
2640,2013-W34,Chikungunya Fever,15
2641,2013-W34,Cholera,0
2642,2013-W34,Dengue Fever,338
2643,2013-W34,Dengue Haemorrhagic Fever,3
2644,2013-W34,Diphtheria,0
2645,2013-W34,Encephalitis,2
2646,2013-W34,Haemophilus influenzae type b,0
2647,2013-W34,"Hand, Foot Mouth Disease",798
2648,2013-W34,Legionellosis,0
2649,2013-W34,Malaria,3
2650,2013-W34,Measles,2
2651,2013-W34,Melioidosis,1
2652,2013-W34,Meningococcal Infection,0
2653,2013-W34,Mumps,9
2654,2013-W34,Nipah virus infection,0
2655,2013-W34,Paratyphoid,0
2656,2013-W34,Pertussis,2
2657,2013-W34,Plague,0
2658,2013-W34,Pneumococcal Disease (invasive),3
2659,2013-W34,Poliomyelitis,0
2660,2013-W34,Rubella,1
2661,2013-W34,Salmonellosis(non-enteric fevers),21
2662,2013-W34,SARS,0
2663,2013-W34,Typhoid,1
2664,2013-W34,Viral Hepatitis A,0
2665,2013-W34,Viral Hepatitis E,0
2666,2013-W34,Yellow Fever,0
2667,2013-W35,Acute Viral hepatitis B,1
2668,2013-W35,Acute Viral hepatitis C,0
2669,2013-W35,Avian Influenza,0
2670,2013-W35,Campylobacterenterosis,4
2671,2013-W35,Chikungunya Fever,38
2672,2013-W35,Cholera,0
2673,2013-W35,Dengue Fever,382
2674,2013-W35,Dengue Haemorrhagic Fever,4
2675,2013-W35,Diphtheria,0
2676,2013-W35,Encephalitis,1
2677,2013-W35,Haemophilus influenzae type b,0
2678,2013-W35,"Hand, Foot Mouth Disease",887
2679,2013-W35,Legionellosis,0
2680,2013-W35,Malaria,2
2681,2013-W35,Measles,3
2682,2013-W35,Melioidosis,0
2683,2013-W35,Meningococcal Infection,0
2684,2013-W35,Mumps,12
2685,2013-W35,Nipah virus infection,0
2686,2013-W35,Paratyphoid,0
2687,2013-W35,Pertussis,0
2688,2013-W35,Plague,0
2689,2013-W35,Pneumococcal Disease (invasive),4
2690,2013-W35,Poliomyelitis,0
2691,2013-W35,Rubella,0
2692,2013-W35,Salmonellosis(non-enteric fevers),37
2693,2013-W35,SARS,0
2694,2013-W35,Typhoid,3
2695,2013-W35,Viral Hepatitis A,0
2696,2013-W35,Viral Hepatitis E,0
2697,2013-W35,Yellow Fever,0
2698,2013-W36,Acute Viral hepatitis B,0
2699,2013-W36,Acute Viral hepatitis C,0
2700,2013-W36,Avian Influenza,0
2701,2013-W36,Campylobacterenterosis,3
2702,2013-W36,Chikungunya Fever,42
2703,2013-W36,Cholera,0
2704,2013-W36,Dengue Fever,449
2705,2013-W36,Dengue Haemorrhagic Fever,3
2706,2013-W36,Diphtheria,0
2707,2013-W36,Encephalitis,1
2708,2013-W36,Haemophilus influenzae type b,0
2709,2013-W36,"Hand, Foot Mouth Disease",860
2710,2013-W36,Legionellosis,1
2711,2013-W36,Malaria,0
2712,2013-W36,Measles,1
2713,2013-W36,Melioidosis,0
2714,2013-W36,Meningococcal Infection,0
2715,2013-W36,Mumps,8
2716,2013-W36,Nipah virus infection,0
2717,2013-W36,Paratyphoid,0
2718,2013-W36,Pertussis,1
2719,2013-W36,Plague,0
2720,2013-W36,Pneumococcal Disease (invasive),2
2721,2013-W36,Poliomyelitis,0
2722,2013-W36,Rubella,0
2723,2013-W36,Salmonellosis(non-enteric fevers),38
2724,2013-W36,SARS,0
2725,2013-W36,Typhoid,2
2726,2013-W36,Viral Hepatitis A,2
2727,2013-W36,Viral Hepatitis E,0
2728,2013-W36,Yellow Fever,0
2729,2013-W37,Acute Viral hepatitis B,1
2730,2013-W37,Acute Viral hepatitis C,0
2731,2013-W37,Avian Influenza,0
2732,2013-W37,Campylobacterenterosis,8
2733,2013-W37,Chikungunya Fever,39
2734,2013-W37,Cholera,0
2735,2013-W37,Dengue Fever,337
2736,2013-W37,Dengue Haemorrhagic Fever,2
2737,2013-W37,Diphtheria,0
2738,2013-W37,Encephalitis,0
2739,2013-W37,Haemophilus influenzae type b,0
2740,2013-W37,"Hand, Foot Mouth Disease",960
2741,2013-W37,Legionellosis,1
2742,2013-W37,Malaria,3
2743,2013-W37,Measles,2
2744,2013-W37,Melioidosis,0
2745,2013-W37,Meningococcal Infection,0
2746,2013-W37,Mumps,4
2747,2013-W37,Nipah virus infection,0
2748,2013-W37,Paratyphoid,1
2749,2013-W37,Pertussis,0
2750,2013-W37,Plague,0
2751,2013-W37,Pneumococcal Disease (invasive),2
2752,2013-W37,Poliomyelitis,0
2753,2013-W37,Rubella,0
2754,2013-W37,Salmonellosis(non-enteric fevers),34
2755,2013-W37,SARS,0
2756,2013-W37,Typhoid,3
2757,2013-W37,Viral Hepatitis A,0
2758,2013-W37,Viral Hepatitis E,0
2759,2013-W37,Yellow Fever,0
2760,2013-W38,Acute Viral hepatitis B,0
2761,2013-W38,Acute Viral hepatitis C,0
2762,2013-W38,Avian Influenza,0
2763,2013-W38,Campylobacterenterosis,11
2764,2013-W38,Chikungunya Fever,49
2765,2013-W38,Cholera,0
2766,2013-W38,Dengue Fever,370
2767,2013-W38,Dengue Haemorrhagic Fever,6
2768,2013-W38,Diphtheria,0
2769,2013-W38,Encephalitis,0
2770,2013-W38,Haemophilus influenzae type b,0
2771,2013-W38,"Hand, Foot Mouth Disease",1062
2772,2013-W38,Legionellosis,1
2773,2013-W38,Malaria,3
2774,2013-W38,Measles,0
2775,2013-W38,Melioidosis,0
2776,2013-W38,Meningococcal Infection,0
2777,2013-W38,Mumps,7
2778,2013-W38,Nipah virus infection,0
2779,2013-W38,Paratyphoid,0
2780,2013-W38,Pertussis,0
2781,2013-W38,Plague,0
2782,2013-W38,Pneumococcal Disease (invasive),2
2783,2013-W38,Poliomyelitis,0
2784,2013-W38,Rubella,1
2785,2013-W38,Salmonellosis(non-enteric fevers),46
2786,2013-W38,SARS,0
2787,2013-W38,Typhoid,0
2788,2013-W38,Viral Hepatitis A,0
2789,2013-W38,Viral Hepatitis E,2
2790,2013-W38,Yellow Fever,0
2791,2013-W39,Acute Viral hepatitis B,1
2792,2013-W39,Acute Viral hepatitis C,0
2793,2013-W39,Avian Influenza,0
2794,2013-W39,Campylobacterenterosis,6
2795,2013-W39,Chikungunya Fever,32
2796,2013-W39,Cholera,0
2797,2013-W39,Dengue Fever,402
2798,2013-W39,Dengue Haemorrhagic Fever,4
2799,2013-W39,Diphtheria,0
2800,2013-W39,Encephalitis,0
2801,2013-W39,Haemophilus influenzae type b,0
2802,2013-W39,"Hand, Foot Mouth Disease",1108
2803,2013-W39,Legionellosis,0
2804,2013-W39,Malaria,5
2805,2013-W39,Measles,6
2806,2013-W39,Melioidosis,1
2807,2013-W39,Meningococcal Infection,0
2808,2013-W39,Mumps,2
2809,2013-W39,Nipah virus infection,0
2810,2013-W39,Paratyphoid,0
2811,2013-W39,Pertussis,2
2812,2013-W39,Plague,0
2813,2013-W39,Pneumococcal Disease (invasive),1
2814,2013-W39,Poliomyelitis,0
2815,2013-W39,Rubella,1
2816,2013-W39,Salmonellosis(non-enteric fevers),53
2817,2013-W39,SARS,0
2818,2013-W39,Typhoid,0
2819,2013-W39,Viral Hepatitis A,2
2820,2013-W39,Viral Hepatitis E,0
2821,2013-W39,Yellow Fever,0
2822,2013-W40,Acute Viral hepatitis B,2
2823,2013-W40,Acute Viral hepatitis C,0
2824,2013-W40,Avian Influenza,0
2825,2013-W40,Campylobacterenterosis,5
2826,2013-W40,Chikungunya Fever,17
2827,2013-W40,Cholera,1
2828,2013-W40,Dengue Fever,439
2829,2013-W40,Dengue Haemorrhagic Fever,2
2830,2013-W40,Diphtheria,0
2831,2013-W40,Encephalitis,0
2832,2013-W40,Haemophilus influenzae type b,0
2833,2013-W40,"Hand, Foot Mouth Disease",1077
2834,2013-W40,Legionellosis,0
2835,2013-W40,Malaria,2
2836,2013-W40,Measles,0
2837,2013-W40,Melioidosis,3
2838,2013-W40,Meningococcal Infection,0
2839,2013-W40,Mumps,4
2840,2013-W40,Nipah virus infection,0
2841,2013-W40,Paratyphoid,0
2842,2013-W40,Pertussis,2
2843,2013-W40,Plague,0
2844,2013-W40,Pneumococcal Disease (invasive),5
2845,2013-W40,Poliomyelitis,0
2846,2013-W40,Rubella,2
2847,2013-W40,Salmonellosis(non-enteric fevers),65
2848,2013-W40,SARS,0
2849,2013-W40,Typhoid,2
2850,2013-W40,Viral Hepatitis A,0
2851,2013-W40,Viral Hepatitis E,0
2852,2013-W40,Yellow Fever,0
2853,2013-W41,Acute Viral hepatitis B,1
2854,2013-W41,Acute Viral hepatitis C,0
2855,2013-W41,Avian Influenza,0
2856,2013-W41,Campylobacterenterosis,10
2857,2013-W41,Chikungunya Fever,23
2858,2013-W41,Cholera,0
2859,2013-W41,Dengue Fever,435
2860,2013-W41,Dengue Haemorrhagic Fever,3
2861,2013-W41,Diphtheria,0
2862,2013-W41,Encephalitis,0
2863,2013-W41,Haemophilus influenzae type b,0
2864,2013-W41,"Hand, Foot Mouth Disease",1247
2865,2013-W41,Legionellosis,0
2866,2013-W41,Malaria,0
2867,2013-W41,Measles,2
2868,2013-W41,Melioidosis,0
2869,2013-W41,Meningococcal Infection,0
2870,2013-W41,Mumps,9
2871,2013-W41,Nipah virus infection,0
2872,2013-W41,Paratyphoid,1
2873,2013-W41,Pertussis,0
2874,2013-W41,Plague,0
2875,2013-W41,Pneumococcal Disease (invasive),0
2876,2013-W41,Poliomyelitis,0
2877,2013-W41,Rubella,2
2878,2013-W41,Salmonellosis(non-enteric fevers),46
2879,2013-W41,SARS,0
2880,2013-W41,Typhoid,1
2881,2013-W41,Viral Hepatitis A,0
2882,2013-W41,Viral Hepatitis E,0
2883,2013-W41,Yellow Fever,0
2884,2013-W42,Acute Viral hepatitis B,2
2885,2013-W42,Acute Viral hepatitis C,0
2886,2013-W42,Avian Influenza,0
2887,2013-W42,Campylobacterenterosis,0
2888,2013-W42,Chikungunya Fever,16
2889,2013-W42,Cholera,0
2890,2013-W42,Dengue Fever,371
2891,2013-W42,Dengue Haemorrhagic Fever,3
2892,2013-W42,Diphtheria,0
2893,2013-W42,Encephalitis,1
2894,2013-W42,Haemophilus influenzae type b,2
2895,2013-W42,"Hand, Foot Mouth Disease",1147
2896,2013-W42,Legionellosis,0
2897,2013-W42,Malaria,0
2898,2013-W42,Measles,2
2899,2013-W42,Melioidosis,0
2900,2013-W42,Meningococcal Infection,0
2901,2013-W42,Mumps,4
2902,2013-W42,Nipah virus infection,0
2903,2013-W42,Paratyphoid,1
2904,2013-W42,Pertussis,0
2905,2013-W42,Plague,0
2906,2013-W42,Pneumococcal Disease (invasive),1
2907,2013-W42,Poliomyelitis,0
2908,2013-W42,Rubella,0
2909,2013-W42,Salmonellosis(non-enteric fevers),39
2910,2013-W42,SARS,0
2911,2013-W42,Typhoid,1
2912,2013-W42,Viral Hepatitis A,1
2913,2013-W42,Viral Hepatitis E,1
2914,2013-W42,Yellow Fever,0
2915,2013-W43,Acute Viral hepatitis B,0
2916,2013-W43,Acute Viral hepatitis C,0
2917,2013-W43,Avian Influenza,0
2918,2013-W43,Campylobacterenterosis,9
2919,2013-W43,Chikungunya Fever,21
2920,2013-W43,Cholera,1
2921,2013-W43,Dengue Fever,495
2922,2013-W43,Dengue Haemorrhagic Fever,0
2923,2013-W43,Diphtheria,0
2924,2013-W43,Encephalitis,0
2925,2013-W43,Haemophilus influenzae type b,0
2926,2013-W43,"Hand, Foot Mouth Disease",1029
2927,2013-W43,Legionellosis,1
2928,2013-W43,Malaria,1
2929,2013-W43,Measles,3
2930,2013-W43,Melioidosis,0
2931,2013-W43,Meningococcal Infection,0
2932,2013-W43,Mumps,3
2933,2013-W43,Nipah virus infection,0
2934,2013-W43,Paratyphoid,1
2935,2013-W43,Pertussis,0
2936,2013-W43,Plague,0
2937,2013-W43,Pneumococcal Disease (invasive),4
2938,2013-W43,Poliomyelitis,0
2939,2013-W43,Rubella,1
2940,2013-W43,Salmonellosis(non-enteric fevers),37
2941,2013-W43,SARS,0
2942,2013-W43,Typhoid,1
2943,2013-W43,Viral Hepatitis A,1
2944,2013-W43,Viral Hepatitis E,1
2945,2013-W43,Yellow Fever,0
2946,2013-W44,Acute Viral hepatitis B,2
2947,2013-W44,Acute Viral hepatitis C,0
2948,2013-W44,Avian Influenza,0
2949,2013-W44,Campylobacterenterosis,6
2950,2013-W44,Chikungunya Fever,22
2951,2013-W44,Cholera,0
2952,2013-W44,Dengue Fever,457
2953,2013-W44,Dengue Haemorrhagic Fever,1
2954,2013-W44,Diphtheria,0
2955,2013-W44,Encephalitis,2
2956,2013-W44,Haemophilus influenzae type b,0
2957,2013-W44,"Hand, Foot Mouth Disease",914
2958,2013-W44,Legionellosis,0
2959,2013-W44,Malaria,0
2960,2013-W44,Measles,2
2961,2013-W44,Melioidosis,1
2962,2013-W44,Meningococcal Infection,0
2963,2013-W44,Mumps,6
2964,2013-W44,Nipah virus infection,0
2965,2013-W44,Paratyphoid,0
2966,2013-W44,Pertussis,0
2967,2013-W44,Plague,0
2968,2013-W44,Pneumococcal Disease (invasive),4
2969,2013-W44,Poliomyelitis,0
2970,2013-W44,Rubella,1
2971,2013-W44,Salmonellosis(non-enteric fevers),27
2972,2013-W44,SARS,0
2973,2013-W44,Typhoid,0
2974,2013-W44,Viral Hepatitis A,7
2975,2013-W44,Viral Hepatitis E,0
2976,2013-W44,Yellow Fever,0
2977,2013-W45,Acute Viral hepatitis B,1
2978,2013-W45,Acute Viral hepatitis C,0
2979,2013-W45,Avian Influenza,0
2980,2013-W45,Campylobacterenterosis,7
2981,2013-W45,Chikungunya Fever,31
2982,2013-W45,Cholera,0
2983,2013-W45,Dengue Fever,401
2984,2013-W45,Dengue Haemorrhagic Fever,1
2985,2013-W45,Diphtheria,0
2986,2013-W45,Encephalitis,1
2987,2013-W45,Haemophilus influenzae type b,1
2988,2013-W45,"Hand, Foot Mouth Disease",1002
2989,2013-W45,Legionellosis,1
2990,2013-W45,Malaria,2
2991,2013-W45,Measles,4
2992,2013-W45,Melioidosis,1
2993,2013-W45,Meningococcal Infection,0
2994,2013-W45,Mumps,4
2995,2013-W45,Nipah virus infection,0
2996,2013-W45,Paratyphoid,1
2997,2013-W45,Pertussis,0
2998,2013-W45,Plague,0
2999,2013-W45,Pneumococcal Disease (invasive),3
3000,2013-W45,Poliomyelitis,0
3001,2013-W45,Rubella,1
3002,2013-W45,Salmonellosis(non-enteric fevers),46
3003,2013-W45,SARS,0
3004,2013-W45,Typhoid,0
3005,2013-W45,Viral Hepatitis A,2
3006,2013-W45,Viral Hepatitis E,0
3007,2013-W45,Yellow Fever,0
3008,2013-W46,Acute Viral hepatitis B,1
3009,2013-W46,Acute Viral hepatitis C,0
3010,2013-W46,Avian Influenza,0
3011,2013-W46,Campylobacterenterosis,12
3012,2013-W46,Chikungunya Fever,23
3013,2013-W46,Cholera,0
3014,2013-W46,Dengue Fever,442
3015,2013-W46,Dengue Haemorrhagic Fever,2
3016,2013-W46,Diphtheria,0
3017,2013-W46,Encephalitis,0
3018,2013-W46,Haemophilus influenzae type b,0
3019,2013-W46,"Hand, Foot Mouth Disease",849
3020,2013-W46,Legionellosis,0
3021,2013-W46,Malaria,1
3022,2013-W46,Measles,0
3023,2013-W46,Melioidosis,4
3024,2013-W46,Meningococcal Infection,0
3025,2013-W46,Mumps,10
3026,2013-W46,Nipah virus infection,0
3027,2013-W46,Paratyphoid,0
3028,2013-W46,Pertussis,1
3029,2013-W46,Plague,0
3030,2013-W46,Pneumococcal Disease (invasive),1
3031,2013-W46,Poliomyelitis,0
3032,2013-W46,Rubella,1
3033,2013-W46,Salmonellosis(non-enteric fevers),26
3034,2013-W46,SARS,0
3035,2013-W46,Typhoid,1
3036,2013-W46,Viral Hepatitis A,3
3037,2013-W46,Viral Hepatitis E,0
3038,2013-W46,Yellow Fever,0
3039,2013-W47,Acute Viral hepatitis B,2
3040,2013-W47,Acute Viral hepatitis C,0
3041,2013-W47,Avian Influenza,0
3042,2013-W47,Campylobacterenterosis,8
3043,2013-W47,Chikungunya Fever,36
3044,2013-W47,Cholera,0
3045,2013-W47,Dengue Fever,365
3046,2013-W47,Dengue Haemorrhagic Fever,0
3047,2013-W47,Diphtheria,0
3048,2013-W47,Encephalitis,1
3049,2013-W47,Haemophilus influenzae type b,0
3050,2013-W47,"Hand, Foot Mouth Disease",740
3051,2013-W47,Legionellosis,0
3052,2013-W47,Malaria,2
3053,2013-W47,Measles,1
3054,2013-W47,Melioidosis,0
3055,2013-W47,Meningococcal Infection,0
3056,2013-W47,Mumps,11
3057,2013-W47,Nipah virus infection,0
3058,2013-W47,Paratyphoid,0
3059,2013-W47,Pertussis,0
3060,2013-W47,Plague,0
3061,2013-W47,Pneumococcal Disease (invasive),9
3062,2013-W47,Poliomyelitis,0
3063,2013-W47,Rubella,1
3064,2013-W47,Salmonellosis(non-enteric fevers),29
3065,2013-W47,SARS,0
3066,2013-W47,Typhoid,1
3067,2013-W47,Viral Hepatitis A,1
3068,2013-W47,Viral Hepatitis E,3
3069,2013-W47,Yellow Fever,0
3070,2013-W48,Acute Viral hepatitis B,0
3071,2013-W48,Acute Viral hepatitis C,0
3072,2013-W48,Avian Influenza,0
3073,2013-W48,Campylobacterenterosis,6
3074,2013-W48,Chikungunya Fever,27
3075,2013-W48,Cholera,0
3076,2013-W48,Dengue Fever,372
3077,2013-W48,Dengue Haemorrhagic Fever,0
3078,2013-W48,Diphtheria,0
3079,2013-W48,Encephalitis,1
3080,2013-W48,Haemophilus influenzae type b,0
3081,2013-W48,"Hand, Foot Mouth Disease",607
3082,2013-W48,Legionellosis,0
3083,2013-W48,Malaria,3
3084,2013-W48,Measles,0
3085,2013-W48,Melioidosis,0
3086,2013-W48,Meningococcal Infection,0
3087,2013-W48,Mumps,6
3088,2013-W48,Nipah virus infection,0
3089,2013-W48,Paratyphoid,0
3090,2013-W48,Pertussis,0
3091,2013-W48,Plague,0
3092,2013-W48,Pneumococcal Disease (invasive),3
3093,2013-W48,Poliomyelitis,0
3094,2013-W48,Rubella,1
3095,2013-W48,Salmonellosis(non-enteric fevers),45
3096,2013-W48,SARS,0
3097,2013-W48,Typhoid,2
3098,2013-W48,Viral Hepatitis A,1
3099,2013-W48,Viral Hepatitis E,0
3100,2013-W48,Yellow Fever,0
3101,2013-W49,Acute Viral hepatitis B,1
3102,2013-W49,Acute Viral hepatitis C,0
3103,2013-W49,Avian Influenza,0
3104,2013-W49,Campylobacterenterosis,8
3105,2013-W49,Chikungunya Fever,32
3106,2013-W49,Cholera,0
3107,2013-W49,Dengue Fever,347
3108,2013-W49,Dengue Haemorrhagic Fever,0
3109,2013-W49,Diphtheria,0
3110,2013-W49,Encephalitis,2
3111,2013-W49,Haemophilus influenzae type b,0
3112,2013-W49,"Hand, Foot Mouth Disease",628
3113,2013-W49,Legionellosis,3
3114,2013-W49,Malaria,1
3115,2013-W49,Measles,1
3116,2013-W49,Melioidosis,0
3117,2013-W49,Meningococcal Infection,0
3118,2013-W49,Mumps,9
3119,2013-W49,Nipah virus infection,0
3120,2013-W49,Paratyphoid,0
3121,2013-W49,Pertussis,0
3122,2013-W49,Plague,0
3123,2013-W49,Pneumococcal Disease (invasive),7
3124,2013-W49,Poliomyelitis,0
3125,2013-W49,Rubella,2
3126,2013-W49,Salmonellosis(non-enteric fevers),27
3127,2013-W49,SARS,0
3128,2013-W49,Typhoid,1
3129,2013-W49,Viral Hepatitis A,4
3130,2013-W49,Viral Hepatitis E,2
3131,2013-W49,Yellow Fever,0
3132,2013-W50,Acute Viral hepatitis B,0
3133,2013-W50,Acute Viral hepatitis C,0
3134,2013-W50,Avian Influenza,0
3135,2013-W50,Campylobacterenterosis,8
3136,2013-W50,Chikungunya Fever,23
3137,2013-W50,Cholera,0
3138,2013-W50,Dengue Fever,380
3139,2013-W50,Dengue Haemorrhagic Fever,1
3140,2013-W50,Diphtheria,0
3141,2013-W50,Encephalitis,0
3142,2013-W50,Haemophilus influenzae type b,0
3143,2013-W50,"Hand, Foot Mouth Disease",575
3144,2013-W50,Legionellosis,2
3145,2013-W50,Malaria,1
3146,2013-W50,Measles,0
3147,2013-W50,Melioidosis,0
3148,2013-W50,Meningococcal Infection,1
3149,2013-W50,Mumps,4
3150,2013-W50,Nipah virus infection,0
3151,2013-W50,Paratyphoid,0
3152,2013-W50,Pertussis,0
3153,2013-W50,Plague,0
3154,2013-W50,Pneumococcal Disease (invasive),4
3155,2013-W50,Poliomyelitis,0
3156,2013-W50,Rubella,0
3157,2013-W50,Salmonellosis(non-enteric fevers),33
3158,2013-W50,SARS,0
3159,2013-W50,Typhoid,0
3160,2013-W50,Viral Hepatitis A,6
3161,2013-W50,Viral Hepatitis E,1
3162,2013-W50,Yellow Fever,0
3163,2013-W51,Acute Viral hepatitis B,2
3164,2013-W51,Acute Viral hepatitis C,0
3165,2013-W51,Avian Influenza,0
3166,2013-W51,Campylobacterenterosis,14
3167,2013-W51,Chikungunya Fever,33
3168,2013-W51,Cholera,0
3169,2013-W51,Dengue Fever,371
3170,2013-W51,Dengue Haemorrhagic Fever,0
3171,2013-W51,Diphtheria,0
3172,2013-W51,Encephalitis,0
3173,2013-W51,Haemophilus influenzae type b,0
3174,2013-W51,"Hand, Foot Mouth Disease",542
3175,2013-W51,Legionellosis,0
3176,2013-W51,Malaria,1
3177,2013-W51,Measles,2
3178,2013-W51,Melioidosis,0
3179,2013-W51,Meningococcal Infection,0
3180,2013-W51,Mumps,10
3181,2013-W51,Nipah virus infection,0
3182,2013-W51,Paratyphoid,2
3183,2013-W51,Pertussis,0
3184,2013-W51,Plague,0
3185,2013-W51,Pneumococcal Disease (invasive),4
3186,2013-W51,Poliomyelitis,0
3187,2013-W51,Rubella,0
3188,2013-W51,Salmonellosis(non-enteric fevers),28
3189,2013-W51,SARS,0
3190,2013-W51,Typhoid,1
3191,2013-W51,Viral Hepatitis A,0
3192,2013-W51,Viral Hepatitis E,0
3193,2013-W51,Yellow Fever,0
3194,2013-W52,Acute Viral hepatitis B,1
3195,2013-W52,Acute Viral hepatitis C,0
3196,2013-W52,Avian Influenza,0
3197,2013-W52,Campylobacterenterosis,6
3198,2013-W52,Chikungunya Fever,20
3199,2013-W52,Cholera,0
3200,2013-W52,Dengue Fever,414
3201,2013-W52,Dengue Haemorrhagic Fever,0
3202,2013-W52,Diphtheria,0
3203,2013-W52,Encephalitis,0
3204,2013-W52,Haemophilus influenzae type b,0
3205,2013-W52,"Hand, Foot Mouth Disease",363
3206,2013-W52,Legionellosis,2
3207,2013-W52,Malaria,3
3208,2013-W52,Measles,3
3209,2013-W52,Melioidosis,1
3210,2013-W52,Meningococcal Infection,0
3211,2013-W52,Mumps,9
3212,2013-W52,Nipah virus infection,0
3213,2013-W52,Paratyphoid,1
3214,2013-W52,Pertussis,0
3215,2013-W52,Plague,0
3216,2013-W52,Pneumococcal Disease (invasive),4
3217,2013-W52,Poliomyelitis,0
3218,2013-W52,Rubella,0
3219,2013-W52,Salmonellosis(non-enteric fevers),20
3220,2013-W52,SARS,0
3221,2013-W52,Typhoid,3
3222,2013-W52,Viral Hepatitis A,0
3223,2013-W52,Viral Hepatitis E,1
3224,2013-W52,Yellow Fever,0
3225,2014-W01,Acute Viral hepatitis B,0
3226,2014-W01,Acute Viral hepatitis C,0
3227,2014-W01,Avian Influenza,0
3228,2014-W01,Campylobacterenterosis,10
3229,2014-W01,Chikungunya Fever,19
3230,2014-W01,Cholera,0
3231,2014-W01,Dengue Fever,436
3232,2014-W01,Dengue Haemorrhagic Fever,1
3233,2014-W01,Diphtheria,0
3234,2014-W01,Encephalitis,0
3235,2014-W01,Haemophilus influenzae type b,0
3236,2014-W01,"Hand, Foot Mouth Disease",345
3237,2014-W01,Legionellosis,0
3238,2014-W01,Malaria,1
3239,2014-W01,Measles,5
3240,2014-W01,Melioidosis,1
3241,2014-W01,Meningococcal Infection,0
3242,2014-W01,Mumps,7
3243,2014-W01,Nipah virus infection,0
3244,2014-W01,Paratyphoid,0
3245,2014-W01,Pertussis,0
3246,2014-W01,Plague,0
3247,2014-W01,Pneumococcal Disease (invasive),3
3248,2014-W01,Poliomyelitis,0
3249,2014-W01,Rubella,0
3250,2014-W01,Salmonellosis(non-enteric fevers),22
3251,2014-W01,SARS,0
3252,2014-W01,Typhoid,4
3253,2014-W01,Viral Hepatitis A,1
3254,2014-W01,Viral Hepatitis E,2
3255,2014-W01,Yellow Fever,0
3256,2014-W02,Acute Viral hepatitis B,2
3257,2014-W02,Acute Viral hepatitis C,0
3258,2014-W02,Avian Influenza,0
3259,2014-W02,Campylobacterenterosis,10
3260,2014-W02,Chikungunya Fever,29
3261,2014-W02,Cholera,0
3262,2014-W02,Dengue Fever,479
3263,2014-W02,Dengue Haemorrhagic Fever,0
3264,2014-W02,Diphtheria,0
3265,2014-W02,Encephalitis,2
3266,2014-W02,Haemophilus influenzae type b,0
3267,2014-W02,"Hand, Foot Mouth Disease",346
3268,2014-W02,Legionellosis,2
3269,2014-W02,Malaria,1
3270,2014-W02,Measles,2
3271,2014-W02,Melioidosis,0
3272,2014-W02,Meningococcal Infection,0
3273,2014-W02,Mumps,14
3274,2014-W02,Nipah virus infection,0
3275,2014-W02,Paratyphoid,0
3276,2014-W02,Pertussis,1
3277,2014-W02,Plague,0
3278,2014-W02,Pneumococcal Disease (invasive),0
3279,2014-W02,Poliomyelitis,0
3280,2014-W02,Rubella,0
3281,2014-W02,Salmonellosis(non-enteric fevers),38
3282,2014-W02,SARS,0
3283,2014-W02,Typhoid,0
3284,2014-W02,Viral Hepatitis A,4
3285,2014-W02,Viral Hepatitis E,0
3286,2014-W02,Yellow Fever,0
3287,2014-W03,Acute Viral hepatitis B,0
3288,2014-W03,Acute Viral hepatitis C,0
3289,2014-W03,Avian Influenza,0
3290,2014-W03,Campylobacterenterosis,5
3291,2014-W03,Chikungunya Fever,20
3292,2014-W03,Cholera,0
3293,2014-W03,Dengue Fever,401
3294,2014-W03,Dengue Haemorrhagic Fever,0
3295,2014-W03,Diphtheria,0
3296,2014-W03,Encephalitis,0
3297,2014-W03,Haemophilus influenzae type b,0
3298,2014-W03,"Hand, Foot Mouth Disease",387
3299,2014-W03,Legionellosis,1
3300,2014-W03,Malaria,2
3301,2014-W03,Measles,15
3302,2014-W03,Melioidosis,1
3303,2014-W03,Meningococcal Infection,0
3304,2014-W03,Mumps,14
3305,2014-W03,Nipah virus infection,0
3306,2014-W03,Paratyphoid,0
3307,2014-W03,Pertussis,1
3308,2014-W03,Plague,0
3309,2014-W03,Pneumococcal Disease (invasive),3
3310,2014-W03,Poliomyelitis,0
3311,2014-W03,Rubella,0
3312,2014-W03,Salmonellosis(non-enteric fevers),27
3313,2014-W03,SARS,0
3314,2014-W03,Typhoid,2
3315,2014-W03,Viral Hepatitis A,5
3316,2014-W03,Viral Hepatitis E,0
3317,2014-W03,Yellow Fever,0
3318,2014-W04,Acute Viral hepatitis B,1
3319,2014-W04,Acute Viral hepatitis C,0
3320,2014-W04,Avian Influenza,0
3321,2014-W04,Campylobacterenterosis,5
3322,2014-W04,Chikungunya Fever,17
3323,2014-W04,Cholera,0
3324,2014-W04,Dengue Fever,336
3325,2014-W04,Dengue Haemorrhagic Fever,0
3326,2014-W04,Diphtheria,0
3327,2014-W04,Encephalitis,1
3328,2014-W04,Haemophilus influenzae type b,1
3329,2014-W04,"Hand, Foot Mouth Disease",366
3330,2014-W04,Legionellosis,0
3331,2014-W04,Malaria,1
3332,2014-W04,Measles,8
3333,2014-W04,Melioidosis,0
3334,2014-W04,Meningococcal Infection,0
3335,2014-W04,Mumps,10
3336,2014-W04,Nipah virus infection,0
3337,2014-W04,Paratyphoid,0
3338,2014-W04,Pertussis,0
3339,2014-W04,Plague,0
3340,2014-W04,Pneumococcal Disease (invasive),3
3341,2014-W04,Poliomyelitis,0
3342,2014-W04,Rubella,2
3343,2014-W04,Salmonellosis(non-enteric fevers),32
3344,2014-W04,SARS,0
3345,2014-W04,Typhoid,2
3346,2014-W04,Viral Hepatitis A,2
3347,2014-W04,Viral Hepatitis E,1
3348,2014-W04,Yellow Fever,0
3349,2014-W05,Acute Viral hepatitis B,1
3350,2014-W05,Acute Viral hepatitis C,0
3351,2014-W05,Avian Influenza,0
3352,2014-W05,Campylobacterenterosis,10
3353,2014-W05,Chikungunya Fever,13
3354,2014-W05,Cholera,0
3355,2014-W05,Dengue Fever,234
3356,2014-W05,Dengue Haemorrhagic Fever,0
3357,2014-W05,Diphtheria,0
3358,2014-W05,Encephalitis,0
3359,2014-W05,Haemophilus influenzae type b,0
3360,2014-W05,"Hand, Foot Mouth Disease",214
3361,2014-W05,Legionellosis,1
3362,2014-W05,Malaria,0
3363,2014-W05,Measles,3
3364,2014-W05,Melioidosis,0
3365,2014-W05,Meningococcal Infection,0
3366,2014-W05,Mumps,5
3367,2014-W05,Nipah virus infection,0
3368,2014-W05,Paratyphoid,1
3369,2014-W05,Pertussis,0
3370,2014-W05,Plague,0
3371,2014-W05,Pneumococcal Disease (invasive),3
3372,2014-W05,Poliomyelitis,0
3373,2014-W05,Rubella,0
3374,2014-W05,Salmonellosis(non-enteric fevers),25
3375,2014-W05,SARS,0
3376,2014-W05,Typhoid,1
3377,2014-W05,Viral Hepatitis A,2
3378,2014-W05,Viral Hepatitis E,0
3379,2014-W05,Yellow Fever,0
3380,2014-W06,Acute Viral hepatitis B,1
3381,2014-W06,Acute Viral hepatitis C,0
3382,2014-W06,Avian Influenza,0
3383,2014-W06,Campylobacterenterosis,8
3384,2014-W06,Chikungunya Fever,9
3385,2014-W06,Cholera,0
3386,2014-W06,Dengue Fever,273
3387,2014-W06,Dengue Haemorrhagic Fever,1
3388,2014-W06,Diphtheria,0
3389,2014-W06,Encephalitis,2
3390,2014-W06,Haemophilus influenzae type b,0
3391,2014-W06,"Hand, Foot Mouth Disease",312
3392,2014-W06,Legionellosis,0
3393,2014-W06,Malaria,0
3394,2014-W06,Measles,7
3395,2014-W06,Melioidosis,1
3396,2014-W06,Meningococcal Infection,1
3397,2014-W06,Mumps,12
3398,2014-W06,Nipah virus infection,0
3399,2014-W06,Paratyphoid,1
3400,2014-W06,Pertussis,0
3401,2014-W06,Plague,0
3402,2014-W06,Pneumococcal Disease (invasive),4
3403,2014-W06,Poliomyelitis,0
3404,2014-W06,Rubella,0
3405,2014-W06,Salmonellosis(non-enteric fevers),26
3406,2014-W06,SARS,0
3407,2014-W06,Typhoid,0
3408,2014-W06,Viral Hepatitis A,3
3409,2014-W06,Viral Hepatitis E,0
3410,2014-W06,Yellow Fever,0
3411,2014-W07,Acute Viral hepatitis B,0
3412,2014-W07,Acute Viral hepatitis C,1
3413,2014-W07,Avian Influenza,0
3414,2014-W07,Campylobacterenterosis,5
3415,2014-W07,Chikungunya Fever,9
3416,2014-W07,Cholera,0
3417,2014-W07,Dengue Fever,369
3418,2014-W07,Dengue Haemorrhagic Fever,0
3419,2014-W07,Diphtheria,0
3420,2014-W07,Encephalitis,3
3421,2014-W07,Haemophilus influenzae type b,1
3422,2014-W07,"Hand, Foot Mouth Disease",329
3423,2014-W07,Legionellosis,0
3424,2014-W07,Malaria,0
3425,2014-W07,Measles,6
3426,2014-W07,Melioidosis,0
3427,2014-W07,Meningococcal Infection,0
3428,2014-W07,Mumps,10
3429,2014-W07,Nipah virus infection,0
3430,2014-W07,Paratyphoid,0
3431,2014-W07,Pertussis,0
3432,2014-W07,Plague,0
3433,2014-W07,Pneumococcal Disease (invasive),3
3434,2014-W07,Poliomyelitis,0
3435,2014-W07,Rubella,0
3436,2014-W07,Salmonellosis(non-enteric fevers),30
3437,2014-W07,SARS,0
3438,2014-W07,Typhoid,1
3439,2014-W07,Viral Hepatitis A,3
3440,2014-W07,Viral Hepatitis E,1
3441,2014-W07,Yellow Fever,0
3442,2014-W08,Acute Viral hepatitis B,0
3443,2014-W08,Acute Viral hepatitis C,0
3444,2014-W08,Avian Influenza,0
3445,2014-W08,Campylobacterenterosis,9
3446,2014-W08,Chikungunya Fever,12
3447,2014-W08,Cholera,0
3448,2014-W08,Dengue Fever,193
3449,2014-W08,Dengue Haemorrhagic Fever,1
3450,2014-W08,Diphtheria,0
3451,2014-W08,Encephalitis,1
3452,2014-W08,Haemophilus influenzae type b,0
3453,2014-W08,"Hand, Foot Mouth Disease",371
3454,2014-W08,Legionellosis,1
3455,2014-W08,Malaria,0
3456,2014-W08,Measles,8
3457,2014-W08,Melioidosis,0
3458,2014-W08,Meningococcal Infection,0
3459,2014-W08,Mumps,11
3460,2014-W08,Nipah virus infection,0
3461,2014-W08,Paratyphoid,0
3462,2014-W08,Pertussis,0
3463,2014-W08,Plague,0
3464,2014-W08,Pneumococcal Disease (invasive),2
3465,2014-W08,Poliomyelitis,0
3466,2014-W08,Rubella,2
3467,2014-W08,Salmonellosis(non-enteric fevers),21
3468,2014-W08,SARS,0
3469,2014-W08,Typhoid,0
3470,2014-W08,Viral Hepatitis A,2
3471,2014-W08,Viral Hepatitis E,1
3472,2014-W08,Yellow Fever,0
3473,2014-W09,Acute Viral hepatitis B,3
3474,2014-W09,Acute Viral hepatitis C,0
3475,2014-W09,Avian Influenza,0
3476,2014-W09,Campylobacterenterosis,12
3477,2014-W09,Chikungunya Fever,3
3478,2014-W09,Cholera,0
3479,2014-W09,Dengue Fever,186
3480,2014-W09,Dengue Haemorrhagic Fever,1
3481,2014-W09,Diphtheria,0
3482,2014-W09,Encephalitis,1
3483,2014-W09,Haemophilus influenzae type b,1
3484,2014-W09,"Hand, Foot Mouth Disease",331
3485,2014-W09,Legionellosis,2
3486,2014-W09,Malaria,0
3487,2014-W09,Measles,8
3488,2014-W09,Melioidosis,0
3489,2014-W09,Meningococcal Infection,0
3490,2014-W09,Mumps,14
3491,2014-W09,Nipah virus infection,0
3492,2014-W09,Paratyphoid,0
3493,2014-W09,Pertussis,0
3494,2014-W09,Plague,0
3495,2014-W09,Pneumococcal Disease (invasive),4
3496,2014-W09,Poliomyelitis,0
3497,2014-W09,Rubella,0
3498,2014-W09,Salmonellosis(non-enteric fevers),23
3499,2014-W09,SARS,0
3500,2014-W09,Typhoid,2
3501,2014-W09,Viral Hepatitis A,2
3502,2014-W09,Viral Hepatitis E,1
3503,2014-W09,Yellow Fever,0
3504,2014-W10,Acute Viral hepatitis B,0
3505,2014-W10,Acute Viral hepatitis C,0
3506,2014-W10,Avian Influenza,0
3507,2014-W10,Campylobacterenterosis,3
3508,2014-W10,Chikungunya Fever,3
3509,2014-W10,Cholera,0
3510,2014-W10,Dengue Fever,209
3511,2014-W10,Dengue Haemorrhagic Fever,1
3512,2014-W10,Diphtheria,0
3513,2014-W10,Encephalitis,0
3514,2014-W10,Haemophilus influenzae type b,0
3515,2014-W10,"Hand, Foot Mouth Disease",321
3516,2014-W10,Legionellosis,0
3517,2014-W10,Malaria,0
3518,2014-W10,Measles,5
3519,2014-W10,Melioidosis,1
3520,2014-W10,Meningococcal Infection,0
3521,2014-W10,Mumps,2
3522,2014-W10,Nipah virus infection,0
3523,2014-W10,Paratyphoid,1
3524,2014-W10,Pertussis,0
3525,2014-W10,Plague,0
3526,2014-W10,Pneumococcal Disease (invasive),5
3527,2014-W10,Poliomyelitis,0
3528,2014-W10,Rubella,0
3529,2014-W10,Salmonellosis(non-enteric fevers),22
3530,2014-W10,SARS,0
3531,2014-W10,Typhoid,4
3532,2014-W10,Viral Hepatitis A,1
3533,2014-W10,Viral Hepatitis E,1
3534,2014-W10,Yellow Fever,0
3535,2014-W11,Acute Viral hepatitis B,1
3536,2014-W11,Acute Viral hepatitis C,0
3537,2014-W11,Avian Influenza,0
3538,2014-W11,Campylobacterenterosis,11
3539,2014-W11,Chikungunya Fever,5
3540,2014-W11,Cholera,0
3541,2014-W11,Dengue Fever,224
3542,2014-W11,Dengue Haemorrhagic Fever,1
3543,2014-W11,Diphtheria,0
3544,2014-W11,Encephalitis,0
3545,2014-W11,Haemophilus influenzae type b,0
3546,2014-W11,"Hand, Foot Mouth Disease",309
3547,2014-W11,Legionellosis,0
3548,2014-W11,Malaria,1
3549,2014-W11,Measles,5
3550,2014-W11,Melioidosis,0
3551,2014-W11,Meningococcal Infection,1
3552,2014-W11,Mumps,12
3553,2014-W11,Nipah virus infection,0
3554,2014-W11,Paratyphoid,2
3555,2014-W11,Pertussis,0
3556,2014-W11,Plague,0
3557,2014-W11,Pneumococcal Disease (invasive),2
3558,2014-W11,Poliomyelitis,0
3559,2014-W11,Rubella,1
3560,2014-W11,Salmonellosis(non-enteric fevers),36
3561,2014-W11,SARS,0
3562,2014-W11,Typhoid,1
3563,2014-W11,Viral Hepatitis A,0
3564,2014-W11,Viral Hepatitis E,1
3565,2014-W11,Yellow Fever,0
3566,2014-W12,Acute Viral hepatitis B,3
3567,2014-W12,Acute Viral hepatitis C,1
3568,2014-W12,Avian Influenza,0
3569,2014-W12,Campylobacterenterosis,11
3570,2014-W12,Chikungunya Fever,2
3571,2014-W12,Cholera,0
3572,2014-W12,Dengue Fever,210
3573,2014-W12,Dengue Haemorrhagic Fever,0
3574,2014-W12,Diphtheria,0
3575,2014-W12,Encephalitis,1
3576,2014-W12,Haemophilus influenzae type b,0
3577,2014-W12,"Hand, Foot Mouth Disease",247
3578,2014-W12,Legionellosis,0
3579,2014-W12,Malaria,2
3580,2014-W12,Measles,3
3581,2014-W12,Melioidosis,0
3582,2014-W12,Meningococcal Infection,0
3583,2014-W12,Mumps,7
3584,2014-W12,Nipah virus infection,0
3585,2014-W12,Paratyphoid,1
3586,2014-W12,Pertussis,0
3587,2014-W12,Plague,0
3588,2014-W12,Pneumococcal Disease (invasive),0
3589,2014-W12,Poliomyelitis,0
3590,2014-W12,Rubella,0
3591,2014-W12,Salmonellosis(non-enteric fevers),40
3592,2014-W12,SARS,0
3593,2014-W12,Typhoid,1
3594,2014-W12,Viral Hepatitis A,2
3595,2014-W12,Viral Hepatitis E,1
3596,2014-W12,Yellow Fever,0
3597,2014-W13,Acute Viral hepatitis B,3
3598,2014-W13,Acute Viral hepatitis C,2
3599,2014-W13,Avian Influenza,0
3600,2014-W13,Campylobacterenterosis,10
3601,2014-W13,Chikungunya Fever,1
3602,2014-W13,Cholera,0
3603,2014-W13,Dengue Fever,225
3604,2014-W13,Dengue Haemorrhagic Fever,0
3605,2014-W13,Diphtheria,0
3606,2014-W13,Encephalitis,0
3607,2014-W13,Haemophilus influenzae type b,0
3608,2014-W13,"Hand, Foot Mouth Disease",312
3609,2014-W13,Legionellosis,2
3610,2014-W13,Malaria,3
3611,2014-W13,Measles,2
3612,2014-W13,Melioidosis,0
3613,2014-W13,Meningococcal Infection,1
3614,2014-W13,Mumps,18
3615,2014-W13,Nipah virus infection,0
3616,2014-W13,Paratyphoid,0
3617,2014-W13,Pertussis,0
3618,2014-W13,Plague,0
3619,2014-W13,Pneumococcal Disease (invasive),2
3620,2014-W13,Poliomyelitis,0
3621,2014-W13,Rubella,3
3622,2014-W13,Salmonellosis(non-enteric fevers),42
3623,2014-W13,SARS,0
3624,2014-W13,Typhoid,2
3625,2014-W13,Viral Hepatitis A,1
3626,2014-W13,Viral Hepatitis E,1
3627,2014-W13,Yellow Fever,0
3628,2014-W14,Acute Viral hepatitis B,3
3629,2014-W14,Acute Viral hepatitis C,0
3630,2014-W14,Avian Influenza,0
3631,2014-W14,Campylobacterenterosis,14
3632,2014-W14,Chikungunya Fever,1
3633,2014-W14,Cholera,0
3634,2014-W14,Dengue Fever,240
3635,2014-W14,Dengue Haemorrhagic Fever,0
3636,2014-W14,Diphtheria,0
3637,2014-W14,Encephalitis,0
3638,2014-W14,Haemophilus influenzae type b,0
3639,2014-W14,"Hand, Foot Mouth Disease",341
3640,2014-W14,Legionellosis,0
3641,2014-W14,Malaria,0
3642,2014-W14,Measles,3
3643,2014-W14,Melioidosis,0
3644,2014-W14,Meningococcal Infection,0
3645,2014-W14,Mumps,9
3646,2014-W14,Nipah virus infection,0
3647,2014-W14,Paratyphoid,0
3648,2014-W14,Pertussis,1
3649,2014-W14,Plague,0
3650,2014-W14,Pneumococcal Disease (invasive),3
3651,2014-W14,Poliomyelitis,0
3652,2014-W14,Rubella,0
3653,2014-W14,Salmonellosis(non-enteric fevers),44
3654,2014-W14,SARS,0
3655,2014-W14,Typhoid,2
3656,2014-W14,Viral Hepatitis A,1
3657,2014-W14,Viral Hepatitis E,3
3658,2014-W14,Yellow Fever,0
3659,2014-W15,Acute Viral hepatitis B,4
3660,2014-W15,Acute Viral hepatitis C,1
3661,2014-W15,Avian Influenza,0
3662,2014-W15,Campylobacterenterosis,6
3663,2014-W15,Chikungunya Fever,1
3664,2014-W15,Cholera,0
3665,2014-W15,Dengue Fever,244
3666,2014-W15,Dengue Haemorrhagic Fever,1
3667,2014-W15,Diphtheria,0
3668,2014-W15,Encephalitis,1
3669,2014-W15,Haemophilus influenzae type b,0
3670,2014-W15,"Hand, Foot Mouth Disease",312
3671,2014-W15,Legionellosis,1
3672,2014-W15,Malaria,0
3673,2014-W15,Measles,3
3674,2014-W15,Melioidosis,0
3675,2014-W15,Meningococcal Infection,0
3676,2014-W15,Mumps,17
3677,2014-W15,Nipah virus infection,0
3678,2014-W15,Paratyphoid,0
3679,2014-W15,Pertussis,0
3680,2014-W15,Plague,0
3681,2014-W15,Pneumococcal Disease (invasive),2
3682,2014-W15,Poliomyelitis,0
3683,2014-W15,Rubella,0
3684,2014-W15,Salmonellosis(non-enteric fevers),41
3685,2014-W15,SARS,0
3686,2014-W15,Typhoid,1
3687,2014-W15,Viral Hepatitis A,1
3688,2014-W15,Viral Hepatitis E,2
3689,2014-W15,Yellow Fever,0
3690,2014-W16,Acute Viral hepatitis B,1
3691,2014-W16,Acute Viral hepatitis C,3
3692,2014-W16,Avian Influenza,0
3693,2014-W16,Campylobacterenterosis,6
3694,2014-W16,Chikungunya Fever,2
3695,2014-W16,Cholera,0
3696,2014-W16,Dengue Fever,235
3697,2014-W16,Dengue Haemorrhagic Fever,0
3698,2014-W16,Diphtheria,0
3699,2014-W16,Encephalitis,1
3700,2014-W16,Haemophilus influenzae type b,0
3701,2014-W16,"Hand, Foot Mouth Disease",348
3702,2014-W16,Legionellosis,1
3703,2014-W16,Malaria,4
3704,2014-W16,Measles,1
3705,2014-W16,Melioidosis,1
3706,2014-W16,Meningococcal Infection,0
3707,2014-W16,Mumps,6
3708,2014-W16,Nipah virus infection,0
3709,2014-W16,Paratyphoid,1
3710,2014-W16,Pertussis,1
3711,2014-W16,Plague,0
3712,2014-W16,Pneumococcal Disease (invasive),2
3713,2014-W16,Poliomyelitis,0
3714,2014-W16,Rubella,3
3715,2014-W16,Salmonellosis(non-enteric fevers),40
3716,2014-W16,SARS,0
3717,2014-W16,Typhoid,0
3718,2014-W16,Viral Hepatitis A,2
3719,2014-W16,Viral Hepatitis E,2
3720,2014-W16,Yellow Fever,0
3721,2014-W17,Acute Viral hepatitis B,1
3722,2014-W17,Acute Viral hepatitis C,5
3723,2014-W17,Avian Influenza,0
3724,2014-W17,Campylobacterenterosis,19
3725,2014-W17,Chikungunya Fever,2
3726,2014-W17,Cholera,0
3727,2014-W17,Dengue Fever,282
3728,2014-W17,Dengue Haemorrhagic Fever,0
3729,2014-W17,Diphtheria,0
3730,2014-W17,Encephalitis,0
3731,2014-W17,Haemophilus influenzae type b,0
3732,2014-W17,"Hand, Foot Mouth Disease",480
3733,2014-W17,Legionellosis,0
3734,2014-W17,Malaria,3
3735,2014-W17,Measles,8
3736,2014-W17,Melioidosis,0
3737,2014-W17,Meningococcal Infection,0
3738,2014-W17,Mumps,12
3739,2014-W17,Nipah virus infection,0
3740,2014-W17,Paratyphoid,3
3741,2014-W17,Pertussis,1
3742,2014-W17,Plague,0
3743,2014-W17,Pneumococcal Disease (invasive),0
3744,2014-W17,Poliomyelitis,0
3745,2014-W17,Rubella,1
3746,2014-W17,Salmonellosis(non-enteric fevers),42
3747,2014-W17,SARS,0
3748,2014-W17,Typhoid,2
3749,2014-W17,Viral Hepatitis A,3
3750,2014-W17,Viral Hepatitis E,3
3751,2014-W17,Yellow Fever,0
3752,2014-W18,Acute Viral hepatitis B,0
3753,2014-W18,Acute Viral hepatitis C,2
3754,2014-W18,Avian Influenza,0
3755,2014-W18,Campylobacterenterosis,14
3756,2014-W18,Chikungunya Fever,1
3757,2014-W18,Cholera,0
3758,2014-W18,Dengue Fever,251
3759,2014-W18,Dengue Haemorrhagic Fever,0
3760,2014-W18,Diphtheria,0
3761,2014-W18,Encephalitis,2
3762,2014-W18,Haemophilus influenzae type b,0
3763,2014-W18,"Hand, Foot Mouth Disease",557
3764,2014-W18,Legionellosis,0
3765,2014-W18,Malaria,1
3766,2014-W18,Measles,7
3767,2014-W18,Melioidosis,1
3768,2014-W18,Meningococcal Infection,1
3769,2014-W18,Mumps,9
3770,2014-W18,Nipah virus infection,0
3771,2014-W18,Paratyphoid,0
3772,2014-W18,Pertussis,0
3773,2014-W18,Plague,0
3774,2014-W18,Pneumococcal Disease (invasive),2
3775,2014-W18,Poliomyelitis,0
3776,2014-W18,Rubella,0
3777,2014-W18,Salmonellosis(non-enteric fevers),50
3778,2014-W18,SARS,0
3779,2014-W18,Typhoid,2
3780,2014-W18,Viral Hepatitis A,1
3781,2014-W18,Viral Hepatitis E,0
3782,2014-W18,Yellow Fever,0
3783,2014-W19,Acute Viral hepatitis B,3
3784,2014-W19,Acute Viral hepatitis C,1
3785,2014-W19,Avian Influenza,0
3786,2014-W19,Campylobacterenterosis,15
3787,2014-W19,Chikungunya Fever,1
3788,2014-W19,Cholera,0
3789,2014-W19,Dengue Fever,261
3790,2014-W19,Dengue Haemorrhagic Fever,0
3791,2014-W19,Diphtheria,0
3792,2014-W19,Encephalitis,1
3793,2014-W19,Haemophilus influenzae type b,0
3794,2014-W19,"Hand, Foot Mouth Disease",628
3795,2014-W19,Legionellosis,0
3796,2014-W19,Malaria,0
3797,2014-W19,Measles,3
3798,2014-W19,Melioidosis,3
3799,2014-W19,Meningococcal Infection,0
3800,2014-W19,Mumps,4
3801,2014-W19,Nipah virus infection,0
3802,2014-W19,Paratyphoid,0
3803,2014-W19,Pertussis,1
3804,2014-W19,Plague,0
3805,2014-W19,Pneumococcal Disease (invasive),2
3806,2014-W19,Poliomyelitis,0
3807,2014-W19,Rubella,0
3808,2014-W19,Salmonellosis(non-enteric fevers),47
3809,2014-W19,SARS,0
3810,2014-W19,Typhoid,1
3811,2014-W19,Viral Hepatitis A,1
3812,2014-W19,Viral Hepatitis E,0
3813,2014-W19,Yellow Fever,0
3814,2014-W20,Acute Viral hepatitis B,4
3815,2014-W20,Acute Viral hepatitis C,0
3816,2014-W20,Avian Influenza,0
3817,2014-W20,Campylobacterenterosis,13
3818,2014-W20,Chikungunya Fever,4
3819,2014-W20,Cholera,0
3820,2014-W20,Dengue Fever,291
3821,2014-W20,Dengue Haemorrhagic Fever,0
3822,2014-W20,Diphtheria,0
3823,2014-W20,Encephalitis,0
3824,2014-W20,Haemophilus influenzae type b,1
3825,2014-W20,"Hand, Foot Mouth Disease",663
3826,2014-W20,Legionellosis,1
3827,2014-W20,Malaria,1
3828,2014-W20,Measles,3
3829,2014-W20,Melioidosis,0
3830,2014-W20,Meningococcal Infection,0
3831,2014-W20,Mumps,10
3832,2014-W20,Nipah virus infection,0
3833,2014-W20,Paratyphoid,1
3834,2014-W20,Pertussis,3
3835,2014-W20,Plague,0
3836,2014-W20,Pneumococcal Disease (invasive),1
3837,2014-W20,Poliomyelitis,0
3838,2014-W20,Rubella,0
3839,2014-W20,Salmonellosis(non-enteric fevers),38
3840,2014-W20,SARS,0
3841,2014-W20,Typhoid,4
3842,2014-W20,Viral Hepatitis A,2
3843,2014-W20,Viral Hepatitis E,3
3844,2014-W20,Yellow Fever,0
3845,2014-W21,Acute Viral hepatitis B,2
3846,2014-W21,Acute Viral hepatitis C,0
3847,2014-W21,Avian Influenza,0
3848,2014-W21,Campylobacterenterosis,11
3849,2014-W21,Chikungunya Fever,1
3850,2014-W21,Cholera,0
3851,2014-W21,Dengue Fever,427
3852,2014-W21,Dengue Haemorrhagic Fever,1
3853,2014-W21,Diphtheria,0
3854,2014-W21,Encephalitis,0
3855,2014-W21,Haemophilus influenzae type b,0
3856,2014-W21,"Hand, Foot Mouth Disease",683
3857,2014-W21,Legionellosis,1
3858,2014-W21,Malaria,0
3859,2014-W21,Measles,3
3860,2014-W21,Melioidosis,1
3861,2014-W21,Meningococcal Infection,0
3862,2014-W21,Mumps,6
3863,2014-W21,Nipah virus infection,0
3864,2014-W21,Paratyphoid,0
3865,2014-W21,Pertussis,0
3866,2014-W21,Plague,0
3867,2014-W21,Pneumococcal Disease (invasive),2
3868,2014-W21,Poliomyelitis,0
3869,2014-W21,Rubella,0
3870,2014-W21,Salmonellosis(non-enteric fevers),56
3871,2014-W21,SARS,0
3872,2014-W21,Typhoid,1
3873,2014-W21,Viral Hepatitis A,1
3874,2014-W21,Viral Hepatitis E,0
3875,2014-W21,Yellow Fever,0
3876,2014-W22,Acute Viral hepatitis B,1
3877,2014-W22,Acute Viral hepatitis C,1
3878,2014-W22,Avian Influenza,0
3879,2014-W22,Campylobacterenterosis,13
3880,2014-W22,Chikungunya Fever,1
3881,2014-W22,Cholera,0
3882,2014-W22,Dengue Fever,456
3883,2014-W22,Dengue Haemorrhagic Fever,0
3884,2014-W22,Diphtheria,0
3885,2014-W22,Encephalitis,1
3886,2014-W22,Haemophilus influenzae type b,0
3887,2014-W22,"Hand, Foot Mouth Disease",793
3888,2014-W22,Legionellosis,1
3889,2014-W22,Malaria,1
3890,2014-W22,Measles,1
3891,2014-W22,Melioidosis,4
3892,2014-W22,Meningococcal Infection,0
3893,2014-W22,Mumps,6
3894,2014-W22,Nipah virus infection,0
3895,2014-W22,Paratyphoid,1
3896,2014-W22,Pertussis,1
3897,2014-W22,Plague,0
3898,2014-W22,Pneumococcal Disease (invasive),2
3899,2014-W22,Poliomyelitis,0
3900,2014-W22,Rubella,0
3901,2014-W22,Salmonellosis(non-enteric fevers),55
3902,2014-W22,SARS,0
3903,2014-W22,Typhoid,2
3904,2014-W22,Viral Hepatitis A,1
3905,2014-W22,Viral Hepatitis E,2
3906,2014-W22,Yellow Fever,0
3907,2014-W23,Acute Viral hepatitis B,4
3908,2014-W23,Acute Viral hepatitis C,0
3909,2014-W23,Avian Influenza,0
3910,2014-W23,Campylobacterenterosis,10
3911,2014-W23,Chikungunya Fever,3
3912,2014-W23,Cholera,0
3913,2014-W23,Dengue Fever,458
3914,2014-W23,Dengue Haemorrhagic Fever,1
3915,2014-W23,Diphtheria,0
3916,2014-W23,Encephalitis,1
3917,2014-W23,Haemophilus influenzae type b,0
3918,2014-W23,"Hand, Foot Mouth Disease",689
3919,2014-W23,Legionellosis,1
3920,2014-W23,Malaria,2
3921,2014-W23,Measles,1
3922,2014-W23,Melioidosis,0
3923,2014-W23,Meningococcal Infection,0
3924,2014-W23,Mumps,8
3925,2014-W23,Nipah virus infection,0
3926,2014-W23,Paratyphoid,0
3927,2014-W23,Pertussis,1
3928,2014-W23,Plague,0
3929,2014-W23,Pneumococcal Disease (invasive),3
3930,2014-W23,Poliomyelitis,0
3931,2014-W23,Rubella,1
3932,2014-W23,Salmonellosis(non-enteric fevers),47
3933,2014-W23,SARS,0
3934,2014-W23,Typhoid,0
3935,2014-W23,Viral Hepatitis A,0
3936,2014-W23,Viral Hepatitis E,0
3937,2014-W23,Yellow Fever,0
3938,2014-W24,Acute Viral hepatitis B,3
3939,2014-W24,Acute Viral hepatitis C,0
3940,2014-W24,Avian Influenza,0
3941,2014-W24,Campylobacterenterosis,11
3942,2014-W24,Chikungunya Fever,3
3943,2014-W24,Cholera,0
3944,2014-W24,Dengue Fever,506
3945,2014-W24,Dengue Haemorrhagic Fever,0
3946,2014-W24,Diphtheria,0
3947,2014-W24,Encephalitis,1
3948,2014-W24,Haemophilus influenzae type b,0
3949,2014-W24,"Hand, Foot Mouth Disease",521
3950,2014-W24,Legionellosis,2
3951,2014-W24,Malaria,1
3952,2014-W24,Measles,1
3953,2014-W24,Melioidosis,0
3954,2014-W24,Meningococcal Infection,0
3955,2014-W24,Mumps,7
3956,2014-W24,Nipah virus infection,0
3957,2014-W24,Paratyphoid,1
3958,2014-W24,Pertussis,0
3959,2014-W24,Plague,0
3960,2014-W24,Pneumococcal Disease (invasive),2
3961,2014-W24,Poliomyelitis,0
3962,2014-W24,Rubella,0
3963,2014-W24,Salmonellosis(non-enteric fevers),41
3964,2014-W24,SARS,0
3965,2014-W24,Typhoid,1
3966,2014-W24,Viral Hepatitis A,0
3967,2014-W24,Viral Hepatitis E,3
3968,2014-W24,Yellow Fever,0
3969,2014-W25,Acute Viral hepatitis B,1
3970,2014-W25,Acute Viral hepatitis C,1
3971,2014-W25,Avian Influenza,0
3972,2014-W25,Campylobacterenterosis,7
3973,2014-W25,Chikungunya Fever,2
3974,2014-W25,Cholera,1
3975,2014-W25,Dengue Fever,550
3976,2014-W25,Dengue Haemorrhagic Fever,1
3977,2014-W25,Diphtheria,0
3978,2014-W25,Encephalitis,0
3979,2014-W25,Haemophilus influenzae type b,0
3980,2014-W25,"Hand, Foot Mouth Disease",473
3981,2014-W25,Legionellosis,0
3982,2014-W25,Malaria,3
3983,2014-W25,Measles,0
3984,2014-W25,Melioidosis,1
3985,2014-W25,Meningococcal Infection,0
3986,2014-W25,Mumps,8
3987,2014-W25,Nipah virus infection,0
3988,2014-W25,Paratyphoid,1
3989,2014-W25,Pertussis,1
3990,2014-W25,Plague,0
3991,2014-W25,Pneumococcal Disease (invasive),0
3992,2014-W25,Poliomyelitis,0
3993,2014-W25,Rubella,1
3994,2014-W25,Salmonellosis(non-enteric fevers),47
3995,2014-W25,SARS,0
3996,2014-W25,Typhoid,2
3997,2014-W25,Viral Hepatitis A,2
3998,2014-W25,Viral Hepatitis E,2
3999,2014-W25,Yellow Fever,0
4000,2014-W26,Acute Viral hepatitis B,0
4001,2014-W26,Acute Viral hepatitis C,1
4002,2014-W26,Avian Influenza,0
4003,2014-W26,Campylobacterenterosis,4
4004,2014-W26,Chikungunya Fever,1
4005,2014-W26,Cholera,0
4006,2014-W26,Dengue Fever,671
4007,2014-W26,Dengue Haemorrhagic Fever,0
4008,2014-W26,Diphtheria,0
4009,2014-W26,Encephalitis,0
4010,2014-W26,Haemophilus influenzae type b,0
4011,2014-W26,"Hand, Foot Mouth Disease",431
4012,2014-W26,Legionellosis,3
4013,2014-W26,Malaria,2
4014,2014-W26,Measles,3
4015,2014-W26,Melioidosis,1
4016,2014-W26,Meningococcal Infection,0
4017,2014-W26,Mumps,7
4018,2014-W26,Nipah virus infection,0
4019,2014-W26,Paratyphoid,0
4020,2014-W26,Pertussis,0
4021,2014-W26,Plague,0
4022,2014-W26,Pneumococcal Disease (invasive),4
4023,2014-W26,Poliomyelitis,0
4024,2014-W26,Rubella,1
4025,2014-W26,Salmonellosis(non-enteric fevers),50
4026,2014-W26,SARS,0
4027,2014-W26,Typhoid,0
4028,2014-W26,Viral Hepatitis A,0
4029,2014-W26,Viral Hepatitis E,1
4030,2014-W26,Yellow Fever,0
4031,2014-W27,Acute Viral hepatitis B,4
4032,2014-W27,Acute Viral hepatitis C,0
4033,2014-W27,Avian Influenza,0
4034,2014-W27,Campylobacterenterosis,9
4035,2014-W27,Chikungunya Fever,1
4036,2014-W27,Cholera,0
4037,2014-W27,Dengue Fever,888
4038,2014-W27,Dengue Haemorrhagic Fever,3
4039,2014-W27,Diphtheria,0
4040,2014-W27,Encephalitis,0
4041,2014-W27,Haemophilus influenzae type b,0
4042,2014-W27,"Hand, Foot Mouth Disease",369
4043,2014-W27,Legionellosis,1
4044,2014-W27,Malaria,1
4045,2014-W27,Measles,2
4046,2014-W27,Melioidosis,0
4047,2014-W27,Meningococcal Infection,1
4048,2014-W27,Mumps,7
4049,2014-W27,Nipah virus infection,0
4050,2014-W27,Paratyphoid,0
4051,2014-W27,Pertussis,0
4052,2014-W27,Plague,0
4053,2014-W27,Pneumococcal Disease (invasive),3
4054,2014-W27,Poliomyelitis,0
4055,2014-W27,Rubella,1
4056,2014-W27,Salmonellosis(non-enteric fevers),40
4057,2014-W27,SARS,0
4058,2014-W27,Typhoid,2
4059,2014-W27,Viral Hepatitis A,2
4060,2014-W27,Viral Hepatitis E,0
4061,2014-W27,Yellow Fever,0
4062,2014-W28,Acute Viral hepatitis B,3
4063,2014-W28,Acute Viral hepatitis C,2
4064,2014-W28,Avian Influenza,0
4065,2014-W28,Campylobacterenterosis,10
4066,2014-W28,Chikungunya Fever,2
4067,2014-W28,Cholera,0
4068,2014-W28,Dengue Fever,818
4069,2014-W28,Dengue Haemorrhagic Fever,1
4070,2014-W28,Diphtheria,0
4071,2014-W28,Encephalitis,1
4072,2014-W28,Haemophilus influenzae type b,0
4073,2014-W28,"Hand, Foot Mouth Disease",430
4074,2014-W28,Legionellosis,0
4075,2014-W28,Malaria,3
4076,2014-W28,Measles,4
4077,2014-W28,Melioidosis,2
4078,2014-W28,Meningococcal Infection,0
4079,2014-W28,Mumps,5
4080,2014-W28,Nipah virus infection,0
4081,2014-W28,Paratyphoid,1
4082,2014-W28,Pertussis,0
4083,2014-W28,Plague,0
4084,2014-W28,Pneumococcal Disease (invasive),4
4085,2014-W28,Poliomyelitis,0
4086,2014-W28,Rubella,0
4087,2014-W28,Salmonellosis(non-enteric fevers),46
4088,2014-W28,SARS,0
4089,2014-W28,Typhoid,2
4090,2014-W28,Viral Hepatitis A,0
4091,2014-W28,Viral Hepatitis E,2
4092,2014-W28,Yellow Fever,0
4093,2014-W29,Acute Viral hepatitis B,2
4094,2014-W29,Acute Viral hepatitis C,1
4095,2014-W29,Avian Influenza,0
4096,2014-W29,Campylobacterenterosis,6
4097,2014-W29,Chikungunya Fever,0
4098,2014-W29,Cholera,0
4099,2014-W29,Dengue Fever,744
4100,2014-W29,Dengue Haemorrhagic Fever,2
4101,2014-W29,Diphtheria,0
4102,2014-W29,Encephalitis,2
4103,2014-W29,Haemophilus influenzae type b,0
4104,2014-W29,"Hand, Foot Mouth Disease",426
4105,2014-W29,Legionellosis,1
4106,2014-W29,Malaria,1
4107,2014-W29,Measles,3
4108,2014-W29,Melioidosis,1
4109,2014-W29,Meningococcal Infection,0
4110,2014-W29,Mumps,11
4111,2014-W29,Nipah virus infection,0
4112,2014-W29,Paratyphoid,0
4113,2014-W29,Pertussis,0
4114,2014-W29,Plague,0
4115,2014-W29,Pneumococcal Disease (invasive),1
4116,2014-W29,Poliomyelitis,0
4117,2014-W29,Rubella,1
4118,2014-W29,Salmonellosis(non-enteric fevers),38
4119,2014-W29,SARS,0
4120,2014-W29,Typhoid,1
4121,2014-W29,Viral Hepatitis A,1
4122,2014-W29,Viral Hepatitis E,3
4123,2014-W29,Yellow Fever,0
4124,2014-W30,Acute Viral hepatitis B,1
4125,2014-W30,Acute Viral hepatitis C,3
4126,2014-W30,Avian Influenza,0
4127,2014-W30,Campylobacterenterosis,7
4128,2014-W30,Chikungunya Fever,2
4129,2014-W30,Cholera,0
4130,2014-W30,Dengue Fever,633
4131,2014-W30,Dengue Haemorrhagic Fever,1
4132,2014-W30,Diphtheria,0
4133,2014-W30,Encephalitis,1
4134,2014-W30,Haemophilus influenzae type b,0
4135,2014-W30,"Hand, Foot Mouth Disease",393
4136,2014-W30,Legionellosis,0
4137,2014-W30,Malaria,1
4138,2014-W30,Measles,3
4139,2014-W30,Melioidosis,1
4140,2014-W30,Meningococcal Infection,0
4141,2014-W30,Mumps,11
4142,2014-W30,Nipah virus infection,0
4143,2014-W30,Paratyphoid,0
4144,2014-W30,Pertussis,1
4145,2014-W30,Plague,0
4146,2014-W30,Pneumococcal Disease (invasive),2
4147,2014-W30,Poliomyelitis,0
4148,2014-W30,Rubella,0
4149,2014-W30,Salmonellosis(non-enteric fevers),35
4150,2014-W30,SARS,0
4151,2014-W30,Typhoid,0
4152,2014-W30,Viral Hepatitis A,1
4153,2014-W30,Viral Hepatitis E,0
4154,2014-W30,Yellow Fever,0
4155,2014-W31,Acute Viral hepatitis B,5
4156,2014-W31,Acute Viral hepatitis C,3
4157,2014-W31,Avian Influenza,0
4158,2014-W31,Campylobacterenterosis,5
4159,2014-W31,Chikungunya Fever,1
4160,2014-W31,Cholera,0
4161,2014-W31,Dengue Fever,484
4162,2014-W31,Dengue Haemorrhagic Fever,0
4163,2014-W31,Diphtheria,0
4164,2014-W31,Encephalitis,0
4165,2014-W31,Haemophilus influenzae type b,0
4166,2014-W31,"Hand, Foot Mouth Disease",338
4167,2014-W31,Legionellosis,2
4168,2014-W31,Malaria,1
4169,2014-W31,Measles,0
4170,2014-W31,Melioidosis,1
4171,2014-W31,Meningococcal Infection,0
4172,2014-W31,Mumps,9
4173,2014-W31,Nipah virus infection,0
4174,2014-W31,Paratyphoid,0
4175,2014-W31,Pertussis,1
4176,2014-W31,Plague,0
4177,2014-W31,Pneumococcal Disease (invasive),2
4178,2014-W31,Poliomyelitis,0
4179,2014-W31,Rubella,1
4180,2014-W31,Salmonellosis(non-enteric fevers),42
4181,2014-W31,SARS,0
4182,2014-W31,Typhoid,2
4183,2014-W31,Viral Hepatitis A,1
4184,2014-W31,Viral Hepatitis E,3
4185,2014-W31,Yellow Fever,0
4186,2014-W32,Acute Viral hepatitis B,4
4187,2014-W32,Acute Viral hepatitis C,2
4188,2014-W32,Avian Influenza,0
4189,2014-W32,Campylobacterenterosis,14
4190,2014-W32,Chikungunya Fever,0
4191,2014-W32,Cholera,0
4192,2014-W32,Dengue Fever,545
4193,2014-W32,Dengue Haemorrhagic Fever,0
4194,2014-W32,Diphtheria,0
4195,2014-W32,Encephalitis,0
4196,2014-W32,Haemophilus influenzae type b,0
4197,2014-W32,"Hand, Foot Mouth Disease",422
4198,2014-W32,Legionellosis,0
4199,2014-W32,Malaria,1
4200,2014-W32,Measles,4
4201,2014-W32,Melioidosis,1
4202,2014-W32,Meningococcal Infection,0
4203,2014-W32,Mumps,10
4204,2014-W32,Nipah virus infection,0
4205,2014-W32,Paratyphoid,0
4206,2014-W32,Pertussis,0
4207,2014-W32,Plague,0
4208,2014-W32,Pneumococcal Disease (invasive),2
4209,2014-W32,Poliomyelitis,0
4210,2014-W32,Rubella,0
4211,2014-W32,Salmonellosis(non-enteric fevers),35
4212,2014-W32,SARS,0
4213,2014-W32,Typhoid,1
4214,2014-W32,Viral Hepatitis A,3
4215,2014-W32,Viral Hepatitis E,4
4216,2014-W32,Yellow Fever,0
4217,2014-W33,Acute Viral hepatitis B,1
4218,2014-W33,Acute Viral hepatitis C,1
4219,2014-W33,Avian Influenza,0
4220,2014-W33,Campylobacterenterosis,4
4221,2014-W33,Chikungunya Fever,3
4222,2014-W33,Cholera,0
4223,2014-W33,Dengue Fever,438
4224,2014-W33,Dengue Haemorrhagic Fever,0
4225,2014-W33,Diphtheria,0
4226,2014-W33,Encephalitis,1
4227,2014-W33,Haemophilus influenzae type b,0
4228,2014-W33,"Hand, Foot Mouth Disease",446
4229,2014-W33,Legionellosis,0
4230,2014-W33,Malaria,4
4231,2014-W33,Measles,2
4232,2014-W33,Melioidosis,1
4233,2014-W33,Meningococcal Infection,0
4234,2014-W33,Mumps,8
4235,2014-W33,Nipah virus infection,0
4236,2014-W33,Paratyphoid,1
4237,2014-W33,Pertussis,0
4238,2014-W33,Plague,0
4239,2014-W33,Pneumococcal Disease (invasive),4
4240,2014-W33,Poliomyelitis,0
4241,2014-W33,Rubella,0
4242,2014-W33,Salmonellosis(non-enteric fevers),40
4243,2014-W33,SARS,0
4244,2014-W33,Typhoid,0
4245,2014-W33,Viral Hepatitis A,3
4246,2014-W33,Viral Hepatitis E,0
4247,2014-W33,Yellow Fever,0
4248,2014-W34,Acute Viral hepatitis B,0
4249,2014-W34,Acute Viral hepatitis C,2
4250,2014-W34,Avian Influenza,0
4251,2014-W34,Campylobacterenterosis,8
4252,2014-W34,Chikungunya Fever,0
4253,2014-W34,Cholera,0
4254,2014-W34,Dengue Fever,418
4255,2014-W34,Dengue Haemorrhagic Fever,0
4256,2014-W34,Diphtheria,0
4257,2014-W34,Encephalitis,1
4258,2014-W34,Haemophilus influenzae type b,1
4259,2014-W34,"Hand, Foot Mouth Disease",464
4260,2014-W34,Legionellosis,1
4261,2014-W34,Malaria,1
4262,2014-W34,Measles,3
4263,2014-W34,Melioidosis,0
4264,2014-W34,Meningococcal Infection,0
4265,2014-W34,Mumps,11
4266,2014-W34,Nipah virus infection,0
4267,2014-W34,Paratyphoid,0
4268,2014-W34,Pertussis,0
4269,2014-W34,Plague,0
4270,2014-W34,Pneumococcal Disease (invasive),6
4271,2014-W34,Poliomyelitis,0
4272,2014-W34,Rubella,0
4273,2014-W34,Salmonellosis(non-enteric fevers),34
4274,2014-W34,SARS,0
4275,2014-W34,Typhoid,0
4276,2014-W34,Viral Hepatitis A,2
4277,2014-W34,Viral Hepatitis E,4
4278,2014-W34,Yellow Fever,0
4279,2014-W35,Acute Viral hepatitis B,2
4280,2014-W35,Acute Viral hepatitis C,0
4281,2014-W35,Avian Influenza,0
4282,2014-W35,Campylobacterenterosis,8
4283,2014-W35,Chikungunya Fever,2
4284,2014-W35,Cholera,0
4285,2014-W35,Dengue Fever,367
4286,2014-W35,Dengue Haemorrhagic Fever,0
4287,2014-W35,Diphtheria,0
4288,2014-W35,Encephalitis,2
4289,2014-W35,Haemophilus influenzae type b,0
4290,2014-W35,"Hand, Foot Mouth Disease",523
4291,2014-W35,Legionellosis,0
4292,2014-W35,Malaria,0
4293,2014-W35,Measles,3
4294,2014-W35,Melioidosis,2
4295,2014-W35,Meningococcal Infection,0
4296,2014-W35,Mumps,12
4297,2014-W35,Nipah virus infection,0
4298,2014-W35,Paratyphoid,0
4299,2014-W35,Pertussis,1
4300,2014-W35,Plague,0
4301,2014-W35,Pneumococcal Disease (invasive),2
4302,2014-W35,Poliomyelitis,0
4303,2014-W35,Rubella,1
4304,2014-W35,Salmonellosis(non-enteric fevers),36
4305,2014-W35,SARS,0
4306,2014-W35,Typhoid,0
4307,2014-W35,Viral Hepatitis A,1
4308,2014-W35,Viral Hepatitis E,4
4309,2014-W35,Yellow Fever,0
4310,2014-W36,Acute Viral hepatitis B,3
4311,2014-W36,Acute Viral hepatitis C,2
4312,2014-W36,Avian Influenza,0
4313,2014-W36,Campylobacterenterosis,7
4314,2014-W36,Chikungunya Fever,1
4315,2014-W36,Cholera,0
4316,2014-W36,Dengue Fever,339
4317,2014-W36,Dengue Haemorrhagic Fever,0
4318,2014-W36,Diphtheria,0
4319,2014-W36,Encephalitis,0
4320,2014-W36,Haemophilus influenzae type b,1
4321,2014-W36,"Hand, Foot Mouth Disease",523
4322,2014-W36,Legionellosis,1
4323,2014-W36,Malaria,1
4324,2014-W36,Measles,0
4325,2014-W36,Melioidosis,0
4326,2014-W36,Meningococcal Infection,1
4327,2014-W36,Mumps,6
4328,2014-W36,Nipah virus infection,0
4329,2014-W36,Paratyphoid,0
4330,2014-W36,Pertussis,0
4331,2014-W36,Plague,0
4332,2014-W36,Pneumococcal Disease (invasive),2
4333,2014-W36,Poliomyelitis,0
4334,2014-W36,Rubella,0
4335,2014-W36,Salmonellosis(non-enteric fevers),29
4336,2014-W36,SARS,0
4337,2014-W36,Typhoid,1
4338,2014-W36,Viral Hepatitis A,4
4339,2014-W36,Viral Hepatitis E,2
4340,2014-W36,Yellow Fever,0
4341,2014-W37,Acute Viral hepatitis B,3
4342,2014-W37,Acute Viral hepatitis C,1
4343,2014-W37,Avian Influenza,0
4344,2014-W37,Campylobacterenterosis,7
4345,2014-W37,Chikungunya Fever,0
4346,2014-W37,Cholera,0
4347,2014-W37,Dengue Fever,362
4348,2014-W37,Dengue Haemorrhagic Fever,0
4349,2014-W37,Diphtheria,0
4350,2014-W37,Encephalitis,2
4351,2014-W37,Haemophilus influenzae type b,0
4352,2014-W37,"Hand, Foot Mouth Disease",377
4353,2014-W37,Legionellosis,1
4354,2014-W37,Malaria,2
4355,2014-W37,Measles,0
4356,2014-W37,Melioidosis,2
4357,2014-W37,Meningococcal Infection,0
4358,2014-W37,Mumps,11
4359,2014-W37,Nipah virus infection,0
4360,2014-W37,Paratyphoid,1
4361,2014-W37,Pertussis,0
4362,2014-W37,Plague,0
4363,2014-W37,Pneumococcal Disease (invasive),5
4364,2014-W37,Poliomyelitis,0
4365,2014-W37,Rubella,1
4366,2014-W37,Salmonellosis(non-enteric fevers),44
4367,2014-W37,SARS,0
4368,2014-W37,Typhoid,0
4369,2014-W37,Viral Hepatitis A,1
4370,2014-W37,Viral Hepatitis E,0
4371,2014-W37,Yellow Fever,0
4372,2014-W38,Acute Viral hepatitis B,0
4373,2014-W38,Acute Viral hepatitis C,1
4374,2014-W38,Avian Influenza,0
4375,2014-W38,Campylobacterenterosis,2
4376,2014-W38,Chikungunya Fever,0
4377,2014-W38,Cholera,0
4378,2014-W38,Dengue Fever,396
4379,2014-W38,Dengue Haemorrhagic Fever,1
4380,2014-W38,Diphtheria,0
4381,2014-W38,Encephalitis,0
4382,2014-W38,Haemophilus influenzae type b,0
4383,2014-W38,"Hand, Foot Mouth Disease",502
4384,2014-W38,Legionellosis,1
4385,2014-W38,Malaria,1
4386,2014-W38,Measles,0
4387,2014-W38,Melioidosis,0
4388,2014-W38,Meningococcal Infection,1
4389,2014-W38,Mumps,7
4390,2014-W38,Nipah virus infection,0
4391,2014-W38,Paratyphoid,0
4392,2014-W38,Pertussis,0
4393,2014-W38,Plague,0
4394,2014-W38,Pneumococcal Disease (invasive),2
4395,2014-W38,Poliomyelitis,0
4396,2014-W38,Rubella,2
4397,2014-W38,Salmonellosis(non-enteric fevers),37
4398,2014-W38,SARS,0
4399,2014-W38,Typhoid,1
4400,2014-W38,Viral Hepatitis A,2
4401,2014-W38,Viral Hepatitis E,0
4402,2014-W38,Yellow Fever,0
4403,2014-W39,Acute Viral hepatitis B,1
4404,2014-W39,Acute Viral hepatitis C,1
4405,2014-W39,Avian Influenza,0
4406,2014-W39,Campylobacterenterosis,9
4407,2014-W39,Chikungunya Fever,1
4408,2014-W39,Cholera,0
4409,2014-W39,Dengue Fever,344
4410,2014-W39,Dengue Haemorrhagic Fever,1
4411,2014-W39,Diphtheria,0
4412,2014-W39,Encephalitis,1
4413,2014-W39,Haemophilus influenzae type b,0
4414,2014-W39,"Hand, Foot Mouth Disease",488
4415,2014-W39,Legionellosis,0
4416,2014-W39,Malaria,0
4417,2014-W39,Measles,0
4418,2014-W39,Melioidosis,1
4419,2014-W39,Meningococcal Infection,0
4420,2014-W39,Mumps,14
4421,2014-W39,Nipah virus infection,0
4422,2014-W39,Paratyphoid,1
4423,2014-W39,Pertussis,0
4424,2014-W39,Plague,0
4425,2014-W39,Pneumococcal Disease (invasive),7
4426,2014-W39,Poliomyelitis,0
4427,2014-W39,Rubella,0
4428,2014-W39,Salmonellosis(non-enteric fevers),41
4429,2014-W39,SARS,0
4430,2014-W39,Typhoid,2
4431,2014-W39,Viral Hepatitis A,1
4432,2014-W39,Viral Hepatitis E,1
4433,2014-W39,Yellow Fever,0
4434,2014-W40,Acute Viral hepatitis B,4
4435,2014-W40,Acute Viral hepatitis C,1
4436,2014-W40,Avian Influenza,0
4437,2014-W40,Campylobacterenterosis,4
4438,2014-W40,Chikungunya Fever,1
4439,2014-W40,Cholera,0
4440,2014-W40,Dengue Fever,339
4441,2014-W40,Dengue Haemorrhagic Fever,0
4442,2014-W40,Diphtheria,0
4443,2014-W40,Encephalitis,0
4444,2014-W40,Haemophilus influenzae type b,0
4445,2014-W40,"Hand, Foot Mouth Disease",512
4446,2014-W40,Legionellosis,0
4447,2014-W40,Malaria,2
4448,2014-W40,Measles,0
4449,2014-W40,Melioidosis,1
4450,2014-W40,Meningococcal Infection,0
4451,2014-W40,Mumps,7
4452,2014-W40,Nipah virus infection,0
4453,2014-W40,Paratyphoid,0
4454,2014-W40,Pertussis,2
4455,2014-W40,Plague,0
4456,2014-W40,Pneumococcal Disease (invasive),2
4457,2014-W40,Poliomyelitis,0
4458,2014-W40,Rubella,0
4459,2014-W40,Salmonellosis(non-enteric fevers),39
4460,2014-W40,SARS,0
4461,2014-W40,Typhoid,0
4462,2014-W40,Viral Hepatitis A,0
4463,2014-W40,Viral Hepatitis E,2
4464,2014-W40,Yellow Fever,0
4465,2014-W41,Acute Viral hepatitis B,1
4466,2014-W41,Acute Viral hepatitis C,4
4467,2014-W41,Avian Influenza,0
4468,2014-W41,Campylobacterenterosis,3
4469,2014-W41,Chikungunya Fever,0
4470,2014-W41,Cholera,1
4471,2014-W41,Dengue Fever,278
4472,2014-W41,Dengue Haemorrhagic Fever,0
4473,2014-W41,Diphtheria,0
4474,2014-W41,Encephalitis,1
4475,2014-W41,Haemophilus influenzae type b,0
4476,2014-W41,"Hand, Foot Mouth Disease",382
4477,2014-W41,Legionellosis,0
4478,2014-W41,Malaria,2
4479,2014-W41,Measles,0
4480,2014-W41,Melioidosis,0
4481,2014-W41,Meningococcal Infection,0
4482,2014-W41,Mumps,11
4483,2014-W41,Nipah virus infection,0
4484,2014-W41,Paratyphoid,0
4485,2014-W41,Pertussis,0
4486,2014-W41,Plague,0
4487,2014-W41,Pneumococcal Disease (invasive),2
4488,2014-W41,Poliomyelitis,0
4489,2014-W41,Rubella,0
4490,2014-W41,Salmonellosis(non-enteric fevers),29
4491,2014-W41,SARS,0
4492,2014-W41,Typhoid,1
4493,2014-W41,Viral Hepatitis A,1
4494,2014-W41,Viral Hepatitis E,1
4495,2014-W41,Yellow Fever,0
4496,2014-W42,Acute Viral hepatitis B,2
4497,2014-W42,Acute Viral hepatitis C,3
4498,2014-W42,Avian Influenza,0
4499,2014-W42,Campylobacterenterosis,12
4500,2014-W42,Chikungunya Fever,1
4501,2014-W42,Cholera,0
4502,2014-W42,Dengue Fever,297
4503,2014-W42,Dengue Haemorrhagic Fever,0
4504,2014-W42,Diphtheria,0
4505,2014-W42,Encephalitis,1
4506,2014-W42,Haemophilus influenzae type b,0
4507,2014-W42,"Hand, Foot Mouth Disease",385
4508,2014-W42,Legionellosis,3
4509,2014-W42,Malaria,1
4510,2014-W42,Measles,0
4511,2014-W42,Melioidosis,2
4512,2014-W42,Meningococcal Infection,0
4513,2014-W42,Mumps,12
4514,2014-W42,Nipah virus infection,0
4515,2014-W42,Paratyphoid,0
4516,2014-W42,Pertussis,0
4517,2014-W42,Plague,0
4518,2014-W42,Pneumococcal Disease (invasive),3
4519,2014-W42,Poliomyelitis,0
4520,2014-W42,Rubella,0
4521,2014-W42,Salmonellosis(non-enteric fevers),42
4522,2014-W42,SARS,0
4523,2014-W42,Typhoid,1
4524,2014-W42,Viral Hepatitis A,1
4525,2014-W42,Viral Hepatitis E,0
4526,2014-W42,Yellow Fever,0
4527,2014-W43,Acute Viral hepatitis B,1
4528,2014-W43,Acute Viral hepatitis C,2
4529,2014-W43,Avian Influenza,0
4530,2014-W43,Campylobacterenterosis,8
4531,2014-W43,Chikungunya Fever,1
4532,2014-W43,Cholera,0
4533,2014-W43,Dengue Fever,213
4534,2014-W43,Dengue Haemorrhagic Fever,0
4535,2014-W43,Diphtheria,0
4536,2014-W43,Encephalitis,1
4537,2014-W43,Haemophilus influenzae type b,0
4538,2014-W43,"Hand, Foot Mouth Disease",364
4539,2014-W43,Legionellosis,0
4540,2014-W43,Malaria,1
4541,2014-W43,Measles,0
4542,2014-W43,Melioidosis,0
4543,2014-W43,Meningococcal Infection,0
4544,2014-W43,Mumps,6
4545,2014-W43,Nipah virus infection,0
4546,2014-W43,Paratyphoid,0
4547,2014-W43,Pertussis,2
4548,2014-W43,Plague,0
4549,2014-W43,Pneumococcal Disease (invasive),3
4550,2014-W43,Poliomyelitis,0
4551,2014-W43,Rubella,0
4552,2014-W43,Salmonellosis(non-enteric fevers),35
4553,2014-W43,SARS,0
4554,2014-W43,Typhoid,0
4555,2014-W43,Viral Hepatitis A,1
4556,2014-W43,Viral Hepatitis E,1
4557,2014-W43,Yellow Fever,0
4558,2014-W44,Acute Viral hepatitis B,10
4559,2014-W44,Acute Viral hepatitis C,1
4560,2014-W44,Avian Influenza,0
4561,2014-W44,Campylobacterenterosis,4
4562,2014-W44,Chikungunya Fever,0
4563,2014-W44,Cholera,0
4564,2014-W44,Dengue Fever,186
4565,2014-W44,Dengue Haemorrhagic Fever,0
4566,2014-W44,Diphtheria,0
4567,2014-W44,Encephalitis,1
4568,2014-W44,Haemophilus influenzae type b,0
4569,2014-W44,"Hand, Foot Mouth Disease",377
4570,2014-W44,Legionellosis,1
4571,2014-W44,Malaria,1
4572,2014-W44,Measles,1
4573,2014-W44,Melioidosis,1
4574,2014-W44,Meningococcal Infection,0
4575,2014-W44,Mumps,7
4576,2014-W44,Nipah virus infection,0
4577,2014-W44,Paratyphoid,0
4578,2014-W44,Pertussis,0
4579,2014-W44,Plague,0
4580,2014-W44,Pneumococcal Disease (invasive),4
4581,2014-W44,Poliomyelitis,0
4582,2014-W44,Rubella,0
4583,2014-W44,Salmonellosis(non-enteric fevers),32
4584,2014-W44,SARS,0
4585,2014-W44,Typhoid,0
4586,2014-W44,Viral Hepatitis A,2
4587,2014-W44,Viral Hepatitis E,3
4588,2014-W44,Yellow Fever,0
4589,2014-W45,Acute Viral hepatitis B,4
4590,2014-W45,Acute Viral hepatitis C,2
4591,2014-W45,Avian Influenza,0
4592,2014-W45,Campylobacterenterosis,8
4593,2014-W45,Chikungunya Fever,0
4594,2014-W45,Cholera,0
4595,2014-W45,Dengue Fever,168
4596,2014-W45,Dengue Haemorrhagic Fever,1
4597,2014-W45,Diphtheria,0
4598,2014-W45,Encephalitis,1
4599,2014-W45,Haemophilus influenzae type b,0
4600,2014-W45,"Hand, Foot Mouth Disease",400
4601,2014-W45,Legionellosis,0
4602,2014-W45,Malaria,4
4603,2014-W45,Measles,0
4604,2014-W45,Melioidosis,0
4605,2014-W45,Meningococcal Infection,0
4606,2014-W45,Mumps,7
4607,2014-W45,Nipah virus infection,0
4608,2014-W45,Paratyphoid,0
4609,2014-W45,Pertussis,0
4610,2014-W45,Plague,0
4611,2014-W45,Pneumococcal Disease (invasive),3
4612,2014-W45,Poliomyelitis,0
4613,2014-W45,Rubella,1
4614,2014-W45,Salmonellosis(non-enteric fevers),37
4615,2014-W45,SARS,0
4616,2014-W45,Typhoid,0
4617,2014-W45,Viral Hepatitis A,0
4618,2014-W45,Viral Hepatitis E,1
4619,2014-W45,Yellow Fever,0
4620,2014-W46,Acute Viral hepatitis B,3
4621,2014-W46,Acute Viral hepatitis C,0
4622,2014-W46,Avian Influenza,0
4623,2014-W46,Campylobacterenterosis,4
4624,2014-W46,Chikungunya Fever,0
4625,2014-W46,Cholera,0
4626,2014-W46,Dengue Fever,158
4627,2014-W46,Dengue Haemorrhagic Fever,0
4628,2014-W46,Diphtheria,0
4629,2014-W46,Encephalitis,0
4630,2014-W46,Haemophilus influenzae type b,0
4631,2014-W46,"Hand, Foot Mouth Disease",359
4632,2014-W46,Legionellosis,2
4633,2014-W46,Malaria,1
4634,2014-W46,Measles,0
4635,2014-W46,Melioidosis,0
4636,2014-W46,Meningococcal Infection,0
4637,2014-W46,Mumps,8
4638,2014-W46,Nipah virus infection,0
4639,2014-W46,Paratyphoid,0
4640,2014-W46,Pertussis,0
4641,2014-W46,Plague,0
4642,2014-W46,Pneumococcal Disease (invasive),2
4643,2014-W46,Poliomyelitis,0
4644,2014-W46,Rubella,0
4645,2014-W46,Salmonellosis(non-enteric fevers),42
4646,2014-W46,SARS,0
4647,2014-W46,Typhoid,1
4648,2014-W46,Viral Hepatitis A,1
4649,2014-W46,Viral Hepatitis E,1
4650,2014-W46,Yellow Fever,0
4651,2014-W47,Acute Viral hepatitis B,3
4652,2014-W47,Acute Viral hepatitis C,0
4653,2014-W47,Avian Influenza,0
4654,2014-W47,Campylobacterenterosis,4
4655,2014-W47,Chikungunya Fever,1
4656,2014-W47,Cholera,0
4657,2014-W47,Dengue Fever,149
4658,2014-W47,Dengue Haemorrhagic Fever,0
4659,2014-W47,Diphtheria,0
4660,2014-W47,Encephalitis,0
4661,2014-W47,Haemophilus influenzae type b,0
4662,2014-W47,"Hand, Foot Mouth Disease",357
4663,2014-W47,Legionellosis,1
4664,2014-W47,Malaria,0
4665,2014-W47,Measles,0
4666,2014-W47,Melioidosis,0
4667,2014-W47,Meningococcal Infection,0
4668,2014-W47,Mumps,14
4669,2014-W47,Nipah virus infection,0
4670,2014-W47,Paratyphoid,1
4671,2014-W47,Pertussis,0
4672,2014-W47,Plague,0
4673,2014-W47,Pneumococcal Disease (invasive),8
4674,2014-W47,Poliomyelitis,0
4675,2014-W47,Rubella,0
4676,2014-W47,Salmonellosis(non-enteric fevers),34
4677,2014-W47,SARS,0
4678,2014-W47,Typhoid,1
4679,2014-W47,Viral Hepatitis A,1
4680,2014-W47,Viral Hepatitis E,1
4681,2014-W47,Yellow Fever,0
4682,2014-W48,Acute Viral hepatitis B,0
4683,2014-W48,Acute Viral hepatitis C,0
4684,2014-W48,Avian Influenza,0
4685,2014-W48,Campylobacterenterosis,8
4686,2014-W48,Chikungunya Fever,1
4687,2014-W48,Cholera,0
4688,2014-W48,Dengue Fever,162
4689,2014-W48,Dengue Haemorrhagic Fever,0
4690,2014-W48,Diphtheria,0
4691,2014-W48,Encephalitis,0
4692,2014-W48,Haemophilus influenzae type b,0
4693,2014-W48,"Hand, Foot Mouth Disease",356
4694,2014-W48,Legionellosis,0
4695,2014-W48,Malaria,0
4696,2014-W48,Measles,0
4697,2014-W48,Melioidosis,2
4698,2014-W48,Meningococcal Infection,1
4699,2014-W48,Mumps,5
4700,2014-W48,Nipah virus infection,0
4701,2014-W48,Paratyphoid,0
4702,2014-W48,Pertussis,0
4703,2014-W48,Plague,0
4704,2014-W48,Pneumococcal Disease (invasive),1
4705,2014-W48,Poliomyelitis,0
4706,2014-W48,Rubella,1
4707,2014-W48,Salmonellosis(non-enteric fevers),24
4708,2014-W48,SARS,0
4709,2014-W48,Typhoid,1
4710,2014-W48,Viral Hepatitis A,1
4711,2014-W48,Viral Hepatitis E,2
4712,2014-W48,Yellow Fever,0
4713,2014-W49,Acute Viral hepatitis B,0
4714,2014-W49,Acute Viral hepatitis C,0
4715,2014-W49,Avian Influenza,0
4716,2014-W49,Campylobacterenterosis,8
4717,2014-W49,Chikungunya Fever,1
4718,2014-W49,Cholera,0
4719,2014-W49,Dengue Fever,212
4720,2014-W49,Dengue Haemorrhagic Fever,0
4721,2014-W49,Diphtheria,0
4722,2014-W49,Encephalitis,1
4723,2014-W49,Haemophilus influenzae type b,0
4724,2014-W49,"Hand, Foot Mouth Disease",302
4725,2014-W49,Legionellosis,1
4726,2014-W49,Malaria,1
4727,2014-W49,Measles,0
4728,2014-W49,Melioidosis,0
4729,2014-W49,Meningococcal Infection,0
4730,2014-W49,Mumps,8
4731,2014-W49,Nipah virus infection,0
4732,2014-W49,Paratyphoid,0
4733,2014-W49,Pertussis,0
4734,2014-W49,Plague,0
4735,2014-W49,Pneumococcal Disease (invasive),0
4736,2014-W49,Poliomyelitis,0
4737,2014-W49,Rubella,0
4738,2014-W49,Salmonellosis(non-enteric fevers),29
4739,2014-W49,SARS,0
4740,2014-W49,Typhoid,0
4741,2014-W49,Viral Hepatitis A,0
4742,2014-W49,Viral Hepatitis E,5
4743,2014-W49,Yellow Fever,0
4744,2014-W50,Acute Viral hepatitis B,2
4745,2014-W50,Acute Viral hepatitis C,0
4746,2014-W50,Avian Influenza,0
4747,2014-W50,Campylobacterenterosis,9
4748,2014-W50,Chikungunya Fever,1
4749,2014-W50,Cholera,0
4750,2014-W50,Dengue Fever,177
4751,2014-W50,Dengue Haemorrhagic Fever,0
4752,2014-W50,Diphtheria,0
4753,2014-W50,Encephalitis,1
4754,2014-W50,Haemophilus influenzae type b,0
4755,2014-W50,"Hand, Foot Mouth Disease",371
4756,2014-W50,Legionellosis,0
4757,2014-W50,Malaria,1
4758,2014-W50,Measles,1
4759,2014-W50,Melioidosis,0
4760,2014-W50,Meningococcal Infection,1
4761,2014-W50,Mumps,5
4762,2014-W50,Nipah virus infection,0
4763,2014-W50,Paratyphoid,0
4764,2014-W50,Pertussis,2
4765,2014-W50,Plague,0
4766,2014-W50,Pneumococcal Disease (invasive),5
4767,2014-W50,Poliomyelitis,0
4768,2014-W50,Rubella,0
4769,2014-W50,Salmonellosis(non-enteric fevers),22
4770,2014-W50,SARS,0
4771,2014-W50,Typhoid,2
4772,2014-W50,Viral Hepatitis A,0
4773,2014-W50,Viral Hepatitis E,1
4774,2014-W50,Yellow Fever,0
4775,2014-W51,Acute Viral hepatitis B,2
4776,2014-W51,Acute Viral hepatitis C,2
4777,2014-W51,Avian Influenza,0
4778,2014-W51,Campylobacterenterosis,3
4779,2014-W51,Chikungunya Fever,0
4780,2014-W51,Cholera,0
4781,2014-W51,Dengue Fever,198
4782,2014-W51,Dengue Haemorrhagic Fever,0
4783,2014-W51,Diphtheria,0
4784,2014-W51,Encephalitis,0
4785,2014-W51,Haemophilus influenzae type b,0
4786,2014-W51,"Hand, Foot Mouth Disease",439
4787,2014-W51,Legionellosis,1
4788,2014-W51,Malaria,0
4789,2014-W51,Measles,0
4790,2014-W51,Melioidosis,1
4791,2014-W51,Meningococcal Infection,1
4792,2014-W51,Mumps,10
4793,2014-W51,Nipah virus infection,0
4794,2014-W51,Paratyphoid,0
4795,2014-W51,Pertussis,0
4796,2014-W51,Plague,0
4797,2014-W51,Pneumococcal Disease (invasive),4
4798,2014-W51,Poliomyelitis,0
4799,2014-W51,Rubella,0
4800,2014-W51,Salmonellosis(non-enteric fevers),27
4801,2014-W51,SARS,0
4802,2014-W51,Typhoid,0
4803,2014-W51,Viral Hepatitis A,1
4804,2014-W51,Viral Hepatitis E,0
4805,2014-W51,Yellow Fever,0
4806,2014-W52,Acute Viral hepatitis B,0
4807,2014-W52,Acute Viral hepatitis C,0
4808,2014-W52,Avian Influenza,0
4809,2014-W52,Campylobacterenterosis,5
4810,2014-W52,Chikungunya Fever,0
4811,2014-W52,Cholera,0
4812,2014-W52,Dengue Fever,188
4813,2014-W52,Dengue Haemorrhagic Fever,0
4814,2014-W52,Diphtheria,0
4815,2014-W52,Encephalitis,0
4816,2014-W52,Haemophilus influenzae type b,0
4817,2014-W52,"Hand, Foot Mouth Disease",398
4818,2014-W52,Legionellosis,1
4819,2014-W52,Malaria,1
4820,2014-W52,Measles,1
4821,2014-W52,Melioidosis,1
4822,2014-W52,Meningococcal Infection,0
4823,2014-W52,Mumps,7
4824,2014-W52,Nipah virus infection,0
4825,2014-W52,Paratyphoid,0
4826,2014-W52,Pertussis,0
4827,2014-W52,Plague,0
4828,2014-W52,Pneumococcal Disease (invasive),5
4829,2014-W52,Poliomyelitis,0
4830,2014-W52,Rubella,0
4831,2014-W52,Salmonellosis(non-enteric fevers),27
4832,2014-W52,SARS,0
4833,2014-W52,Typhoid,0
4834,2014-W52,Viral Hepatitis A,2
4835,2014-W52,Viral Hepatitis E,1
4836,2014-W52,Yellow Fever,0
4837,2014-W53,Acute Viral hepatitis B,1
4838,2014-W53,Acute Viral hepatitis C,2
4839,2014-W53,Avian Influenza,0
4840,2014-W53,Campylobacterenterosis,8
4841,2014-W53,Chikungunya Fever,0
4842,2014-W53,Cholera,0
4843,2014-W53,Dengue Fever,158
4844,2014-W53,Dengue Haemorrhagic Fever,0
4845,2014-W53,Diphtheria,0
4846,2014-W53,Encephalitis,0
4847,2014-W53,Haemophilus influenzae type b,0
4848,2014-W53,"Hand, Foot Mouth Disease",375
4849,2014-W53,Legionellosis,0
4850,2014-W53,Malaria,1
4851,2014-W53,Measles,1
4852,2014-W53,Melioidosis,1
4853,2014-W53,Meningococcal Infection,0
4854,2014-W53,Mumps,6
4855,2014-W53,Nipah virus infection,0
4856,2014-W53,Paratyphoid,0
4857,2014-W53,Pertussis,0
4858,2014-W53,Plague,0
4859,2014-W53,Pneumococcal Disease (invasive),3
4860,2014-W53,Poliomyelitis,0
4861,2014-W53,Rubella,0
4862,2014-W53,Salmonellosis(non-enteric fevers),29
4863,2014-W53,SARS,0
4864,2014-W53,Typhoid,2
4865,2014-W53,Viral Hepatitis A,1
4866,2014-W53,Viral Hepatitis E,2
4867,2014-W53,Yellow Fever,0
4868,2015-W01,Acute Viral hepatitis B,2
4869,2015-W01,Acute Viral hepatitis C,1
4870,2015-W01,Avian Influenza,0
4871,2015-W01,Campylobacterenterosis,12
4872,2015-W01,Chikungunya Fever,2
4873,2015-W01,Cholera,0
4874,2015-W01,Dengue Fever,256
4875,2015-W01,Dengue Haemorrhagic Fever,1
4876,2015-W01,Diphtheria,0
4877,2015-W01,Encephalitis,1
4878,2015-W01,Haemophilus influenzae type b,0
4879,2015-W01,"Hand, Foot Mouth Disease",422
4880,2015-W01,Legionellosis,0
4881,2015-W01,Malaria,1
4882,2015-W01,Measles,0
4883,2015-W01,Melioidosis,2
4884,2015-W01,Meningococcal Infection,0
4885,2015-W01,Mumps,8
4886,2015-W01,Nipah virus infection,0
4887,2015-W01,Paratyphoid,2
4888,2015-W01,Pertussis,2
4889,2015-W01,Plague,0
4890,2015-W01,Pneumococcal Disease (invasive),3
4891,2015-W01,Poliomyelitis,0
4892,2015-W01,Rubella,1
4893,2015-W01,Salmonellosis(non-enteric fevers),44
4894,2015-W01,SARS,0
4895,2015-W01,Typhoid,1
4896,2015-W01,Viral Hepatitis A,0
4897,2015-W01,Viral Hepatitis E,0
4898,2015-W01,Yellow Fever,0
4899,2015-W02,Acute Viral hepatitis B,0
4900,2015-W02,Acute Viral hepatitis C,0
4901,2015-W02,Avian Influenza,0
4902,2015-W02,Campylobacterenterosis,9
4903,2015-W02,Chikungunya Fever,1
4904,2015-W02,Cholera,0
4905,2015-W02,Dengue Fever,228
4906,2015-W02,Dengue Haemorrhagic Fever,0
4907,2015-W02,Diphtheria,0
4908,2015-W02,Encephalitis,2
4909,2015-W02,Haemophilus influenzae type b,0
4910,2015-W02,"Hand, Foot Mouth Disease",554
4911,2015-W02,Legionellosis,1
4912,2015-W02,Malaria,0
4913,2015-W02,Measles,0
4914,2015-W02,Melioidosis,1
4915,2015-W02,Meningococcal Infection,1
4916,2015-W02,Mumps,10
4917,2015-W02,Nipah virus infection,0
4918,2015-W02,Paratyphoid,1
4919,2015-W02,Pertussis,2
4920,2015-W02,Plague,0
4921,2015-W02,Pneumococcal Disease (invasive),3
4922,2015-W02,Poliomyelitis,0
4923,2015-W02,Rubella,0
4924,2015-W02,Salmonellosis(non-enteric fevers),40
4925,2015-W02,SARS,0
4926,2015-W02,Typhoid,2
4927,2015-W02,Viral Hepatitis A,1
4928,2015-W02,Viral Hepatitis E,0
4929,2015-W02,Yellow Fever,0
4930,2015-W03,Acute Viral hepatitis B,0
4931,2015-W03,Acute Viral hepatitis C,0
4932,2015-W03,Avian Influenza,0
4933,2015-W03,Campylobacterenterosis,9
4934,2015-W03,Chikungunya Fever,0
4935,2015-W03,Cholera,0
4936,2015-W03,Dengue Fever,237
4937,2015-W03,Dengue Haemorrhagic Fever,0
4938,2015-W03,Diphtheria,0
4939,2015-W03,Encephalitis,0
4940,2015-W03,Haemophilus influenzae type b,0
4941,2015-W03,"Hand, Foot Mouth Disease",492
4942,2015-W03,Legionellosis,0
4943,2015-W03,Malaria,0
4944,2015-W03,Measles,0
4945,2015-W03,Melioidosis,1
4946,2015-W03,Meningococcal Infection,0
4947,2015-W03,Mumps,9
4948,2015-W03,Nipah virus infection,0
4949,2015-W03,Paratyphoid,0
4950,2015-W03,Pertussis,1
4951,2015-W03,Plague,0
4952,2015-W03,Pneumococcal Disease (invasive),2
4953,2015-W03,Poliomyelitis,0
4954,2015-W03,Rubella,0
4955,2015-W03,Salmonellosis(non-enteric fevers),30
4956,2015-W03,SARS,0
4957,2015-W03,Typhoid,2
4958,2015-W03,Viral Hepatitis A,5
4959,2015-W03,Viral Hepatitis E,1
4960,2015-W03,Yellow Fever,0
4961,2015-W04,Acute Viral hepatitis B,0
4962,2015-W04,Acute Viral hepatitis C,0
4963,2015-W04,Avian Influenza,0
4964,2015-W04,Campylobacterenterosis,10
4965,2015-W04,Chikungunya Fever,1
4966,2015-W04,Cholera,0
4967,2015-W04,Dengue Fever,259
4968,2015-W04,Dengue Haemorrhagic Fever,0
4969,2015-W04,Diphtheria,0
4970,2015-W04,Encephalitis,2
4971,2015-W04,Haemophilus influenzae type b,0
4972,2015-W04,"Hand, Foot Mouth Disease",502
4973,2015-W04,Legionellosis,1
4974,2015-W04,Malaria,0
4975,2015-W04,Measles,0
4976,2015-W04,Melioidosis,0
4977,2015-W04,Meningococcal Infection,0
4978,2015-W04,Mumps,10
4979,2015-W04,Nipah virus infection,0
4980,2015-W04,Paratyphoid,0
4981,2015-W04,Pertussis,2
4982,2015-W04,Plague,0
4983,2015-W04,Pneumococcal Disease (invasive),2
4984,2015-W04,Poliomyelitis,0
4985,2015-W04,Rubella,0
4986,2015-W04,Salmonellosis(non-enteric fevers),21
4987,2015-W04,SARS,0
4988,2015-W04,Typhoid,4
4989,2015-W04,Viral Hepatitis A,0
4990,2015-W04,Viral Hepatitis E,2
4991,2015-W04,Yellow Fever,0
4992,2015-W05,Acute Viral hepatitis B,0
4993,2015-W05,Acute Viral hepatitis C,0
4994,2015-W05,Avian Influenza,0
4995,2015-W05,Campylobacterenterosis,4
4996,2015-W05,Chikungunya Fever,2
4997,2015-W05,Cholera,0
4998,2015-W05,Dengue Fever,212
4999,2015-W05,Dengue Haemorrhagic Fever,0
5000,2015-W05,Diphtheria,0
5001,2015-W05,Encephalitis,0
5002,2015-W05,Haemophilus influenzae type b,0
5003,2015-W05,"Hand, Foot Mouth Disease",492
5004,2015-W05,Legionellosis,0
5005,2015-W05,Malaria,0
5006,2015-W05,Measles,2
5007,2015-W05,Melioidosis,1
5008,2015-W05,Meningococcal Infection,0
5009,2015-W05,Mumps,12
5010,2015-W05,Nipah virus infection,0
5011,2015-W05,Paratyphoid,0
5012,2015-W05,Pertussis,2
5013,2015-W05,Plague,0
5014,2015-W05,Pneumococcal Disease (invasive),3
5015,2015-W05,Poliomyelitis,0
5016,2015-W05,Rubella,0
5017,2015-W05,Salmonellosis(non-enteric fevers),22
5018,2015-W05,SARS,0
5019,2015-W05,Typhoid,1
5020,2015-W05,Viral Hepatitis A,1
5021,2015-W05,Viral Hepatitis E,1
5022,2015-W05,Yellow Fever,0
5023,2015-W06,Acute Viral hepatitis B,2
5024,2015-W06,Acute Viral hepatitis C,2
5025,2015-W06,Avian Influenza,0
5026,2015-W06,Campylobacterenterosis,5
5027,2015-W06,Chikungunya Fever,0
5028,2015-W06,Cholera,0
5029,2015-W06,Dengue Fever,173
5030,2015-W06,Dengue Haemorrhagic Fever,0
5031,2015-W06,Diphtheria,0
5032,2015-W06,Encephalitis,0
5033,2015-W06,Haemophilus influenzae type b,0
5034,2015-W06,"Hand, Foot Mouth Disease",690
5035,2015-W06,Legionellosis,1
5036,2015-W06,Malaria,1
5037,2015-W06,Measles,0
5038,2015-W06,Melioidosis,0
5039,2015-W06,Meningococcal Infection,0
5040,2015-W06,Mumps,11
5041,2015-W06,Nipah virus infection,0
5042,2015-W06,Paratyphoid,0
5043,2015-W06,Pertussis,1
5044,2015-W06,Plague,0
5045,2015-W06,Pneumococcal Disease (invasive),2
5046,2015-W06,Poliomyelitis,0
5047,2015-W06,Rubella,1
5048,2015-W06,Salmonellosis(non-enteric fevers),31
5049,2015-W06,SARS,0
5050,2015-W06,Typhoid,1
5051,2015-W06,Viral Hepatitis A,3
5052,2015-W06,Viral Hepatitis E,1
5053,2015-W06,Yellow Fever,0
5054,2015-W07,Acute Viral hepatitis B,0
5055,2015-W07,Acute Viral hepatitis C,0
5056,2015-W07,Avian Influenza,0
5057,2015-W07,Campylobacterenterosis,11
5058,2015-W07,Chikungunya Fever,1
5059,2015-W07,Cholera,0
5060,2015-W07,Dengue Fever,99
5061,2015-W07,Dengue Haemorrhagic Fever,1
5062,2015-W07,Diphtheria,0
5063,2015-W07,Encephalitis,0
5064,2015-W07,Haemophilus influenzae type b,0
5065,2015-W07,"Hand, Foot Mouth Disease",417
5066,2015-W07,Legionellosis,0
5067,2015-W07,Malaria,0
5068,2015-W07,Measles,1
5069,2015-W07,Melioidosis,1
5070,2015-W07,Meningococcal Infection,0
5071,2015-W07,Mumps,9
5072,2015-W07,Nipah virus infection,0
5073,2015-W07,Paratyphoid,0
5074,2015-W07,Pertussis,1
5075,2015-W07,Plague,0
5076,2015-W07,Pneumococcal Disease (invasive),3
5077,2015-W07,Poliomyelitis,0
5078,2015-W07,Rubella,1
5079,2015-W07,Salmonellosis(non-enteric fevers),24
5080,2015-W07,SARS,0
5081,2015-W07,Typhoid,1
5082,2015-W07,Viral Hepatitis A,1
5083,2015-W07,Viral Hepatitis E,1
5084,2015-W07,Yellow Fever,0
5085,2015-W08,Acute Viral hepatitis B,2
5086,2015-W08,Acute Viral hepatitis C,0
5087,2015-W08,Avian Influenza,0
5088,2015-W08,Campylobacterenterosis,17
5089,2015-W08,Chikungunya Fever,0
5090,2015-W08,Cholera,0
5091,2015-W08,Dengue Fever,172
5092,2015-W08,Dengue Haemorrhagic Fever,0
5093,2015-W08,Diphtheria,0
5094,2015-W08,Encephalitis,2
5095,2015-W08,Haemophilus influenzae type b,0
5096,2015-W08,"Hand, Foot Mouth Disease",573
5097,2015-W08,Legionellosis,1
5098,2015-W08,Malaria,0
5099,2015-W08,Measles,2
5100,2015-W08,Melioidosis,2
5101,2015-W08,Meningococcal Infection,0
5102,2015-W08,Mumps,11
5103,2015-W08,Nipah virus infection,0
5104,2015-W08,Paratyphoid,1
5105,2015-W08,Pertussis,1
5106,2015-W08,Plague,0
5107,2015-W08,Pneumococcal Disease (invasive),5
5108,2015-W08,Poliomyelitis,0
5109,2015-W08,Rubella,0
5110,2015-W08,Salmonellosis(non-enteric fevers),30
5111,2015-W08,SARS,0
5112,2015-W08,Typhoid,0
5113,2015-W08,Viral Hepatitis A,2
5114,2015-W08,Viral Hepatitis E,0
5115,2015-W08,Yellow Fever,0
5116,2015-W09,Acute Viral hepatitis B,2
5117,2015-W09,Acute Viral hepatitis C,0
5118,2015-W09,Avian Influenza,0
5119,2015-W09,Campylobacterenterosis,8
5120,2015-W09,Chikungunya Fever,0
5121,2015-W09,Cholera,0
5122,2015-W09,Dengue Fever,189
5123,2015-W09,Dengue Haemorrhagic Fever,1
5124,2015-W09,Diphtheria,0
5125,2015-W09,Encephalitis,0
5126,2015-W09,Haemophilus influenzae type b,0
5127,2015-W09,"Hand, Foot Mouth Disease",645
5128,2015-W09,Legionellosis,0
5129,2015-W09,Malaria,0
5130,2015-W09,Measles,0
5131,2015-W09,Melioidosis,1
5132,2015-W09,Meningococcal Infection,0
5133,2015-W09,Mumps,2
5134,2015-W09,Nipah virus infection,0
5135,2015-W09,Paratyphoid,1
5136,2015-W09,Pertussis,0
5137,2015-W09,Plague,0
5138,2015-W09,Pneumococcal Disease (invasive),1
5139,2015-W09,Poliomyelitis,0
5140,2015-W09,Rubella,0
5141,2015-W09,Salmonellosis(non-enteric fevers),31
5142,2015-W09,SARS,0
5143,2015-W09,Typhoid,0
5144,2015-W09,Viral Hepatitis A,0
5145,2015-W09,Viral Hepatitis E,0
5146,2015-W09,Yellow Fever,0
5147,2015-W10,Acute Viral hepatitis B,3
5148,2015-W10,Acute Viral hepatitis C,0
5149,2015-W10,Avian Influenza,0
5150,2015-W10,Campylobacterenterosis,5
5151,2015-W10,Chikungunya Fever,0
5152,2015-W10,Cholera,0
5153,2015-W10,Dengue Fever,110
5154,2015-W10,Dengue Haemorrhagic Fever,0
5155,2015-W10,Diphtheria,0
5156,2015-W10,Encephalitis,0
5157,2015-W10,Haemophilus influenzae type b,0
5158,2015-W10,"Hand, Foot Mouth Disease",609
5159,2015-W10,Legionellosis,1
5160,2015-W10,Malaria,1
5161,2015-W10,Measles,0
5162,2015-W10,Melioidosis,0
5163,2015-W10,Meningococcal Infection,0
5164,2015-W10,Mumps,6
5165,2015-W10,Nipah virus infection,0
5166,2015-W10,Paratyphoid,1
5167,2015-W10,Pertussis,1
5168,2015-W10,Plague,0
5169,2015-W10,Pneumococcal Disease (invasive),2
5170,2015-W10,Poliomyelitis,0
5171,2015-W10,Rubella,0
5172,2015-W10,Salmonellosis(non-enteric fevers),27
5173,2015-W10,SARS,0
5174,2015-W10,Typhoid,1
5175,2015-W10,Viral Hepatitis A,0
5176,2015-W10,Viral Hepatitis E,1
5177,2015-W10,Yellow Fever,0
5178,2015-W11,Acute Viral hepatitis B,1
5179,2015-W11,Acute Viral hepatitis C,1
5180,2015-W11,Avian Influenza,0
5181,2015-W11,Campylobacterenterosis,7
5182,2015-W11,Chikungunya Fever,1
5183,2015-W11,Cholera,0
5184,2015-W11,Dengue Fever,91
5185,2015-W11,Dengue Haemorrhagic Fever,0
5186,2015-W11,Diphtheria,0
5187,2015-W11,Encephalitis,0
5188,2015-W11,Haemophilus influenzae type b,0
5189,2015-W11,"Hand, Foot Mouth Disease",556
5190,2015-W11,Legionellosis,1
5191,2015-W11,Malaria,1
5192,2015-W11,Measles,0
5193,2015-W11,Melioidosis,0
5194,2015-W11,Meningococcal Infection,0
5195,2015-W11,Mumps,8
5196,2015-W11,Nipah virus infection,0
5197,2015-W11,Paratyphoid,4
5198,2015-W11,Pertussis,1
5199,2015-W11,Plague,0
5200,2015-W11,Pneumococcal Disease (invasive),1
5201,2015-W11,Poliomyelitis,0
5202,2015-W11,Rubella,1
5203,2015-W11,Salmonellosis(non-enteric fevers),27
5204,2015-W11,SARS,0
5205,2015-W11,Typhoid,2
5206,2015-W11,Viral Hepatitis A,0
5207,2015-W11,Viral Hepatitis E,0
5208,2015-W11,Yellow Fever,0
5209,2015-W12,Acute Viral hepatitis B,3
5210,2015-W12,Acute Viral hepatitis C,0
5211,2015-W12,Avian Influenza,0
5212,2015-W12,Campylobacterenterosis,4
5213,2015-W12,Chikungunya Fever,0
5214,2015-W12,Cholera,0
5215,2015-W12,Dengue Fever,129
5216,2015-W12,Dengue Haemorrhagic Fever,1
5217,2015-W12,Diphtheria,0
5218,2015-W12,Encephalitis,0
5219,2015-W12,Haemophilus influenzae type b,0
5220,2015-W12,"Hand, Foot Mouth Disease",558
5221,2015-W12,Legionellosis,0
5222,2015-W12,Malaria,0
5223,2015-W12,Measles,0
5224,2015-W12,Melioidosis,1
5225,2015-W12,Meningococcal Infection,0
5226,2015-W12,Mumps,5
5227,2015-W12,Nipah virus infection,0
5228,2015-W12,Paratyphoid,1
5229,2015-W12,Pertussis,2
5230,2015-W12,Plague,0
5231,2015-W12,Pneumococcal Disease (invasive),0
5232,2015-W12,Poliomyelitis,0
5233,2015-W12,Rubella,0
5234,2015-W12,Salmonellosis(non-enteric fevers),42
5235,2015-W12,SARS,0
5236,2015-W12,Typhoid,1
5237,2015-W12,Viral Hepatitis A,0
5238,2015-W12,Viral Hepatitis E,3
5239,2015-W12,Yellow Fever,0
5240,2015-W13,Acute Viral hepatitis B,1
5241,2015-W13,Acute Viral hepatitis C,0
5242,2015-W13,Avian Influenza,0
5243,2015-W13,Campylobacterenterosis,13
5244,2015-W13,Chikungunya Fever,1
5245,2015-W13,Cholera,0
5246,2015-W13,Dengue Fever,90
5247,2015-W13,Dengue Haemorrhagic Fever,1
5248,2015-W13,Diphtheria,0
5249,2015-W13,Encephalitis,0
5250,2015-W13,Haemophilus influenzae type b,0
5251,2015-W13,"Hand, Foot Mouth Disease",463
5252,2015-W13,Legionellosis,1
5253,2015-W13,Malaria,0
5254,2015-W13,Measles,0
5255,2015-W13,Melioidosis,2
5256,2015-W13,Meningococcal Infection,0
5257,2015-W13,Mumps,15
5258,2015-W13,Nipah virus infection,0
5259,2015-W13,Paratyphoid,1
5260,2015-W13,Pertussis,0
5261,2015-W13,Plague,0
5262,2015-W13,Pneumococcal Disease (invasive),1
5263,2015-W13,Poliomyelitis,0
5264,2015-W13,Rubella,0
5265,2015-W13,Salmonellosis(non-enteric fevers),31
5266,2015-W13,SARS,0
5267,2015-W13,Typhoid,0
5268,2015-W13,Viral Hepatitis A,1
5269,2015-W13,Viral Hepatitis E,0
5270,2015-W13,Yellow Fever,0
5271,2015-W14,Acute Viral hepatitis B,0
5272,2015-W14,Acute Viral hepatitis C,0
5273,2015-W14,Avian Influenza,0
5274,2015-W14,Campylobacterenterosis,1
5275,2015-W14,Chikungunya Fever,0
5276,2015-W14,Cholera,0
5277,2015-W14,Dengue Fever,107
5278,2015-W14,Dengue Haemorrhagic Fever,0
5279,2015-W14,Diphtheria,0
5280,2015-W14,Encephalitis,1
5281,2015-W14,Haemophilus influenzae type b,0
5282,2015-W14,"Hand, Foot Mouth Disease",537
5283,2015-W14,Legionellosis,0
5284,2015-W14,Malaria,5
5285,2015-W14,Measles,3
5286,2015-W14,Melioidosis,1
5287,2015-W14,Meningococcal Infection,0
5288,2015-W14,Mumps,12
5289,2015-W14,Nipah virus infection,0
5290,2015-W14,Paratyphoid,0
5291,2015-W14,Pertussis,1
5292,2015-W14,Plague,0
5293,2015-W14,Pneumococcal Disease (invasive),4
5294,2015-W14,Poliomyelitis,0
5295,2015-W14,Rubella,1
5296,2015-W14,Salmonellosis(non-enteric fevers),37
5297,2015-W14,SARS,0
5298,2015-W14,Typhoid,0
5299,2015-W14,Viral Hepatitis A,0
5300,2015-W14,Viral Hepatitis E,0
5301,2015-W14,Yellow Fever,0
5302,2015-W15,Acute Viral hepatitis B,0
5303,2015-W15,Acute Viral hepatitis C,0
5304,2015-W15,Avian Influenza,0
5305,2015-W15,Campylobacterenterosis,9
5306,2015-W15,Chikungunya Fever,1
5307,2015-W15,Cholera,0
5308,2015-W15,Dengue Fever,137
5309,2015-W15,Dengue Haemorrhagic Fever,0
5310,2015-W15,Diphtheria,0
5311,2015-W15,Encephalitis,1
5312,2015-W15,Haemophilus influenzae type b,0
5313,2015-W15,"Hand, Foot Mouth Disease",633
5314,2015-W15,Legionellosis,1
5315,2015-W15,Malaria,0
5316,2015-W15,Measles,4
5317,2015-W15,Melioidosis,0
5318,2015-W15,Meningococcal Infection,0
5319,2015-W15,Mumps,11
5320,2015-W15,Nipah virus infection,0
5321,2015-W15,Paratyphoid,1
5322,2015-W15,Pertussis,1
5323,2015-W15,Plague,0
5324,2015-W15,Pneumococcal Disease (invasive),2
5325,2015-W15,Poliomyelitis,0
5326,2015-W15,Rubella,0
5327,2015-W15,Salmonellosis(non-enteric fevers),34
5328,2015-W15,SARS,0
5329,2015-W15,Typhoid,0
5330,2015-W15,Viral Hepatitis A,0
5331,2015-W15,Viral Hepatitis E,2
5332,2015-W15,Yellow Fever,0
5333,2015-W16,Acute Viral hepatitis B,2
5334,2015-W16,Acute Viral hepatitis C,0
5335,2015-W16,Avian Influenza,0
5336,2015-W16,Campylobacterenterosis,14
5337,2015-W16,Chikungunya Fever,2
5338,2015-W16,Cholera,0
5339,2015-W16,Dengue Fever,113
5340,2015-W16,Dengue Haemorrhagic Fever,0
5341,2015-W16,Diphtheria,0
5342,2015-W16,Encephalitis,1
5343,2015-W16,Haemophilus influenzae type b,0
5344,2015-W16,"Hand, Foot Mouth Disease",693
5345,2015-W16,Legionellosis,1
5346,2015-W16,Malaria,1
5347,2015-W16,Measles,2
5348,2015-W16,Melioidosis,1
5349,2015-W16,Meningococcal Infection,0
5350,2015-W16,Mumps,13
5351,2015-W16,Nipah virus infection,0
5352,2015-W16,Paratyphoid,2
5353,2015-W16,Pertussis,1
5354,2015-W16,Plague,0
5355,2015-W16,Pneumococcal Disease (invasive),0
5356,2015-W16,Poliomyelitis,0
5357,2015-W16,Rubella,0
5358,2015-W16,Salmonellosis(non-enteric fevers),40
5359,2015-W16,SARS,0
5360,2015-W16,Typhoid,1
5361,2015-W16,Viral Hepatitis A,1
5362,2015-W16,Viral Hepatitis E,2
5363,2015-W16,Yellow Fever,0
5364,2015-W17,Acute Viral hepatitis B,3
5365,2015-W17,Acute Viral hepatitis C,1
5366,2015-W17,Avian Influenza,0
5367,2015-W17,Campylobacterenterosis,8
5368,2015-W17,Chikungunya Fever,0
5369,2015-W17,Cholera,0
5370,2015-W17,Dengue Fever,120
5371,2015-W17,Dengue Haemorrhagic Fever,0
5372,2015-W17,Diphtheria,0
5373,2015-W17,Encephalitis,0
5374,2015-W17,Haemophilus influenzae type b,0
5375,2015-W17,"Hand, Foot Mouth Disease",721
5376,2015-W17,Legionellosis,0
5377,2015-W17,Malaria,1
5378,2015-W17,Measles,1
5379,2015-W17,Melioidosis,0
5380,2015-W17,Meningococcal Infection,0
5381,2015-W17,Mumps,6
5382,2015-W17,Nipah virus infection,0
5383,2015-W17,Paratyphoid,0
5384,2015-W17,Pertussis,2
5385,2015-W17,Plague,0
5386,2015-W17,Pneumococcal Disease (invasive),2
5387,2015-W17,Poliomyelitis,0
5388,2015-W17,Rubella,1
5389,2015-W17,Salmonellosis(non-enteric fevers),29
5390,2015-W17,SARS,0
5391,2015-W17,Typhoid,1
5392,2015-W17,Viral Hepatitis A,0
5393,2015-W17,Viral Hepatitis E,1
5394,2015-W17,Yellow Fever,0
5395,2015-W18,Acute Viral hepatitis B,1
5396,2015-W18,Acute Viral hepatitis C,0
5397,2015-W18,Avian Influenza,0
5398,2015-W18,Campylobacterenterosis,5
5399,2015-W18,Chikungunya Fever,1
5400,2015-W18,Cholera,0
5401,2015-W18,Dengue Fever,135
5402,2015-W18,Dengue Haemorrhagic Fever,0
5403,2015-W18,Diphtheria,0
5404,2015-W18,Encephalitis,1
5405,2015-W18,Haemophilus influenzae type b,0
5406,2015-W18,"Hand, Foot Mouth Disease",778
5407,2015-W18,Legionellosis,0
5408,2015-W18,Malaria,1
5409,2015-W18,Measles,0
5410,2015-W18,Melioidosis,1
5411,2015-W18,Meningococcal Infection,0
5412,2015-W18,Mumps,12
5413,2015-W18,Nipah virus infection,0
5414,2015-W18,Paratyphoid,0
5415,2015-W18,Pertussis,0
5416,2015-W18,Plague,0
5417,2015-W18,Pneumococcal Disease (invasive),4
5418,2015-W18,Poliomyelitis,0
5419,2015-W18,Rubella,0
5420,2015-W18,Salmonellosis(non-enteric fevers),31
5421,2015-W18,SARS,0
5422,2015-W18,Typhoid,2
5423,2015-W18,Viral Hepatitis A,0
5424,2015-W18,Viral Hepatitis E,2
5425,2015-W18,Yellow Fever,0
5426,2015-W19,Acute Viral hepatitis B,2
5427,2015-W19,Acute Viral hepatitis C,0
5428,2015-W19,Avian Influenza,0
5429,2015-W19,Campylobacterenterosis,8
5430,2015-W19,Chikungunya Fever,0
5431,2015-W19,Cholera,0
5432,2015-W19,Dengue Fever,157
5433,2015-W19,Dengue Haemorrhagic Fever,1
5434,2015-W19,Diphtheria,0
5435,2015-W19,Encephalitis,0
5436,2015-W19,Haemophilus influenzae type b,0
5437,2015-W19,"Hand, Foot Mouth Disease",782
5438,2015-W19,Legionellosis,1
5439,2015-W19,Malaria,1
5440,2015-W19,Measles,1
5441,2015-W19,Melioidosis,0
5442,2015-W19,Meningococcal Infection,0
5443,2015-W19,Mumps,12
5444,2015-W19,Nipah virus infection,0
5445,2015-W19,Paratyphoid,0
5446,2015-W19,Pertussis,2
5447,2015-W19,Plague,0
5448,2015-W19,Pneumococcal Disease (invasive),2
5449,2015-W19,Poliomyelitis,0
5450,2015-W19,Rubella,1
5451,2015-W19,Salmonellosis(non-enteric fevers),24
5452,2015-W19,SARS,0
5453,2015-W19,Typhoid,2
5454,2015-W19,Viral Hepatitis A,0
5455,2015-W19,Viral Hepatitis E,1
5456,2015-W19,Yellow Fever,0
5457,2015-W20,Acute Viral hepatitis B,2
5458,2015-W20,Acute Viral hepatitis C,0
5459,2015-W20,Avian Influenza,0
5460,2015-W20,Campylobacterenterosis,9
5461,2015-W20,Chikungunya Fever,0
5462,2015-W20,Cholera,0
5463,2015-W20,Dengue Fever,109
5464,2015-W20,Dengue Haemorrhagic Fever,0
5465,2015-W20,Diphtheria,0
5466,2015-W20,Encephalitis,0
5467,2015-W20,Haemophilus influenzae type b,0
5468,2015-W20,"Hand, Foot Mouth Disease",855
5469,2015-W20,Legionellosis,0
5470,2015-W20,Malaria,0
5471,2015-W20,Measles,1
5472,2015-W20,Melioidosis,0
5473,2015-W20,Meningococcal Infection,0
5474,2015-W20,Mumps,9
5475,2015-W20,Nipah virus infection,0
5476,2015-W20,Paratyphoid,0
5477,2015-W20,Pertussis,0
5478,2015-W20,Plague,0
5479,2015-W20,Pneumococcal Disease (invasive),6
5480,2015-W20,Poliomyelitis,0
5481,2015-W20,Rubella,0
5482,2015-W20,Salmonellosis(non-enteric fevers),36
5483,2015-W20,SARS,0
5484,2015-W20,Typhoid,1
5485,2015-W20,Viral Hepatitis A,2
5486,2015-W20,Viral Hepatitis E,0
5487,2015-W20,Yellow Fever,0
5488,2015-W21,Acute Viral hepatitis B,1
5489,2015-W21,Acute Viral hepatitis C,0
5490,2015-W21,Avian Influenza,0
5491,2015-W21,Campylobacterenterosis,9
5492,2015-W21,Chikungunya Fever,2
5493,2015-W21,Cholera,0
5494,2015-W21,Dengue Fever,178
5495,2015-W21,Dengue Haemorrhagic Fever,2
5496,2015-W21,Diphtheria,0
5497,2015-W21,Encephalitis,3
5498,2015-W21,Haemophilus influenzae type b,0
5499,2015-W21,"Hand, Foot Mouth Disease",1004
5500,2015-W21,Legionellosis,0
5501,2015-W21,Malaria,1
5502,2015-W21,Measles,1
5503,2015-W21,Melioidosis,1
5504,2015-W21,Meningococcal Infection,0
5505,2015-W21,Mumps,11
5506,2015-W21,Nipah virus infection,0
5507,2015-W21,Paratyphoid,0
5508,2015-W21,Pertussis,0
5509,2015-W21,Plague,0
5510,2015-W21,Pneumococcal Disease (invasive),2
5511,2015-W21,Poliomyelitis,0
5512,2015-W21,Rubella,1
5513,2015-W21,Salmonellosis(non-enteric fevers),36
5514,2015-W21,SARS,0
5515,2015-W21,Typhoid,1
5516,2015-W21,Viral Hepatitis A,1
5517,2015-W21,Viral Hepatitis E,2
5518,2015-W21,Yellow Fever,0
5519,2015-W22,Acute Viral hepatitis B,1
5520,2015-W22,Acute Viral hepatitis C,0
5521,2015-W22,Avian Influenza,0
5522,2015-W22,Campylobacterenterosis,7
5523,2015-W22,Chikungunya Fever,1
5524,2015-W22,Cholera,0
5525,2015-W22,Dengue Fever,151
5526,2015-W22,Dengue Haemorrhagic Fever,1
5527,2015-W22,Diphtheria,0
5528,2015-W22,Encephalitis,0
5529,2015-W22,Haemophilus influenzae type b,0
5530,2015-W22,"Hand, Foot Mouth Disease",721
5531,2015-W22,Legionellosis,0
5532,2015-W22,Malaria,1
5533,2015-W22,Measles,0
5534,2015-W22,Melioidosis,0
5535,2015-W22,Meningococcal Infection,0
5536,2015-W22,Mumps,9
5537,2015-W22,Nipah virus infection,0
5538,2015-W22,Paratyphoid,0
5539,2015-W22,Pertussis,0
5540,2015-W22,Plague,0
5541,2015-W22,Pneumococcal Disease (invasive),4
5542,2015-W22,Poliomyelitis,0
5543,2015-W22,Rubella,1
5544,2015-W22,Salmonellosis(non-enteric fevers),42
5545,2015-W22,SARS,0
5546,2015-W22,Typhoid,0
5547,2015-W22,Viral Hepatitis A,0
5548,2015-W22,Viral Hepatitis E,1
5549,2015-W22,Yellow Fever,0
5550,2015-W23,Acute Viral hepatitis B,1
5551,2015-W23,Acute Viral hepatitis C,0
5552,2015-W23,Avian Influenza,0
5553,2015-W23,Campylobacterenterosis,2
5554,2015-W23,Chikungunya Fever,0
5555,2015-W23,Cholera,0
5556,2015-W23,Dengue Fever,192
5557,2015-W23,Dengue Haemorrhagic Fever,1
5558,2015-W23,Diphtheria,0
5559,2015-W23,Encephalitis,1
5560,2015-W23,Haemophilus influenzae type b,0
5561,2015-W23,"Hand, Foot Mouth Disease",540
5562,2015-W23,Legionellosis,0
5563,2015-W23,Malaria,1
5564,2015-W23,Measles,1
5565,2015-W23,Melioidosis,3
5566,2015-W23,Meningococcal Infection,0
5567,2015-W23,Mumps,9
5568,2015-W23,Nipah virus infection,0
5569,2015-W23,Paratyphoid,0
5570,2015-W23,Pertussis,0
5571,2015-W23,Plague,0
5572,2015-W23,Pneumococcal Disease (invasive),2
5573,2015-W23,Poliomyelitis,0
5574,2015-W23,Rubella,0
5575,2015-W23,Salmonellosis(non-enteric fevers),26
5576,2015-W23,SARS,0
5577,2015-W23,Typhoid,1
5578,2015-W23,Viral Hepatitis A,1
5579,2015-W23,Viral Hepatitis E,1
5580,2015-W23,Yellow Fever,0
5581,2015-W24,Acute Viral hepatitis B,0
5582,2015-W24,Acute Viral hepatitis C,0
5583,2015-W24,Avian Influenza,0
5584,2015-W24,Campylobacterenterosis,5
5585,2015-W24,Chikungunya Fever,1
5586,2015-W24,Cholera,0
5587,2015-W24,Dengue Fever,207
5588,2015-W24,Dengue Haemorrhagic Fever,0
5589,2015-W24,Diphtheria,0
5590,2015-W24,Encephalitis,0
5591,2015-W24,Haemophilus influenzae type b,0
5592,2015-W24,"Hand, Foot Mouth Disease",541
5593,2015-W24,Legionellosis,1
5594,2015-W24,Malaria,1
5595,2015-W24,Measles,1
5596,2015-W24,Melioidosis,4
5597,2015-W24,Meningococcal Infection,1
5598,2015-W24,Mumps,13
5599,2015-W24,Nipah virus infection,0
5600,2015-W24,Paratyphoid,2
5601,2015-W24,Pertussis,1
5602,2015-W24,Plague,0
5603,2015-W24,Pneumococcal Disease (invasive),1
5604,2015-W24,Poliomyelitis,0
5605,2015-W24,Rubella,0
5606,2015-W24,Salmonellosis(non-enteric fevers),44
5607,2015-W24,SARS,0
5608,2015-W24,Typhoid,2
5609,2015-W24,Viral Hepatitis A,1
5610,2015-W24,Viral Hepatitis E,0
5611,2015-W24,Yellow Fever,0
5612,2015-W25,Acute Viral hepatitis B,2
5613,2015-W25,Acute Viral hepatitis C,0
5614,2015-W25,Avian Influenza,0
5615,2015-W25,Campylobacterenterosis,9
5616,2015-W25,Chikungunya Fever,0
5617,2015-W25,Cholera,0
5618,2015-W25,Dengue Fever,240
5619,2015-W25,Dengue Haemorrhagic Fever,0
5620,2015-W25,Diphtheria,0
5621,2015-W25,Encephalitis,0
5622,2015-W25,Haemophilus influenzae type b,0
5623,2015-W25,"Hand, Foot Mouth Disease",578
5624,2015-W25,Legionellosis,0
5625,2015-W25,Malaria,3
5626,2015-W25,Measles,0
5627,2015-W25,Melioidosis,0
5628,2015-W25,Meningococcal Infection,0
5629,2015-W25,Mumps,15
5630,2015-W25,Nipah virus infection,0
5631,2015-W25,Paratyphoid,0
5632,2015-W25,Pertussis,2
5633,2015-W25,Plague,0
5634,2015-W25,Pneumococcal Disease (invasive),5
5635,2015-W25,Poliomyelitis,0
5636,2015-W25,Rubella,0
5637,2015-W25,Salmonellosis(non-enteric fevers),39
5638,2015-W25,SARS,0
5639,2015-W25,Typhoid,1
5640,2015-W25,Viral Hepatitis A,0
5641,2015-W25,Viral Hepatitis E,1
5642,2015-W25,Yellow Fever,0
5643,2015-W26,Acute Viral hepatitis B,0
5644,2015-W26,Acute Viral hepatitis C,1
5645,2015-W26,Avian Influenza,0
5646,2015-W26,Campylobacterenterosis,7
5647,2015-W26,Chikungunya Fever,0
5648,2015-W26,Cholera,0
5649,2015-W26,Dengue Fever,242
5650,2015-W26,Dengue Haemorrhagic Fever,0
5651,2015-W26,Diphtheria,0
5652,2015-W26,Encephalitis,0
5653,2015-W26,Haemophilus influenzae type b,0
5654,2015-W26,"Hand, Foot Mouth Disease",455
5655,2015-W26,Legionellosis,0
5656,2015-W26,Malaria,0
5657,2015-W26,Measles,1
5658,2015-W26,Melioidosis,2
5659,2015-W26,Meningococcal Infection,1
5660,2015-W26,Mumps,10
5661,2015-W26,Nipah virus infection,0
5662,2015-W26,Paratyphoid,1
5663,2015-W26,Pertussis,1
5664,2015-W26,Plague,0
5665,2015-W26,Pneumococcal Disease (invasive),1
5666,2015-W26,Poliomyelitis,0
5667,2015-W26,Rubella,1
5668,2015-W26,Salmonellosis(non-enteric fevers),41
5669,2015-W26,SARS,0
5670,2015-W26,Typhoid,0
5671,2015-W26,Viral Hepatitis A,3
5672,2015-W26,Viral Hepatitis E,1
5673,2015-W26,Yellow Fever,0
5674,2015-W27,Acute Viral hepatitis B,1
5675,2015-W27,Acute Viral hepatitis C,0
5676,2015-W27,Avian Influenza,0
5677,2015-W27,Campylobacterenterosis,7
5678,2015-W27,Chikungunya Fever,0
5679,2015-W27,Cholera,0
5680,2015-W27,Dengue Fever,272
5681,2015-W27,Dengue Haemorrhagic Fever,0
5682,2015-W27,Diphtheria,0
5683,2015-W27,Encephalitis,0
5684,2015-W27,Haemophilus influenzae type b,0
5685,2015-W27,"Hand, Foot Mouth Disease",430
5686,2015-W27,Legionellosis,1
5687,2015-W27,Malaria,2
5688,2015-W27,Measles,5
5689,2015-W27,Melioidosis,0
5690,2015-W27,Meningococcal Infection,0
5691,2015-W27,Mumps,4
5692,2015-W27,Nipah virus infection,0
5693,2015-W27,Paratyphoid,0
5694,2015-W27,Pertussis,2
5695,2015-W27,Plague,0
5696,2015-W27,Pneumococcal Disease (invasive),5
5697,2015-W27,Poliomyelitis,0
5698,2015-W27,Rubella,0
5699,2015-W27,Salmonellosis(non-enteric fevers),23
5700,2015-W27,SARS,0
5701,2015-W27,Typhoid,0
5702,2015-W27,Viral Hepatitis A,4
5703,2015-W27,Viral Hepatitis E,0
5704,2015-W27,Yellow Fever,0
5705,2015-W28,Acute Viral hepatitis B,2
5706,2015-W28,Acute Viral hepatitis C,2
5707,2015-W28,Avian Influenza,0
5708,2015-W28,Campylobacterenterosis,6
5709,2015-W28,Chikungunya Fever,1
5710,2015-W28,Cholera,0
5711,2015-W28,Dengue Fever,263
5712,2015-W28,Dengue Haemorrhagic Fever,0
5713,2015-W28,Diphtheria,0
5714,2015-W28,Encephalitis,0
5715,2015-W28,Haemophilus influenzae type b,0
5716,2015-W28,"Hand, Foot Mouth Disease",385
5717,2015-W28,Legionellosis,0
5718,2015-W28,Malaria,2
5719,2015-W28,Measles,0
5720,2015-W28,Melioidosis,0
5721,2015-W28,Meningococcal Infection,0
5722,2015-W28,Mumps,10
5723,2015-W28,Nipah virus infection,0
5724,2015-W28,Paratyphoid,0
5725,2015-W28,Pertussis,0
5726,2015-W28,Plague,0
5727,2015-W28,Pneumococcal Disease (invasive),4
5728,2015-W28,Poliomyelitis,0
5729,2015-W28,Rubella,0
5730,2015-W28,Salmonellosis(non-enteric fevers),41
5731,2015-W28,SARS,0
5732,2015-W28,Typhoid,2
5733,2015-W28,Viral Hepatitis A,0
5734,2015-W28,Viral Hepatitis E,0
5735,2015-W28,Yellow Fever,0
5736,2015-W29,Acute Viral hepatitis B,3
5737,2015-W29,Acute Viral hepatitis C,2
5738,2015-W29,Avian Influenza,0
5739,2015-W29,Campylobacterenterosis,6
5740,2015-W29,Chikungunya Fever,3
5741,2015-W29,Cholera,0
5742,2015-W29,Dengue Fever,293
5743,2015-W29,Dengue Haemorrhagic Fever,0
5744,2015-W29,Diphtheria,0
5745,2015-W29,Encephalitis,1
5746,2015-W29,Haemophilus influenzae type b,0
5747,2015-W29,"Hand, Foot Mouth Disease",448
5748,2015-W29,Legionellosis,0
5749,2015-W29,Malaria,1
5750,2015-W29,Measles,2
5751,2015-W29,Melioidosis,0
5752,2015-W29,Meningococcal Infection,0
5753,2015-W29,Mumps,16
5754,2015-W29,Nipah virus infection,0
5755,2015-W29,Paratyphoid,0
5756,2015-W29,Pertussis,3
5757,2015-W29,Plague,0
5758,2015-W29,Pneumococcal Disease (invasive),3
5759,2015-W29,Poliomyelitis,0
5760,2015-W29,Rubella,0
5761,2015-W29,Salmonellosis(non-enteric fevers),43
5762,2015-W29,SARS,0
5763,2015-W29,Typhoid,0
5764,2015-W29,Viral Hepatitis A,0
5765,2015-W29,Viral Hepatitis E,1
5766,2015-W29,Yellow Fever,0
5767,2015-W30,Acute Viral hepatitis B,0
5768,2015-W30,Acute Viral hepatitis C,0
5769,2015-W30,Avian Influenza,0
5770,2015-W30,Campylobacterenterosis,7
5771,2015-W30,Chikungunya Fever,0
5772,2015-W30,Cholera,0
5773,2015-W30,Dengue Fever,250
5774,2015-W30,Dengue Haemorrhagic Fever,0
5775,2015-W30,Diphtheria,0
5776,2015-W30,Encephalitis,0
5777,2015-W30,Haemophilus influenzae type b,0
5778,2015-W30,"Hand, Foot Mouth Disease",438
5779,2015-W30,Legionellosis,0
5780,2015-W30,Malaria,2
5781,2015-W30,Measles,0
5782,2015-W30,Melioidosis,1
5783,2015-W30,Meningococcal Infection,1
5784,2015-W30,Mumps,5
5785,2015-W30,Nipah virus infection,0
5786,2015-W30,Paratyphoid,0
5787,2015-W30,Pertussis,0
5788,2015-W30,Plague,0
5789,2015-W30,Pneumococcal Disease (invasive),6
5790,2015-W30,Poliomyelitis,0
5791,2015-W30,Rubella,0
5792,2015-W30,Salmonellosis(non-enteric fevers),30
5793,2015-W30,SARS,0
5794,2015-W30,Typhoid,0
5795,2015-W30,Viral Hepatitis A,0
5796,2015-W30,Viral Hepatitis E,2
5797,2015-W30,Yellow Fever,0
5798,2015-W31,Acute Viral hepatitis B,0
5799,2015-W31,Acute Viral hepatitis C,0
5800,2015-W31,Avian Influenza,0
5801,2015-W31,Campylobacterenterosis,10
5802,2015-W31,Chikungunya Fever,3
5803,2015-W31,Cholera,0
5804,2015-W31,Dengue Fever,226
5805,2015-W31,Dengue Haemorrhagic Fever,0
5806,2015-W31,Diphtheria,0
5807,2015-W31,Encephalitis,1
5808,2015-W31,Haemophilus influenzae type b,0
5809,2015-W31,"Hand, Foot Mouth Disease",367
5810,2015-W31,Legionellosis,0
5811,2015-W31,Malaria,2
5812,2015-W31,Measles,1
5813,2015-W31,Melioidosis,1
5814,2015-W31,Meningococcal Infection,0
5815,2015-W31,Mumps,6
5816,2015-W31,Nipah virus infection,0
5817,2015-W31,Paratyphoid,0
5818,2015-W31,Pertussis,1
5819,2015-W31,Plague,0
5820,2015-W31,Pneumococcal Disease (invasive),2
5821,2015-W31,Poliomyelitis,0
5822,2015-W31,Rubella,0
5823,2015-W31,Salmonellosis(non-enteric fevers),36
5824,2015-W31,SARS,0
5825,2015-W31,Typhoid,1
5826,2015-W31,Viral Hepatitis A,1
5827,2015-W31,Viral Hepatitis E,3
5828,2015-W31,Yellow Fever,0
5829,2015-W32,Acute Viral hepatitis B,0
5830,2015-W32,Acute Viral hepatitis C,0
5831,2015-W32,Avian Influenza,0
5832,2015-W32,Campylobacterenterosis,7
5833,2015-W32,Chikungunya Fever,1
5834,2015-W32,Cholera,0
5835,2015-W32,Dengue Fever,221
5836,2015-W32,Dengue Haemorrhagic Fever,0
5837,2015-W32,Diphtheria,0
5838,2015-W32,Encephalitis,1
5839,2015-W32,Haemophilus influenzae type b,1
5840,2015-W32,"Hand, Foot Mouth Disease",478
5841,2015-W32,Legionellosis,0
5842,2015-W32,Malaria,1
5843,2015-W32,Measles,0
5844,2015-W32,Melioidosis,0
5845,2015-W32,Meningococcal Infection,0
5846,2015-W32,Mumps,7
5847,2015-W32,Nipah virus infection,0
5848,2015-W32,Paratyphoid,0
5849,2015-W32,Pertussis,0
5850,2015-W32,Plague,0
5851,2015-W32,Pneumococcal Disease (invasive),4
5852,2015-W32,Poliomyelitis,0
5853,2015-W32,Rubella,0
5854,2015-W32,Salmonellosis(non-enteric fevers),41
5855,2015-W32,SARS,0
5856,2015-W32,Typhoid,1
5857,2015-W32,Viral Hepatitis A,4
5858,2015-W32,Viral Hepatitis E,0
5859,2015-W32,Yellow Fever,0
5860,2015-W33,Acute Viral hepatitis B,2
5861,2015-W33,Acute Viral hepatitis C,0
5862,2015-W33,Avian Influenza,0
5863,2015-W33,Campylobacterenterosis,8
5864,2015-W33,Chikungunya Fever,2
5865,2015-W33,Cholera,0
5866,2015-W33,Dengue Fever,250
5867,2015-W33,Dengue Haemorrhagic Fever,0
5868,2015-W33,Diphtheria,0
5869,2015-W33,Encephalitis,0
5870,2015-W33,Haemophilus influenzae type b,0
5871,2015-W33,"Hand, Foot Mouth Disease",554
5872,2015-W33,Legionellosis,0
5873,2015-W33,Malaria,2
5874,2015-W33,Measles,2
5875,2015-W33,Melioidosis,1
5876,2015-W33,Meningococcal Infection,0
5877,2015-W33,Mumps,10
5878,2015-W33,Nipah virus infection,0
5879,2015-W33,Paratyphoid,2
5880,2015-W33,Pertussis,1
5881,2015-W33,Plague,0
5882,2015-W33,Pneumococcal Disease (invasive),3
5883,2015-W33,Poliomyelitis,0
5884,2015-W33,Rubella,0
5885,2015-W33,Salmonellosis(non-enteric fevers),44
5886,2015-W33,SARS,0
5887,2015-W33,Typhoid,0
5888,2015-W33,Viral Hepatitis A,0
5889,2015-W33,Viral Hepatitis E,1
5890,2015-W33,Yellow Fever,0
5891,2015-W34,Acute Viral hepatitis B,0
5892,2015-W34,Acute Viral hepatitis C,0
5893,2015-W34,Avian Influenza,0
5894,2015-W34,Campylobacterenterosis,8
5895,2015-W34,Chikungunya Fever,0
5896,2015-W34,Cholera,1
5897,2015-W34,Dengue Fever,225
5898,2015-W34,Dengue Haemorrhagic Fever,0
5899,2015-W34,Diphtheria,0
5900,2015-W34,Encephalitis,1
5901,2015-W34,Haemophilus influenzae type b,0
5902,2015-W34,"Hand, Foot Mouth Disease",533
5903,2015-W34,Legionellosis,0
5904,2015-W34,Malaria,1
5905,2015-W34,Measles,0
5906,2015-W34,Melioidosis,1
5907,2015-W34,Meningococcal Infection,0
5908,2015-W34,Mumps,10
5909,2015-W34,Nipah virus infection,0
5910,2015-W34,Paratyphoid,0
5911,2015-W34,Pertussis,1
5912,2015-W34,Plague,0
5913,2015-W34,Pneumococcal Disease (invasive),5
5914,2015-W34,Poliomyelitis,0
5915,2015-W34,Rubella,0
5916,2015-W34,Salmonellosis(non-enteric fevers),50
5917,2015-W34,SARS,0
5918,2015-W34,Typhoid,2
5919,2015-W34,Viral Hepatitis A,0
5920,2015-W34,Viral Hepatitis E,1
5921,2015-W34,Yellow Fever,0
5922,2015-W35,Acute Viral hepatitis B,0
5923,2015-W35,Acute Viral hepatitis C,0
5924,2015-W35,Avian Influenza,0
5925,2015-W35,Campylobacterenterosis,11
5926,2015-W35,Chikungunya Fever,0
5927,2015-W35,Cholera,0
5928,2015-W35,Dengue Fever,246
5929,2015-W35,Dengue Haemorrhagic Fever,0
5930,2015-W35,Diphtheria,0
5931,2015-W35,Encephalitis,1
5932,2015-W35,Haemophilus influenzae type b,0
5933,2015-W35,"Hand, Foot Mouth Disease",483
5934,2015-W35,Legionellosis,0
5935,2015-W35,Malaria,0
5936,2015-W35,Measles,0
5937,2015-W35,Melioidosis,0
5938,2015-W35,Meningococcal Infection,0
5939,2015-W35,Mumps,9
5940,2015-W35,Nipah virus infection,0
5941,2015-W35,Paratyphoid,0
5942,2015-W35,Pertussis,0
5943,2015-W35,Plague,0
5944,2015-W35,Pneumococcal Disease (invasive),3
5945,2015-W35,Poliomyelitis,0
5946,2015-W35,Rubella,1
5947,2015-W35,Salmonellosis(non-enteric fevers),58
5948,2015-W35,SARS,0
5949,2015-W35,Typhoid,0
5950,2015-W35,Viral Hepatitis A,5
5951,2015-W35,Viral Hepatitis E,0
5952,2015-W35,Yellow Fever,0
5953,2015-W36,Acute Viral hepatitis B,1
5954,2015-W36,Acute Viral hepatitis C,1
5955,2015-W36,Avian Influenza,0
5956,2015-W36,Campylobacterenterosis,9
5957,2015-W36,Chikungunya Fever,1
5958,2015-W36,Cholera,0
5959,2015-W36,Dengue Fever,217
5960,2015-W36,Dengue Haemorrhagic Fever,0
5961,2015-W36,Diphtheria,0
5962,2015-W36,Encephalitis,0
5963,2015-W36,Haemophilus influenzae type b,0
5964,2015-W36,"Hand, Foot Mouth Disease",407
5965,2015-W36,Legionellosis,0
5966,2015-W36,Malaria,3
5967,2015-W36,Measles,0
5968,2015-W36,Melioidosis,0
5969,2015-W36,Meningococcal Infection,0
5970,2015-W36,Mumps,7
5971,2015-W36,Nipah virus infection,0
5972,2015-W36,Paratyphoid,0
5973,2015-W36,Pertussis,3
5974,2015-W36,Plague,0
5975,2015-W36,Pneumococcal Disease (invasive),5
5976,2015-W36,Poliomyelitis,0
5977,2015-W36,Rubella,0
5978,2015-W36,Salmonellosis(non-enteric fevers),42
5979,2015-W36,SARS,0
5980,2015-W36,Typhoid,1
5981,2015-W36,Viral Hepatitis A,1
5982,2015-W36,Viral Hepatitis E,1
5983,2015-W36,Yellow Fever,0
5984,2015-W37,Acute Viral hepatitis B,0
5985,2015-W37,Acute Viral hepatitis C,0
5986,2015-W37,Avian Influenza,0
5987,2015-W37,Campylobacterenterosis,7
5988,2015-W37,Chikungunya Fever,0
5989,2015-W37,Cholera,0
5990,2015-W37,Dengue Fever,303
5991,2015-W37,Dengue Haemorrhagic Fever,0
5992,2015-W37,Diphtheria,0
5993,2015-W37,Encephalitis,2
5994,2015-W37,Haemophilus influenzae type b,0
5995,2015-W37,"Hand, Foot Mouth Disease",414
5996,2015-W37,Legionellosis,0
5997,2015-W37,Malaria,1
5998,2015-W37,Measles,2
5999,2015-W37,Melioidosis,1
6000,2015-W37,Meningococcal Infection,0
6001,2015-W37,Mumps,14
6002,2015-W37,Nipah virus infection,0
6003,2015-W37,Paratyphoid,0
6004,2015-W37,Pertussis,0
6005,2015-W37,Plague,0
6006,2015-W37,Pneumococcal Disease (invasive),5
6007,2015-W37,Poliomyelitis,0
6008,2015-W37,Rubella,0
6009,2015-W37,Salmonellosis(non-enteric fevers),43
6010,2015-W37,SARS,0
6011,2015-W37,Typhoid,1
6012,2015-W37,Viral Hepatitis A,2
6013,2015-W37,Viral Hepatitis E,1
6014,2015-W37,Yellow Fever,0
6015,2015-W38,Acute Viral hepatitis B,4
6016,2015-W38,Acute Viral hepatitis C,1
6017,2015-W38,Avian Influenza,0
6018,2015-W38,Campylobacterenterosis,11
6019,2015-W38,Chikungunya Fever,1
6020,2015-W38,Cholera,0
6021,2015-W38,Dengue Fever,214
6022,2015-W38,Dengue Haemorrhagic Fever,0
6023,2015-W38,Diphtheria,0
6024,2015-W38,Encephalitis,1
6025,2015-W38,Haemophilus influenzae type b,0
6026,2015-W38,"Hand, Foot Mouth Disease",403
6027,2015-W38,Legionellosis,0
6028,2015-W38,Malaria,1
6029,2015-W38,Measles,1
6030,2015-W38,Melioidosis,2
6031,2015-W38,Meningococcal Infection,0
6032,2015-W38,Mumps,2
6033,2015-W38,Nipah virus infection,0
6034,2015-W38,Paratyphoid,1
6035,2015-W38,Pertussis,0
6036,2015-W38,Plague,0
6037,2015-W38,Pneumococcal Disease (invasive),1
6038,2015-W38,Poliomyelitis,0
6039,2015-W38,Rubella,0
6040,2015-W38,Salmonellosis(non-enteric fevers),41
6041,2015-W38,SARS,0
6042,2015-W38,Typhoid,0
6043,2015-W38,Viral Hepatitis A,1
6044,2015-W38,Viral Hepatitis E,0
6045,2015-W38,Yellow Fever,0
6046,2015-W39,Acute Viral hepatitis B,0
6047,2015-W39,Acute Viral hepatitis C,0
6048,2015-W39,Avian Influenza,0
6049,2015-W39,Campylobacterenterosis,5
6050,2015-W39,Chikungunya Fever,3
6051,2015-W39,Cholera,0
6052,2015-W39,Dengue Fever,257
6053,2015-W39,Dengue Haemorrhagic Fever,0
6054,2015-W39,Diphtheria,0
6055,2015-W39,Encephalitis,1
6056,2015-W39,Haemophilus influenzae type b,1
6057,2015-W39,"Hand, Foot Mouth Disease",441
6058,2015-W39,Legionellosis,0
6059,2015-W39,Malaria,2
6060,2015-W39,Measles,1
6061,2015-W39,Melioidosis,1
6062,2015-W39,Meningococcal Infection,0
6063,2015-W39,Mumps,12
6064,2015-W39,Nipah virus infection,0
6065,2015-W39,Paratyphoid,0
6066,2015-W39,Pertussis,3
6067,2015-W39,Plague,0
6068,2015-W39,Pneumococcal Disease (invasive),1
6069,2015-W39,Poliomyelitis,0
6070,2015-W39,Rubella,0
6071,2015-W39,Salmonellosis(non-enteric fevers),39
6072,2015-W39,SARS,0
6073,2015-W39,Typhoid,1
6074,2015-W39,Viral Hepatitis A,0
6075,2015-W39,Viral Hepatitis E,1
6076,2015-W39,Yellow Fever,0
6077,2015-W40,Acute Viral hepatitis B,1
6078,2015-W40,Acute Viral hepatitis C,24
6079,2015-W40,Avian Influenza,0
6080,2015-W40,Campylobacterenterosis,6
6081,2015-W40,Chikungunya Fever,1
6082,2015-W40,Cholera,0
6083,2015-W40,Dengue Fever,235
6084,2015-W40,Dengue Haemorrhagic Fever,0
6085,2015-W40,Diphtheria,0
6086,2015-W40,Encephalitis,0
6087,2015-W40,Haemophilus influenzae type b,0
6088,2015-W40,"Hand, Foot Mouth Disease",431
6089,2015-W40,Legionellosis,0
6090,2015-W40,Malaria,1
6091,2015-W40,Measles,0
6092,2015-W40,Melioidosis,1
6093,2015-W40,Meningococcal Infection,0
6094,2015-W40,Mumps,8
6095,2015-W40,Nipah virus infection,0
6096,2015-W40,Paratyphoid,0
6097,2015-W40,Pertussis,1
6098,2015-W40,Plague,0
6099,2015-W40,Pneumococcal Disease (invasive),0
6100,2015-W40,Poliomyelitis,0
6101,2015-W40,Rubella,1
6102,2015-W40,Salmonellosis(non-enteric fevers),47
6103,2015-W40,SARS,0
6104,2015-W40,Typhoid,1
6105,2015-W40,Viral Hepatitis A,0
6106,2015-W40,Viral Hepatitis E,1
6107,2015-W40,Yellow Fever,0
6108,2015-W41,Acute Viral hepatitis B,2
6109,2015-W41,Acute Viral hepatitis C,2
6110,2015-W41,Avian Influenza,0
6111,2015-W41,Campylobacterenterosis,4
6112,2015-W41,Chikungunya Fever,4
6113,2015-W41,Cholera,0
6114,2015-W41,Dengue Fever,235
6115,2015-W41,Dengue Haemorrhagic Fever,0
6116,2015-W41,Diphtheria,0
6117,2015-W41,Encephalitis,0
6118,2015-W41,Haemophilus influenzae type b,0
6119,2015-W41,"Hand, Foot Mouth Disease",585
6120,2015-W41,Legionellosis,1
6121,2015-W41,Malaria,1
6122,2015-W41,Measles,1
6123,2015-W41,Melioidosis,2
6124,2015-W41,Meningococcal Infection,0
6125,2015-W41,Mumps,8
6126,2015-W41,Nipah virus infection,0
6127,2015-W41,Paratyphoid,0
6128,2015-W41,Pertussis,0
6129,2015-W41,Plague,0
6130,2015-W41,Pneumococcal Disease (invasive),2
6131,2015-W41,Poliomyelitis,0
6132,2015-W41,Rubella,0
6133,2015-W41,Salmonellosis(non-enteric fevers),42
6134,2015-W41,SARS,0
6135,2015-W41,Typhoid,0
6136,2015-W41,Viral Hepatitis A,0
6137,2015-W41,Viral Hepatitis E,1
6138,2015-W41,Yellow Fever,0
6139,2015-W42,Acute Viral hepatitis B,0
6140,2015-W42,Acute Viral hepatitis C,3
6141,2015-W42,Avian Influenza,0
6142,2015-W42,Campylobacterenterosis,10
6143,2015-W42,Chikungunya Fever,1
6144,2015-W42,Cholera,0
6145,2015-W42,Dengue Fever,224
6146,2015-W42,Dengue Haemorrhagic Fever,0
6147,2015-W42,Diphtheria,0
6148,2015-W42,Encephalitis,1
6149,2015-W42,Haemophilus influenzae type b,0
6150,2015-W42,"Hand, Foot Mouth Disease",477
6151,2015-W42,Legionellosis,1
6152,2015-W42,Malaria,0
6153,2015-W42,Measles,1
6154,2015-W42,Melioidosis,1
6155,2015-W42,Meningococcal Infection,0
6156,2015-W42,Mumps,6
6157,2015-W42,Nipah virus infection,0
6158,2015-W42,Paratyphoid,1
6159,2015-W42,Pertussis,2
6160,2015-W42,Plague,0
6161,2015-W42,Pneumococcal Disease (invasive),3
6162,2015-W42,Poliomyelitis,0
6163,2015-W42,Rubella,0
6164,2015-W42,Salmonellosis(non-enteric fevers),51
6165,2015-W42,SARS,0
6166,2015-W42,Typhoid,1
6167,2015-W42,Viral Hepatitis A,1
6168,2015-W42,Viral Hepatitis E,4
6169,2015-W42,Yellow Fever,0
6170,2015-W43,Acute Viral hepatitis B,0
6171,2015-W43,Acute Viral hepatitis C,1
6172,2015-W43,Avian Influenza,0
6173,2015-W43,Campylobacterenterosis,10
6174,2015-W43,Chikungunya Fever,0
6175,2015-W43,Cholera,1
6176,2015-W43,Dengue Fever,246
6177,2015-W43,Dengue Haemorrhagic Fever,0
6178,2015-W43,Diphtheria,0
6179,2015-W43,Encephalitis,0
6180,2015-W43,Haemophilus influenzae type b,0
6181,2015-W43,"Hand, Foot Mouth Disease",438
6182,2015-W43,Legionellosis,0
6183,2015-W43,Malaria,1
6184,2015-W43,Measles,1
6185,2015-W43,Melioidosis,0
6186,2015-W43,Meningococcal Infection,0
6187,2015-W43,Mumps,12
6188,2015-W43,Nipah virus infection,0
6189,2015-W43,Paratyphoid,1
6190,2015-W43,Pertussis,1
6191,2015-W43,Plague,0
6192,2015-W43,Pneumococcal Disease (invasive),4
6193,2015-W43,Poliomyelitis,0
6194,2015-W43,Rubella,2
6195,2015-W43,Salmonellosis(non-enteric fevers),39
6196,2015-W43,SARS,0
6197,2015-W43,Typhoid,3
6198,2015-W43,Viral Hepatitis A,1
6199,2015-W43,Viral Hepatitis E,3
6200,2015-W43,Yellow Fever,0
6201,2015-W44,Acute Viral hepatitis B,7
6202,2015-W44,Acute Viral hepatitis C,1
6203,2015-W44,Avian Influenza,0
6204,2015-W44,Campylobacterenterosis,9
6205,2015-W44,Chikungunya Fever,2
6206,2015-W44,Cholera,0
6207,2015-W44,Dengue Fever,266
6208,2015-W44,Dengue Haemorrhagic Fever,0
6209,2015-W44,Diphtheria,0
6210,2015-W44,Encephalitis,2
6211,2015-W44,Haemophilus influenzae type b,0
6212,2015-W44,"Hand, Foot Mouth Disease",502
6213,2015-W44,Legionellosis,0
6214,2015-W44,Malaria,0
6215,2015-W44,Measles,0
6216,2015-W44,Melioidosis,0
6217,2015-W44,Meningococcal Infection,0
6218,2015-W44,Mumps,6
6219,2015-W44,Nipah virus infection,0
6220,2015-W44,Paratyphoid,1
6221,2015-W44,Pertussis,2
6222,2015-W44,Plague,0
6223,2015-W44,Pneumococcal Disease (invasive),1
6224,2015-W44,Poliomyelitis,0
6225,2015-W44,Rubella,0
6226,2015-W44,Salmonellosis(non-enteric fevers),40
6227,2015-W44,SARS,0
6228,2015-W44,Typhoid,1
6229,2015-W44,Viral Hepatitis A,1
6230,2015-W44,Viral Hepatitis E,3
6231,2015-W44,Yellow Fever,0
6232,2015-W45,Acute Viral hepatitis B,2
6233,2015-W45,Acute Viral hepatitis C,1
6234,2015-W45,Avian Influenza,0
6235,2015-W45,Campylobacterenterosis,8
6236,2015-W45,Chikungunya Fever,1
6237,2015-W45,Cholera,0
6238,2015-W45,Dengue Fever,198
6239,2015-W45,Dengue Haemorrhagic Fever,0
6240,2015-W45,Diphtheria,0
6241,2015-W45,Encephalitis,0
6242,2015-W45,Haemophilus influenzae type b,0
6243,2015-W45,"Hand, Foot Mouth Disease",523
6244,2015-W45,Legionellosis,0
6245,2015-W45,Malaria,0
6246,2015-W45,Measles,0
6247,2015-W45,Melioidosis,0
6248,2015-W45,Meningococcal Infection,1
6249,2015-W45,Mumps,9
6250,2015-W45,Nipah virus infection,0
6251,2015-W45,Paratyphoid,0
6252,2015-W45,Pertussis,1
6253,2015-W45,Plague,0
6254,2015-W45,Pneumococcal Disease (invasive),0
6255,2015-W45,Poliomyelitis,0
6256,2015-W45,Rubella,0
6257,2015-W45,Salmonellosis(non-enteric fevers),58
6258,2015-W45,SARS,0
6259,2015-W45,Typhoid,0
6260,2015-W45,Viral Hepatitis A,1
6261,2015-W45,Viral Hepatitis E,1
6262,2015-W45,Yellow Fever,0
6263,2015-W46,Acute Viral hepatitis B,1
6264,2015-W46,Acute Viral hepatitis C,0
6265,2015-W46,Avian Influenza,0
6266,2015-W46,Campylobacterenterosis,10
6267,2015-W46,Chikungunya Fever,0
6268,2015-W46,Cholera,0
6269,2015-W46,Dengue Fever,254
6270,2015-W46,Dengue Haemorrhagic Fever,0
6271,2015-W46,Diphtheria,0
6272,2015-W46,Encephalitis,1
6273,2015-W46,Haemophilus influenzae type b,1
6274,2015-W46,"Hand, Foot Mouth Disease",600
6275,2015-W46,Legionellosis,0
6276,2015-W46,Malaria,0
6277,2015-W46,Measles,0
6278,2015-W46,Melioidosis,1
6279,2015-W46,Meningococcal Infection,1
6280,2015-W46,Mumps,10
6281,2015-W46,Nipah virus infection,0
6282,2015-W46,Paratyphoid,0
6283,2015-W46,Pertussis,0
6284,2015-W46,Plague,0
6285,2015-W46,Pneumococcal Disease (invasive),2
6286,2015-W46,Poliomyelitis,0
6287,2015-W46,Rubella,0
6288,2015-W46,Salmonellosis(non-enteric fevers),52
6289,2015-W46,SARS,0
6290,2015-W46,Typhoid,0
6291,2015-W46,Viral Hepatitis A,2
6292,2015-W46,Viral Hepatitis E,2
6293,2015-W46,Yellow Fever,0
6294,2015-W47,Acute Viral hepatitis B,1
6295,2015-W47,Acute Viral hepatitis C,1
6296,2015-W47,Avian Influenza,0
6297,2015-W47,Campylobacterenterosis,6
6298,2015-W47,Chikungunya Fever,1
6299,2015-W47,Cholera,1
6300,2015-W47,Dengue Fever,285
6301,2015-W47,Dengue Haemorrhagic Fever,1
6302,2015-W47,Diphtheria,0
6303,2015-W47,Encephalitis,0
6304,2015-W47,Haemophilus influenzae type b,0
6305,2015-W47,"Hand, Foot Mouth Disease",610
6306,2015-W47,Legionellosis,0
6307,2015-W47,Malaria,4
6308,2015-W47,Measles,2
6309,2015-W47,Melioidosis,0
6310,2015-W47,Meningococcal Infection,0
6311,2015-W47,Mumps,10
6312,2015-W47,Nipah virus infection,0
6313,2015-W47,Paratyphoid,0
6314,2015-W47,Pertussis,3
6315,2015-W47,Plague,0
6316,2015-W47,Pneumococcal Disease (invasive),2
6317,2015-W47,Poliomyelitis,0
6318,2015-W47,Rubella,0
6319,2015-W47,Salmonellosis(non-enteric fevers),48
6320,2015-W47,SARS,0
6321,2015-W47,Typhoid,0
6322,2015-W47,Viral Hepatitis A,0
6323,2015-W47,Viral Hepatitis E,3
6324,2015-W47,Yellow Fever,0
6325,2015-W48,Acute Viral hepatitis B,0
6326,2015-W48,Acute Viral hepatitis C,0
6327,2015-W48,Avian Influenza,0
6328,2015-W48,Campylobacterenterosis,8
6329,2015-W48,Chikungunya Fever,1
6330,2015-W48,Cholera,0
6331,2015-W48,Dengue Fever,259
6332,2015-W48,Dengue Haemorrhagic Fever,0
6333,2015-W48,Diphtheria,0
6334,2015-W48,Encephalitis,0
6335,2015-W48,Haemophilus influenzae type b,0
6336,2015-W48,"Hand, Foot Mouth Disease",533
6337,2015-W48,Legionellosis,1
6338,2015-W48,Malaria,1
6339,2015-W48,Measles,0
6340,2015-W48,Melioidosis,0
6341,2015-W48,Meningococcal Infection,0
6342,2015-W48,Mumps,8
6343,2015-W48,Nipah virus infection,0
6344,2015-W48,Paratyphoid,0
6345,2015-W48,Pertussis,2
6346,2015-W48,Plague,0
6347,2015-W48,Pneumococcal Disease (invasive),8
6348,2015-W48,Poliomyelitis,0
6349,2015-W48,Rubella,0
6350,2015-W48,Salmonellosis(non-enteric fevers),46
6351,2015-W48,SARS,0
6352,2015-W48,Typhoid,0
6353,2015-W48,Viral Hepatitis A,2
6354,2015-W48,Viral Hepatitis E,2
6355,2015-W48,Yellow Fever,0
6356,2015-W49,Acute Viral hepatitis B,1
6357,2015-W49,Acute Viral hepatitis C,0
6358,2015-W49,Avian Influenza,0
6359,2015-W49,Campylobacterenterosis,9
6360,2015-W49,Chikungunya Fever,0
6361,2015-W49,Cholera,0
6362,2015-W49,Dengue Fever,356
6363,2015-W49,Dengue Haemorrhagic Fever,1
6364,2015-W49,Diphtheria,0
6365,2015-W49,Encephalitis,1
6366,2015-W49,Haemophilus influenzae type b,0
6367,2015-W49,"Hand, Foot Mouth Disease",568
6368,2015-W49,Legionellosis,1
6369,2015-W49,Malaria,0
6370,2015-W49,Measles,0
6371,2015-W49,Melioidosis,0
6372,2015-W49,Meningococcal Infection,0
6373,2015-W49,Mumps,6
6374,2015-W49,Nipah virus infection,0
6375,2015-W49,Paratyphoid,1
6376,2015-W49,Pertussis,2
6377,2015-W49,Plague,0
6378,2015-W49,Pneumococcal Disease (invasive),1
6379,2015-W49,Poliomyelitis,0
6380,2015-W49,Rubella,1
6381,2015-W49,Salmonellosis(non-enteric fevers),41
6382,2015-W49,SARS,0
6383,2015-W49,Typhoid,1
6384,2015-W49,Viral Hepatitis A,0
6385,2015-W49,Viral Hepatitis E,0
6386,2015-W49,Yellow Fever,0
6387,2015-W50,Acute Viral hepatitis B,0
6388,2015-W50,Acute Viral hepatitis C,1
6389,2015-W50,Avian Influenza,0
6390,2015-W50,Campylobacterenterosis,16
6391,2015-W50,Chikungunya Fever,0
6392,2015-W50,Cholera,0
6393,2015-W50,Dengue Fever,333
6394,2015-W50,Dengue Haemorrhagic Fever,0
6395,2015-W50,Diphtheria,0
6396,2015-W50,Encephalitis,0
6397,2015-W50,Haemophilus influenzae type b,0
6398,2015-W50,"Hand, Foot Mouth Disease",548
6399,2015-W50,Legionellosis,0
6400,2015-W50,Malaria,0
6401,2015-W50,Measles,0
6402,2015-W50,Melioidosis,1
6403,2015-W50,Meningococcal Infection,0
6404,2015-W50,Mumps,3
6405,2015-W50,Nipah virus infection,0
6406,2015-W50,Paratyphoid,0
6407,2015-W50,Pertussis,2
6408,2015-W50,Plague,0
6409,2015-W50,Pneumococcal Disease (invasive),0
6410,2015-W50,Poliomyelitis,0
6411,2015-W50,Rubella,1
6412,2015-W50,Salmonellosis(non-enteric fevers),48
6413,2015-W50,SARS,0
6414,2015-W50,Typhoid,1
6415,2015-W50,Viral Hepatitis A,1
6416,2015-W50,Viral Hepatitis E,2
6417,2015-W50,Yellow Fever,0
6418,2015-W51,Acute Viral hepatitis B,2
6419,2015-W51,Acute Viral hepatitis C,0
6420,2015-W51,Avian Influenza,0
6421,2015-W51,Campylobacterenterosis,7
6422,2015-W51,Chikungunya Fever,0
6423,2015-W51,Cholera,0
6424,2015-W51,Dengue Fever,372
6425,2015-W51,Dengue Haemorrhagic Fever,0
6426,2015-W51,Diphtheria,0
6427,2015-W51,Encephalitis,1
6428,2015-W51,Haemophilus influenzae type b,0
6429,2015-W51,"Hand, Foot Mouth Disease",432
6430,2015-W51,Legionellosis,0
6431,2015-W51,Malaria,1
6432,2015-W51,Measles,1
6433,2015-W51,Melioidosis,2
6434,2015-W51,Meningococcal Infection,0
6435,2015-W51,Mumps,11
6436,2015-W51,Nipah virus infection,0
6437,2015-W51,Paratyphoid,0
6438,2015-W51,Pertussis,0
6439,2015-W51,Plague,0
6440,2015-W51,Pneumococcal Disease (invasive),2
6441,2015-W51,Poliomyelitis,0
6442,2015-W51,Rubella,0
6443,2015-W51,Salmonellosis(non-enteric fevers),58
6444,2015-W51,SARS,0
6445,2015-W51,Typhoid,3
6446,2015-W51,Viral Hepatitis A,0
6447,2015-W51,Viral Hepatitis E,3
6448,2015-W51,Yellow Fever,0
6449,2015-W52,Acute Viral hepatitis B,1
6450,2015-W52,Acute Viral hepatitis C,0
6451,2015-W52,Avian Influenza,0
6452,2015-W52,Campylobacterenterosis,8
6453,2015-W52,Chikungunya Fever,0
6454,2015-W52,Cholera,0
6455,2015-W52,Dengue Fever,458
6456,2015-W52,Dengue Haemorrhagic Fever,0
6457,2015-W52,Diphtheria,0
6458,2015-W52,Encephalitis,0
6459,2015-W52,Haemophilus influenzae type b,0
6460,2015-W52,"Hand, Foot Mouth Disease",370
6461,2015-W52,Legionellosis,1
6462,2015-W52,Malaria,0
6463,2015-W52,Measles,0
6464,2015-W52,Melioidosis,1
6465,2015-W52,Meningococcal Infection,0
6466,2015-W52,Mumps,7
6467,2015-W52,Nipah virus infection,0
6468,2015-W52,Paratyphoid,1
6469,2015-W52,Pertussis,0
6470,2015-W52,Plague,0
6471,2015-W52,Pneumococcal Disease (invasive),2
6472,2015-W52,Poliomyelitis,0
6473,2015-W52,Rubella,0
6474,2015-W52,Salmonellosis(non-enteric fevers),40
6475,2015-W52,SARS,0
6476,2015-W52,Typhoid,0
6477,2015-W52,Viral Hepatitis A,0
6478,2015-W52,Viral Hepatitis E,3
6479,2015-W52,Yellow Fever,0
6480,2016-W01,Cholera,1
6481,2016-W01,Paratyphoid,1
6482,2016-W01,Typhoid,0
6483,2016-W01,Viral Hepatitis A,0
6484,2016-W01,Viral Hepatitis E,1
6485,2016-W01,Poliomyelitis,0
6486,2016-W01,Plague,0
6487,2016-W01,Yellow Fever,0
6488,2016-W01,Dengue Fever,549
6489,2016-W01,Dengue Haemorrhagic Fever,0
6490,2016-W01,Malaria,1
6491,2016-W01,Chikungunya Fever,1
6492,2016-W01,"Hand, Foot Mouth Disease",418
6493,2016-W01,Diphtheria,0
6494,2016-W01,Measles,0
6495,2016-W01,Mumps,8
6496,2016-W01,Rubella,1
6497,2016-W01,SARS,0
6498,2016-W01,Nipah virus infection,0
6499,2016-W01,Acute Viral hepatitis B,3
6500,2016-W01,Encephalitis,1
6501,2016-W01,Legionellosis,0
6502,2016-W01,Campylobacterenterosis,14
6503,2016-W01,Acute Viral hepatitis C,0
6504,2016-W01,Melioidosis,0
6505,2016-W01,Meningococcal Infection,0
6506,2016-W01,Pertussis,1
6507,2016-W01,Pneumococcal Disease (invasive),2
6508,2016-W01,Haemophilus influenzae type b,0
6509,2016-W01,Salmonellosis(non-enteric fevers),58
6510,2016-W01,Avian Influenza,1
6511,2016-W02,Cholera,0
6512,2016-W02,Paratyphoid,0
6513,2016-W02,Typhoid,0
6514,2016-W02,Viral Hepatitis A,3
6515,2016-W02,Viral Hepatitis E,1
6516,2016-W02,Poliomyelitis,0
6517,2016-W02,Plague,0
6518,2016-W02,Yellow Fever,0
6519,2016-W02,Dengue Fever,628
6520,2016-W02,Dengue Haemorrhagic Fever,0
6521,2016-W02,Malaria,0
6522,2016-W02,Chikungunya Fever,1
6523,2016-W02,"Hand, Foot Mouth Disease",505
6524,2016-W02,Diphtheria,0
6525,2016-W02,Measles,0
6526,2016-W02,Mumps,7
6527,2016-W02,Rubella,0
6528,2016-W02,SARS,0
6529,2016-W02,Nipah virus infection,0
6530,2016-W02,Acute Viral hepatitis B,3
6531,2016-W02,Encephalitis,1
6532,2016-W02,Legionellosis,0
6533,2016-W02,Campylobacterenterosis,4
6534,2016-W02,Acute Viral hepatitis C,0
6535,2016-W02,Melioidosis,2
6536,2016-W02,Meningococcal Infection,0
6537,2016-W02,Pertussis,2
6538,2016-W02,Pneumococcal Disease (invasive),2
6539,2016-W02,Haemophilus influenzae type b,0
6540,2016-W02,Salmonellosis(non-enteric fevers),52
6541,2016-W02,Avian Influenza,0
6542,2016-W03,Cholera,0
6543,2016-W03,Paratyphoid,1
6544,2016-W03,Typhoid,2
6545,2016-W03,Viral Hepatitis A,2
6546,2016-W03,Viral Hepatitis E,2
6547,2016-W03,Poliomyelitis,0
6548,2016-W03,Plague,0
6549,2016-W03,Yellow Fever,0
6550,2016-W03,Dengue Fever,635
6551,2016-W03,Dengue Haemorrhagic Fever,1
6552,2016-W03,Malaria,0
6553,2016-W03,Chikungunya Fever,0
6554,2016-W03,"Hand, Foot Mouth Disease",588
6555,2016-W03,Diphtheria,0
6556,2016-W03,Measles,0
6557,2016-W03,Mumps,11
6558,2016-W03,Rubella,0
6559,2016-W03,SARS,0
6560,2016-W03,Nipah virus infection,0
6561,2016-W03,Acute Viral hepatitis B,0
6562,2016-W03,Encephalitis,2
6563,2016-W03,Legionellosis,0
6564,2016-W03,Campylobacterenterosis,9
6565,2016-W03,Acute Viral hepatitis C,0
6566,2016-W03,Melioidosis,1
6567,2016-W03,Meningococcal Infection,1
6568,2016-W03,Pertussis,2
6569,2016-W03,Pneumococcal Disease (invasive),1
6570,2016-W03,Haemophilus influenzae type b,0
6571,2016-W03,Salmonellosis(non-enteric fevers),49
6572,2016-W03,Avian Influenza,0
6573,2016-W04,Cholera,0
6574,2016-W04,Paratyphoid,0
6575,2016-W04,Typhoid,4
6576,2016-W04,Viral Hepatitis A,0
6577,2016-W04,Viral Hepatitis E,0
6578,2016-W04,Poliomyelitis,0
6579,2016-W04,Plague,0
6580,2016-W04,Yellow Fever,0
6581,2016-W04,Dengue Fever,629
6582,2016-W04,Dengue Haemorrhagic Fever,1
6583,2016-W04,Malaria,0
6584,2016-W04,Chikungunya Fever,1
6585,2016-W04,"Hand, Foot Mouth Disease",587
6586,2016-W04,Diphtheria,0
6587,2016-W04,Measles,0
6588,2016-W04,Mumps,10
6589,2016-W04,Rubella,0
6590,2016-W04,SARS,0
6591,2016-W04,Nipah virus infection,0
6592,2016-W04,Acute Viral hepatitis B,2
6593,2016-W04,Encephalitis,0
6594,2016-W04,Legionellosis,0
6595,2016-W04,Campylobacterenterosis,6
6596,2016-W04,Acute Viral hepatitis C,0
6597,2016-W04,Melioidosis,2
6598,2016-W04,Meningococcal Infection,0
6599,2016-W04,Pertussis,1
6600,2016-W04,Pneumococcal Disease (invasive),3
6601,2016-W04,Haemophilus influenzae type b,0
6602,2016-W04,Salmonellosis(non-enteric fevers),42
6603,2016-W04,Avian Influenza,0
6604,2016-W05,Cholera,0
6605,2016-W05,Paratyphoid,0
6606,2016-W05,Typhoid,1
6607,2016-W05,Viral Hepatitis A,0
6608,2016-W05,Viral Hepatitis E,2
6609,2016-W05,Poliomyelitis,0
6610,2016-W05,Plague,0
6611,2016-W05,Yellow Fever,0
6612,2016-W05,Dengue Fever,528
6613,2016-W05,Dengue Haemorrhagic Fever,2
6614,2016-W05,Malaria,0
6615,2016-W05,Chikungunya Fever,0
6616,2016-W05,"Hand, Foot Mouth Disease",680
6617,2016-W05,Diphtheria,0
6618,2016-W05,Measles,1
6619,2016-W05,Mumps,9
6620,2016-W05,Rubella,0
6621,2016-W05,SARS,0
6622,2016-W05,Nipah virus infection,0
6623,2016-W05,Acute Viral hepatitis B,2
6624,2016-W05,Encephalitis,2
6625,2016-W05,Legionellosis,0
6626,2016-W05,Campylobacterenterosis,6
6627,2016-W05,Acute Viral hepatitis C,0
6628,2016-W05,Melioidosis,0
6629,2016-W05,Meningococcal Infection,0
6630,2016-W05,Pertussis,1
6631,2016-W05,Pneumococcal Disease (invasive),2
6632,2016-W05,Haemophilus influenzae type b,0
6633,2016-W05,Salmonellosis(non-enteric fevers),54
6634,2016-W05,Avian Influenza,0
6635,2016-W06,Cholera,0
6636,2016-W06,Paratyphoid,0
6637,2016-W06,Typhoid,0
6638,2016-W06,Viral Hepatitis A,1
6639,2016-W06,Viral Hepatitis E,0
6640,2016-W06,Poliomyelitis,0
6641,2016-W06,Plague,0
6642,2016-W06,Yellow Fever,0
6643,2016-W06,Dengue Fever,420
6644,2016-W06,Dengue Haemorrhagic Fever,0
6645,2016-W06,Malaria,0
6646,2016-W06,Chikungunya Fever,0
6647,2016-W06,"Hand, Foot Mouth Disease",587
6648,2016-W06,Diphtheria,0
6649,2016-W06,Measles,0
6650,2016-W06,Mumps,9
6651,2016-W06,Rubella,0
6652,2016-W06,SARS,0
6653,2016-W06,Nipah virus infection,0
6654,2016-W06,Acute Viral hepatitis B,1
6655,2016-W06,Encephalitis,0
6656,2016-W06,Legionellosis,0
6657,2016-W06,Campylobacterenterosis,5
6658,2016-W06,Acute Viral hepatitis C,0
6659,2016-W06,Melioidosis,2
6660,2016-W06,Meningococcal Infection,0
6661,2016-W06,Pertussis,0
6662,2016-W06,Pneumococcal Disease (invasive),2
6663,2016-W06,Haemophilus influenzae type b,0
6664,2016-W06,Salmonellosis(non-enteric fevers),35
6665,2016-W06,Avian Influenza,0
6666,2016-W07,Cholera,0
6667,2016-W07,Paratyphoid,0
6668,2016-W07,Typhoid,0
6669,2016-W07,Viral Hepatitis A,3
6670,2016-W07,Viral Hepatitis E,3
6671,2016-W07,Poliomyelitis,0
6672,2016-W07,Plague,0
6673,2016-W07,Yellow Fever,0
6674,2016-W07,Dengue Fever,592
6675,2016-W07,Dengue Haemorrhagic Fever,1
6676,2016-W07,Malaria,0
6677,2016-W07,Chikungunya Fever,2
6678,2016-W07,"Hand, Foot Mouth Disease",700
6679,2016-W07,Diphtheria,0
6680,2016-W07,Measles,2
6681,2016-W07,Mumps,8
6682,2016-W07,Rubella,0
6683,2016-W07,SARS,0
6684,2016-W07,Nipah virus infection,0
6685,2016-W07,Acute Viral hepatitis B,1
6686,2016-W07,Encephalitis,0
6687,2016-W07,Legionellosis,1
6688,2016-W07,Campylobacterenterosis,13
6689,2016-W07,Acute Viral hepatitis C,0
6690,2016-W07,Melioidosis,0
6691,2016-W07,Meningococcal Infection,0
6692,2016-W07,Pertussis,1
6693,2016-W07,Pneumococcal Disease (invasive),5
6694,2016-W07,Haemophilus influenzae type b,0
6695,2016-W07,Salmonellosis(non-enteric fevers),50
6696,2016-W07,Avian Influenza,0
6697,2016-W08,Cholera,0
6698,2016-W08,Paratyphoid,0
6699,2016-W08,Typhoid,4
6700,2016-W08,Viral Hepatitis A,0
6701,2016-W08,Viral Hepatitis E,0
6702,2016-W08,Poliomyelitis,0
6703,2016-W08,Plague,0
6704,2016-W08,Yellow Fever,0
6705,2016-W08,Dengue Fever,508
6706,2016-W08,Dengue Haemorrhagic Fever,4
6707,2016-W08,Malaria,0
6708,2016-W08,Chikungunya Fever,0
6709,2016-W08,"Hand, Foot Mouth Disease",756
6710,2016-W08,Diphtheria,0
6711,2016-W08,Measles,1
6712,2016-W08,Mumps,10
6713,2016-W08,Rubella,0
6714,2016-W08,SARS,0
6715,2016-W08,Nipah virus infection,0
6716,2016-W08,Acute Viral hepatitis B,1
6717,2016-W08,Encephalitis,1
6718,2016-W08,Legionellosis,0
6719,2016-W08,Campylobacterenterosis,14
6720,2016-W08,Acute Viral hepatitis C,0
6721,2016-W08,Melioidosis,0
6722,2016-W08,Meningococcal Infection,0
6723,2016-W08,Pertussis,1
6724,2016-W08,Pneumococcal Disease (invasive),4
6725,2016-W08,Haemophilus influenzae type b,0
6726,2016-W08,Salmonellosis(non-enteric fevers),52
6727,2016-W08,Avian Influenza,0
6728,2016-W09,Cholera,0
6729,2016-W09,Paratyphoid,1
6730,2016-W09,Typhoid,1
6731,2016-W09,Viral Hepatitis A,1
6732,2016-W09,Viral Hepatitis E,0
6733,2016-W09,Poliomyelitis,0
6734,2016-W09,Plague,0
6735,2016-W09,Yellow Fever,0
6736,2016-W09,Dengue Fever,412
6737,2016-W09,Dengue Haemorrhagic Fever,0
6738,2016-W09,Malaria,0
6739,2016-W09,Chikungunya Fever,0
6740,2016-W09,"Hand, Foot Mouth Disease",832
6741,2016-W09,Diphtheria,0
6742,2016-W09,Measles,1
6743,2016-W09,Mumps,4
6744,2016-W09,Rubella,2
6745,2016-W09,SARS,0
6746,2016-W09,Nipah virus infection,0
6747,2016-W09,Acute Viral hepatitis B,1
6748,2016-W09,Encephalitis,0
6749,2016-W09,Legionellosis,0
6750,2016-W09,Campylobacterenterosis,8
6751,2016-W09,Acute Viral hepatitis C,0
6752,2016-W09,Melioidosis,1
6753,2016-W09,Meningococcal Infection,0
6754,2016-W09,Pertussis,3
6755,2016-W09,Pneumococcal Disease (invasive),2
6756,2016-W09,Haemophilus influenzae type b,0
6757,2016-W09,Salmonellosis(non-enteric fevers),39
6758,2016-W09,Avian Influenza,0
6759,2016-W10,Cholera,0
6760,2016-W10,Paratyphoid,3
6761,2016-W10,Typhoid,2
6762,2016-W10,Viral Hepatitis A,2
6763,2016-W10,Viral Hepatitis E,3
6764,2016-W10,Poliomyelitis,0
6765,2016-W10,Plague,0
6766,2016-W10,Yellow Fever,0
6767,2016-W10,Dengue Fever,396
6768,2016-W10,Dengue Haemorrhagic Fever,1
6769,2016-W10,Malaria,0
6770,2016-W10,Chikungunya Fever,0
6771,2016-W10,"Hand, Foot Mouth Disease",981
6772,2016-W10,Diphtheria,0
6773,2016-W10,Measles,2
6774,2016-W10,Mumps,6
6775,2016-W10,Rubella,0
6776,2016-W10,SARS,0
6777,2016-W10,Nipah virus infection,0
6778,2016-W10,Acute Viral hepatitis B,2
6779,2016-W10,Encephalitis,1
6780,2016-W10,Legionellosis,1
6781,2016-W10,Campylobacterenterosis,10
6782,2016-W10,Acute Viral hepatitis C,0
6783,2016-W10,Melioidosis,2
6784,2016-W10,Meningococcal Infection,0
6785,2016-W10,Pertussis,2
6786,2016-W10,Pneumococcal Disease (invasive),4
6787,2016-W10,Haemophilus influenzae type b,0
6788,2016-W10,Salmonellosis(non-enteric fevers),26
6789,2016-W10,Avian Influenza,0
6790,2016-W11,Cholera,0
6791,2016-W11,Paratyphoid,1
6792,2016-W11,Typhoid,0
6793,2016-W11,Viral Hepatitis A,1
6794,2016-W11,Viral Hepatitis E,2
6795,2016-W11,Poliomyelitis,0
6796,2016-W11,Plague,0
6797,2016-W11,Yellow Fever,0
6798,2016-W11,Dengue Fever,373
6799,2016-W11,Dengue Haemorrhagic Fever,1
6800,2016-W11,Malaria,1
6801,2016-W11,Chikungunya Fever,0
6802,2016-W11,"Hand, Foot Mouth Disease",906
6803,2016-W11,Diphtheria,0
6804,2016-W11,Measles,2
6805,2016-W11,Mumps,9
6806,2016-W11,Rubella,0
6807,2016-W11,SARS,0
6808,2016-W11,Nipah virus infection,0
6809,2016-W11,Acute Viral hepatitis B,4
6810,2016-W11,Encephalitis,1
6811,2016-W11,Legionellosis,0
6812,2016-W11,Campylobacterenterosis,6
6813,2016-W11,Acute Viral hepatitis C,0
6814,2016-W11,Melioidosis,0
6815,2016-W11,Meningococcal Infection,0
6816,2016-W11,Pertussis,1
6817,2016-W11,Pneumococcal Disease (invasive),3
6818,2016-W11,Haemophilus influenzae type b,0
6819,2016-W11,Salmonellosis(non-enteric fevers),42
6820,2016-W11,Avian Influenza,0
6821,2016-W12,Cholera,0
6822,2016-W12,Paratyphoid,1
6823,2016-W12,Typhoid,0
6824,2016-W12,Viral Hepatitis A,0
6825,2016-W12,Viral Hepatitis E,2
6826,2016-W12,Poliomyelitis,0
6827,2016-W12,Plague,0
6828,2016-W12,Yellow Fever,0
6829,2016-W12,Dengue Fever,306
6830,2016-W12,Dengue Haemorrhagic Fever,2
6831,2016-W12,Malaria,1
6832,2016-W12,Chikungunya Fever,0
6833,2016-W12,"Hand, Foot Mouth Disease",858
6834,2016-W12,Diphtheria,0
6835,2016-W12,Measles,2
6836,2016-W12,Mumps,7
6837,2016-W12,Rubella,0
6838,2016-W12,SARS,0
6839,2016-W12,Nipah virus infection,0
6840,2016-W12,Acute Viral hepatitis B,4
6841,2016-W12,Encephalitis,0
6842,2016-W12,Legionellosis,0
6843,2016-W12,Campylobacterenterosis,2
6844,2016-W12,Acute Viral hepatitis C,0
6845,2016-W12,Melioidosis,0
6846,2016-W12,Meningococcal Infection,0
6847,2016-W12,Pertussis,1
6848,2016-W12,Pneumococcal Disease (invasive),1
6849,2016-W12,Haemophilus influenzae type b,0
6850,2016-W12,Salmonellosis(non-enteric fevers),26
6851,2016-W12,Avian Influenza,0
6852,2016-W13,Cholera,0
6853,2016-W13,Paratyphoid,3
6854,2016-W13,Typhoid,0
6855,2016-W13,Viral Hepatitis A,1
6856,2016-W13,Viral Hepatitis E,0
6857,2016-W13,Poliomyelitis,0
6858,2016-W13,Plague,0
6859,2016-W13,Yellow Fever,0
6860,2016-W13,Dengue Fever,376
6861,2016-W13,Dengue Haemorrhagic Fever,1
6862,2016-W13,Malaria,0
6863,2016-W13,Chikungunya Fever,0
6864,2016-W13,"Hand, Foot Mouth Disease",937
6865,2016-W13,Diphtheria,0
6866,2016-W13,Measles,4
6867,2016-W13,Mumps,7
6868,2016-W13,Rubella,1
6869,2016-W13,SARS,0
6870,2016-W13,Nipah virus infection,0
6871,2016-W13,Acute Viral hepatitis B,1
6872,2016-W13,Encephalitis,0
6873,2016-W13,Legionellosis,0
6874,2016-W13,Campylobacterenterosis,7
6875,2016-W13,Acute Viral hepatitis C,0
6876,2016-W13,Melioidosis,2
6877,2016-W13,Meningococcal Infection,0
6878,2016-W13,Pertussis,1
6879,2016-W13,Pneumococcal Disease (invasive),0
6880,2016-W13,Haemophilus influenzae type b,0
6881,2016-W13,Salmonellosis(non-enteric fevers),39
6882,2016-W13,Avian Influenza,0
6883,2016-W14,Cholera,0
6884,2016-W14,Paratyphoid,0
6885,2016-W14,Typhoid,0
6886,2016-W14,Viral Hepatitis A,2
6887,2016-W14,Viral Hepatitis E,1
6888,2016-W14,Poliomyelitis,0
6889,2016-W14,Plague,0
6890,2016-W14,Yellow Fever,0
6891,2016-W14,Dengue Fever,290
6892,2016-W14,Dengue Haemorrhagic Fever,2
6893,2016-W14,Malaria,0
6894,2016-W14,Chikungunya Fever,2
6895,2016-W14,"Hand, Foot Mouth Disease",807
6896,2016-W14,Diphtheria,0
6897,2016-W14,Measles,1
6898,2016-W14,Mumps,7
6899,2016-W14,Rubella,1
6900,2016-W14,SARS,0
6901,2016-W14,Nipah virus infection,0
6902,2016-W14,Acute Viral hepatitis B,0
6903,2016-W14,Encephalitis,0
6904,2016-W14,Legionellosis,0
6905,2016-W14,Campylobacterenterosis,12
6906,2016-W14,Acute Viral hepatitis C,0
6907,2016-W14,Melioidosis,0
6908,2016-W14,Meningococcal Infection,0
6909,2016-W14,Pertussis,3
6910,2016-W14,Pneumococcal Disease (invasive),2
6911,2016-W14,Haemophilus influenzae type b,0
6912,2016-W14,Salmonellosis(non-enteric fevers),29
6913,2016-W14,Avian Influenza,0
6914,2016-W15,Cholera,0
6915,2016-W15,Paratyphoid,0
6916,2016-W15,Typhoid,0
6917,2016-W15,Viral Hepatitis A,0
6918,2016-W15,Viral Hepatitis E,3
6919,2016-W15,Poliomyelitis,0
6920,2016-W15,Plague,0
6921,2016-W15,Yellow Fever,0
6922,2016-W15,Dengue Fever,225
6923,2016-W15,Dengue Haemorrhagic Fever,0
6924,2016-W15,Malaria,1
6925,2016-W15,Chikungunya Fever,0
6926,2016-W15,"Hand, Foot Mouth Disease",988
6927,2016-W15,Diphtheria,0
6928,2016-W15,Measles,2
6929,2016-W15,Mumps,7
6930,2016-W15,Rubella,0
6931,2016-W15,SARS,0
6932,2016-W15,Nipah virus infection,0
6933,2016-W15,Acute Viral hepatitis B,2
6934,2016-W15,Encephalitis,0
6935,2016-W15,Legionellosis,1
6936,2016-W15,Campylobacterenterosis,13
6937,2016-W15,Acute Viral hepatitis C,0
6938,2016-W15,Melioidosis,1
6939,2016-W15,Meningococcal Infection,0
6940,2016-W15,Pertussis,1
6941,2016-W15,Pneumococcal Disease (invasive),2
6942,2016-W15,Haemophilus influenzae type b,0
6943,2016-W15,Salmonellosis(non-enteric fevers),42
6944,2016-W15,Avian Influenza,0
6945,2016-W16,Cholera,0
6946,2016-W16,Paratyphoid,0
6947,2016-W16,Typhoid,1
6948,2016-W16,Viral Hepatitis A,1
6949,2016-W16,Viral Hepatitis E,1
6950,2016-W16,Poliomyelitis,0
6951,2016-W16,Plague,0
6952,2016-W16,Yellow Fever,0
6953,2016-W16,Dengue Fever,231
6954,2016-W16,Dengue Haemorrhagic Fever,0
6955,2016-W16,Malaria,1
6956,2016-W16,Chikungunya Fever,0
6957,2016-W16,"Hand, Foot Mouth Disease",1052
6958,2016-W16,Diphtheria,0
6959,2016-W16,Measles,6
6960,2016-W16,Mumps,5
6961,2016-W16,Rubella,0
6962,2016-W16,SARS,0
6963,2016-W16,Nipah virus infection,0
6964,2016-W16,Acute Viral hepatitis B,7
6965,2016-W16,Encephalitis,0
6966,2016-W16,Legionellosis,1
6967,2016-W16,Campylobacterenterosis,13
6968,2016-W16,Acute Viral hepatitis C,0
6969,2016-W16,Melioidosis,0
6970,2016-W16,Meningococcal Infection,0
6971,2016-W16,Pertussis,0
6972,2016-W16,Pneumococcal Disease (invasive),2
6973,2016-W16,Haemophilus influenzae type b,0
6974,2016-W16,Salmonellosis(non-enteric fevers),48
6975,2016-W16,Avian Influenza,0
6976,2016-W17,Cholera,0
6977,2016-W17,Paratyphoid,0
6978,2016-W17,Typhoid,2
6979,2016-W17,Viral Hepatitis A,2
6980,2016-W17,Viral Hepatitis E,3
6981,2016-W17,Poliomyelitis,0
6982,2016-W17,Plague,0
6983,2016-W17,Yellow Fever,0
6984,2016-W17,Dengue Fever,244
6985,2016-W17,Dengue Haemorrhagic Fever,0
6986,2016-W17,Malaria,0
6987,2016-W17,Chikungunya Fever,0
6988,2016-W17,"Hand, Foot Mouth Disease",1022
6989,2016-W17,Diphtheria,0
6990,2016-W17,Measles,6
6991,2016-W17,Mumps,12
6992,2016-W17,Rubella,0
6993,2016-W17,SARS,0
6994,2016-W17,Nipah virus infection,0
6995,2016-W17,Acute Viral hepatitis B,1
6996,2016-W17,Encephalitis,1
6997,2016-W17,Legionellosis,0
6998,2016-W17,Campylobacterenterosis,12
6999,2016-W17,Acute Viral hepatitis C,0
7000,2016-W17,Melioidosis,1
7001,2016-W17,Meningococcal Infection,0
7002,2016-W17,Pertussis,1
7003,2016-W17,Pneumococcal Disease (invasive),6
7004,2016-W17,Haemophilus influenzae type b,1
7005,2016-W17,Salmonellosis(non-enteric fevers),47
7006,2016-W17,Avian Influenza,0
7007,2016-W18,Cholera,0
7008,2016-W18,Paratyphoid,1
7009,2016-W18,Typhoid,0
7010,2016-W18,Viral Hepatitis A,0
7011,2016-W18,Viral Hepatitis E,3
7012,2016-W18,Poliomyelitis,0
7013,2016-W18,Plague,0
7014,2016-W18,Yellow Fever,0
7015,2016-W18,Dengue Fever,181
7016,2016-W18,Dengue Haemorrhagic Fever,0
7017,2016-W18,Malaria,0
7018,2016-W18,Chikungunya Fever,0
7019,2016-W18,"Hand, Foot Mouth Disease",1079
7020,2016-W18,Diphtheria,0
7021,2016-W18,Measles,3
7022,2016-W18,Mumps,12
7023,2016-W18,Rubella,0
7024,2016-W18,SARS,0
7025,2016-W18,Nipah virus infection,0
7026,2016-W18,Acute Viral hepatitis B,6
7027,2016-W18,Encephalitis,2
7028,2016-W18,Legionellosis,1
7029,2016-W18,Campylobacterenterosis,8
7030,2016-W18,Acute Viral hepatitis C,0
7031,2016-W18,Melioidosis,0
7032,2016-W18,Meningococcal Infection,0
7033,2016-W18,Pertussis,2
7034,2016-W18,Pneumococcal Disease (invasive),6
7035,2016-W18,Haemophilus influenzae type b,0
7036,2016-W18,Salmonellosis(non-enteric fevers),39
7037,2016-W18,Avian Influenza,0
7038,2016-W19,Cholera,0
7039,2016-W19,Paratyphoid,1
7040,2016-W19,Typhoid,1
7041,2016-W19,Viral Hepatitis A,0
7042,2016-W19,Viral Hepatitis E,3
7043,2016-W19,Poliomyelitis,0
7044,2016-W19,Plague,0
7045,2016-W19,Yellow Fever,0
7046,2016-W19,Dengue Fever,217
7047,2016-W19,Dengue Haemorrhagic Fever,0
7048,2016-W19,Malaria,0
7049,2016-W19,Chikungunya Fever,0
7050,2016-W19,"Hand, Foot Mouth Disease",1317
7051,2016-W19,Diphtheria,0
7052,2016-W19,Measles,11
7053,2016-W19,Mumps,10
7054,2016-W19,Rubella,0
7055,2016-W19,SARS,0
7056,2016-W19,Nipah virus infection,0
7057,2016-W19,Acute Viral hepatitis B,2
7058,2016-W19,Encephalitis,0
7059,2016-W19,Legionellosis,0
7060,2016-W19,Campylobacterenterosis,5
7061,2016-W19,Acute Viral hepatitis C,0
7062,2016-W19,Melioidosis,0
7063,2016-W19,Meningococcal Infection,0
7064,2016-W19,Pertussis,1
7065,2016-W19,Pneumococcal Disease (invasive),2
7066,2016-W19,Haemophilus influenzae type b,0
7067,2016-W19,Salmonellosis(non-enteric fevers),48
7068,2016-W19,Avian Influenza,0
7069,2016-W19,Zika Virus Infection,1
7070,2016-W20,Cholera,0
7071,2016-W20,Paratyphoid,1
7072,2016-W20,Typhoid,1
7073,2016-W20,Viral Hepatitis A,1
7074,2016-W20,Viral Hepatitis E,9
7075,2016-W20,Poliomyelitis,0
7076,2016-W20,Plague,0
7077,2016-W20,Yellow Fever,0
7078,2016-W20,Dengue Fever,212
7079,2016-W20,Dengue Haemorrhagic Fever,0
7080,2016-W20,Malaria,1
7081,2016-W20,Chikungunya Fever,1
7082,2016-W20,"Hand, Foot Mouth Disease",1314
7083,2016-W20,Diphtheria,0
7084,2016-W20,Measles,6
7085,2016-W20,Mumps,9
7086,2016-W20,Rubella,0
7087,2016-W20,SARS,0
7088,2016-W20,Nipah virus infection,0
7089,2016-W20,Acute Viral hepatitis B,2
7090,2016-W20,Encephalitis,0
7091,2016-W20,Legionellosis,0
7092,2016-W20,Campylobacterenterosis,19
7093,2016-W20,Acute Viral hepatitis C,0
7094,2016-W20,Melioidosis,3
7095,2016-W20,Meningococcal Infection,0
7096,2016-W20,Pertussis,2
7097,2016-W20,Pneumococcal Disease (invasive),1
7098,2016-W20,Haemophilus influenzae type b,0
7099,2016-W20,Salmonellosis(non-enteric fevers),41
7100,2016-W20,Avian Influenza,0
7101,2016-W20,Zika Virus Infection,0
7102,2016-W21,Cholera,0
7103,2016-W21,Paratyphoid,0
7104,2016-W21,Typhoid,2
7105,2016-W21,Viral Hepatitis A,0
7106,2016-W21,Viral Hepatitis E,2
7107,2016-W21,Poliomyelitis,0
7108,2016-W21,Plague,0
7109,2016-W21,Yellow Fever,0
7110,2016-W21,Dengue Fever,198
7111,2016-W21,Dengue Haemorrhagic Fever,0
7112,2016-W21,Malaria,0
7113,2016-W21,Chikungunya Fever,0
7114,2016-W21,"Hand, Foot Mouth Disease",1349
7115,2016-W21,Diphtheria,0
7116,2016-W21,Measles,7
7117,2016-W21,Mumps,14
7118,2016-W21,Rubella,0
7119,2016-W21,SARS,0
7120,2016-W21,Nipah virus infection,0
7121,2016-W21,Acute Viral hepatitis B,4
7122,2016-W21,Encephalitis,0
7123,2016-W21,Legionellosis,0
7124,2016-W21,Campylobacterenterosis,5
7125,2016-W21,Acute Viral hepatitis C,0
7126,2016-W21,Melioidosis,0
7127,2016-W21,Meningococcal Infection,0
7128,2016-W21,Pertussis,0
7129,2016-W21,Pneumococcal Disease (invasive),3
7130,2016-W21,Haemophilus influenzae type b,0
7131,2016-W21,Salmonellosis(non-enteric fevers),58
7132,2016-W21,Avian Influenza,0
7133,2016-W21,Zika Virus Infection,0
7134,2016-W22,Cholera,0
7135,2016-W22,Paratyphoid,0
7136,2016-W22,Typhoid,1
7137,2016-W22,Viral Hepatitis A,5
7138,2016-W22,Viral Hepatitis E,0
7139,2016-W22,Poliomyelitis,0
7140,2016-W22,Plague,0
7141,2016-W22,Yellow Fever,0
7142,2016-W22,Dengue Fever,219
7143,2016-W22,Dengue Haemorrhagic Fever,1
7144,2016-W22,Malaria,0
7145,2016-W22,Chikungunya Fever,1
7146,2016-W22,"Hand, Foot Mouth Disease",1234
7147,2016-W22,Diphtheria,0
7148,2016-W22,Measles,5
7149,2016-W22,Mumps,17
7150,2016-W22,Rubella,0
7151,2016-W22,SARS,0
7152,2016-W22,Nipah virus infection,0
7153,2016-W22,Acute Viral hepatitis B,2
7154,2016-W22,Encephalitis,0
7155,2016-W22,Legionellosis,0
7156,2016-W22,Campylobacterenterosis,12
7157,2016-W22,Acute Viral hepatitis C,0
7158,2016-W22,Melioidosis,1
7159,2016-W22,Meningococcal Infection,0
7160,2016-W22,Pertussis,1
7161,2016-W22,Pneumococcal Disease (invasive),3
7162,2016-W22,Haemophilus influenzae type b,0
7163,2016-W22,Salmonellosis(non-enteric fevers),45
7164,2016-W22,Avian Influenza,0
7165,2016-W22,Zika Virus Infection,0
7166,2016-W23,Cholera,0
7167,2016-W23,Paratyphoid,1
7168,2016-W23,Typhoid,1
7169,2016-W23,Viral Hepatitis A,2
7170,2016-W23,Viral Hepatitis E,4
7171,2016-W23,Poliomyelitis,0
7172,2016-W23,Plague,0
7173,2016-W23,Yellow Fever,0
7174,2016-W23,Dengue Fever,159
7175,2016-W23,Dengue Haemorrhagic Fever,1
7176,2016-W23,Malaria,0
7177,2016-W23,Chikungunya Fever,0
7178,2016-W23,"Hand, Foot Mouth Disease",1117
7179,2016-W23,Diphtheria,0
7180,2016-W23,Measles,3
7181,2016-W23,Mumps,15
7182,2016-W23,Rubella,1
7183,2016-W23,SARS,0
7184,2016-W23,Nipah virus infection,0
7185,2016-W23,Acute Viral hepatitis B,1
7186,2016-W23,Encephalitis,0
7187,2016-W23,Legionellosis,0
7188,2016-W23,Campylobacterenterosis,9
7189,2016-W23,Acute Viral hepatitis C,0
7190,2016-W23,Melioidosis,2
7191,2016-W23,Meningococcal Infection,0
7192,2016-W23,Pertussis,3
7193,2016-W23,Pneumococcal Disease (invasive),3
7194,2016-W23,Haemophilus influenzae type b,0
7195,2016-W23,Salmonellosis(non-enteric fevers),53
7196,2016-W23,Avian Influenza,0
7197,2016-W23,Zika Virus Infection,0
7198,2016-W24,Cholera,0
7199,2016-W24,Paratyphoid,0
7200,2016-W24,Typhoid,2
7201,2016-W24,Viral Hepatitis A,2
7202,2016-W24,Viral Hepatitis E,6
7203,2016-W24,Poliomyelitis,0
7204,2016-W24,Plague,0
7205,2016-W24,Yellow Fever,0
7206,2016-W24,Dengue Fever,192
7207,2016-W24,Dengue Haemorrhagic Fever,1
7208,2016-W24,Malaria,2
7209,2016-W24,Chikungunya Fever,0
7210,2016-W24,"Hand, Foot Mouth Disease",1066
7211,2016-W24,Diphtheria,0
7212,2016-W24,Measles,4
7213,2016-W24,Mumps,12
7214,2016-W24,Rubella,1
7215,2016-W24,SARS,0
7216,2016-W24,Nipah virus infection,0
7217,2016-W24,Acute Viral hepatitis B,2
7218,2016-W24,Encephalitis,1
7219,2016-W24,Legionellosis,0
7220,2016-W24,Campylobacterenterosis,5
7221,2016-W24,Acute Viral hepatitis C,1
7222,2016-W24,Melioidosis,2
7223,2016-W24,Meningococcal Infection,1
7224,2016-W24,Pertussis,9
7225,2016-W24,Pneumococcal Disease (invasive),3
7226,2016-W24,Haemophilus influenzae type b,0
7227,2016-W24,Salmonellosis(non-enteric fevers),28
7228,2016-W24,Avian Influenza,0
7229,2016-W24,Zika Virus Infection,0
7230,2016-W25,Cholera,0
7231,2016-W25,Paratyphoid,0
7232,2016-W25,Typhoid,0
7233,2016-W25,Viral Hepatitis A,0
7234,2016-W25,Viral Hepatitis E,4
7235,2016-W25,Poliomyelitis,0
7236,2016-W25,Plague,0
7237,2016-W25,Yellow Fever,0
7238,2016-W25,Dengue Fever,215
7239,2016-W25,Dengue Haemorrhagic Fever,0
7240,2016-W25,Malaria,0
7241,2016-W25,Chikungunya Fever,1
7242,2016-W25,"Hand, Foot Mouth Disease",1034
7243,2016-W25,Diphtheria,0
7244,2016-W25,Measles,1
7245,2016-W25,Mumps,13
7246,2016-W25,Rubella,0
7247,2016-W25,SARS,0
7248,2016-W25,Nipah virus infection,0
7249,2016-W25,Acute Viral hepatitis B,0
7250,2016-W25,Encephalitis,2
7251,2016-W25,Legionellosis,0
7252,2016-W25,Campylobacterenterosis,8
7253,2016-W25,Acute Viral hepatitis C,0
7254,2016-W25,Melioidosis,2
7255,2016-W25,Meningococcal Infection,0
7256,2016-W25,Pertussis,3
7257,2016-W25,Pneumococcal Disease (invasive),6
7258,2016-W25,Haemophilus influenzae type b,0
7259,2016-W25,Salmonellosis(non-enteric fevers),43
7260,2016-W25,Avian Influenza,0
7261,2016-W25,Zika Virus Infection,0
7262,2016-W26,Cholera,0
7263,2016-W26,Paratyphoid,0
7264,2016-W26,Typhoid,1
7265,2016-W26,Viral Hepatitis A,0
7266,2016-W26,Viral Hepatitis E,1
7267,2016-W26,Poliomyelitis,0
7268,2016-W26,Plague,0
7269,2016-W26,Yellow Fever,0
7270,2016-W26,Dengue Fever,234
7271,2016-W26,Dengue Haemorrhagic Fever,0
7272,2016-W26,Malaria,1
7273,2016-W26,Chikungunya Fever,1
7274,2016-W26,"Hand, Foot Mouth Disease",972
7275,2016-W26,Diphtheria,0
7276,2016-W26,Measles,0
7277,2016-W26,Mumps,12
7278,2016-W26,Rubella,0
7279,2016-W26,SARS,0
7280,2016-W26,Nipah virus infection,0
7281,2016-W26,Acute Viral hepatitis B,1
7282,2016-W26,Encephalitis,5
7283,2016-W26,Legionellosis,0
7284,2016-W26,Campylobacterenterosis,11
7285,2016-W26,Acute Viral hepatitis C,0
7286,2016-W26,Melioidosis,0
7287,2016-W26,Meningococcal Infection,0
7288,2016-W26,Pertussis,0
7289,2016-W26,Pneumococcal Disease (invasive),4
7290,2016-W26,Haemophilus influenzae type b,0
7291,2016-W26,Salmonellosis(non-enteric fevers),53
7292,2016-W26,Avian Influenza,0
7293,2016-W26,Zika Virus Infection,0
7294,2016-W27,Cholera,0
7295,2016-W27,Paratyphoid,0
7296,2016-W27,Typhoid,0
7297,2016-W27,Viral Hepatitis A,0
7298,2016-W27,Viral Hepatitis E,0
7299,2016-W27,Poliomyelitis,0
7300,2016-W27,Plague,0
7301,2016-W27,Yellow Fever,0
7302,2016-W27,Dengue Fever,246
7303,2016-W27,Dengue Haemorrhagic Fever,1
7304,2016-W27,Malaria,0
7305,2016-W27,Chikungunya Fever,0
7306,2016-W27,"Hand, Foot Mouth Disease",798
7307,2016-W27,Diphtheria,0
7308,2016-W27,Measles,0
7309,2016-W27,Mumps,8
7310,2016-W27,Rubella,1
7311,2016-W27,SARS,0
7312,2016-W27,Nipah virus infection,0
7313,2016-W27,Acute Viral hepatitis B,2
7314,2016-W27,Encephalitis,1
7315,2016-W27,Legionellosis,0
7316,2016-W27,Campylobacterenterosis,8
7317,2016-W27,Acute Viral hepatitis C,0
7318,2016-W27,Melioidosis,2
7319,2016-W27,Meningococcal Infection,0
7320,2016-W27,Pertussis,1
7321,2016-W27,Pneumococcal Disease (invasive),0
7322,2016-W27,Haemophilus influenzae type b,0
7323,2016-W27,Salmonellosis(non-enteric fevers),48
7324,2016-W27,Avian Influenza,0
7325,2016-W27,Zika Virus Infection,0
7326,2016-W28,Cholera,0
7327,2016-W28,Paratyphoid,0
7328,2016-W28,Typhoid,0
7329,2016-W28,Viral Hepatitis A,2
7330,2016-W28,Viral Hepatitis E,2
7331,2016-W28,Poliomyelitis,0
7332,2016-W28,Plague,0
7333,2016-W28,Yellow Fever,0
7334,2016-W28,Dengue Fever,223
7335,2016-W28,Dengue Haemorrhagic Fever,0
7336,2016-W28,Malaria,1
7337,2016-W28,Chikungunya Fever,0
7338,2016-W28,"Hand, Foot Mouth Disease",871
7339,2016-W28,Diphtheria,0
7340,2016-W28,Measles,1
7341,2016-W28,Mumps,11
7342,2016-W28,Rubella,2
7343,2016-W28,SARS,0
7344,2016-W28,Nipah virus infection,0
7345,2016-W28,Acute Viral hepatitis B,1
7346,2016-W28,Encephalitis,1
7347,2016-W28,Legionellosis,0
7348,2016-W28,Campylobacterenterosis,3
7349,2016-W28,Acute Viral hepatitis C,0
7350,2016-W28,Melioidosis,0
7351,2016-W28,Meningococcal Infection,1
7352,2016-W28,Pertussis,1
7353,2016-W28,Pneumococcal Disease (invasive),3
7354,2016-W28,Haemophilus influenzae type b,0
7355,2016-W28,Salmonellosis(non-enteric fevers),80
7356,2016-W28,Avian Influenza,0
7357,2016-W28,Zika Virus Infection,0
7358,2016-W29,Cholera,0
7359,2016-W29,Paratyphoid,1
7360,2016-W29,Typhoid,2
7361,2016-W29,Viral Hepatitis A,3
7362,2016-W29,Viral Hepatitis E,4
7363,2016-W29,Poliomyelitis,0
7364,2016-W29,Plague,0
7365,2016-W29,Yellow Fever,0
7366,2016-W29,Dengue Fever,266
7367,2016-W29,Dengue Haemorrhagic Fever,0
7368,2016-W29,Malaria,0
7369,2016-W29,Chikungunya Fever,0
7370,2016-W29,"Hand, Foot Mouth Disease",884
7371,2016-W29,Diphtheria,0
7372,2016-W29,Measles,0
7373,2016-W29,Mumps,12
7374,2016-W29,Rubella,0
7375,2016-W29,SARS,0
7376,2016-W29,Nipah virus infection,0
7377,2016-W29,Acute Viral hepatitis B,2
7378,2016-W29,Encephalitis,0
7379,2016-W29,Legionellosis,1
7380,2016-W29,Campylobacterenterosis,14
7381,2016-W29,Acute Viral hepatitis C,0
7382,2016-W29,Melioidosis,1
7383,2016-W29,Meningococcal Infection,0
7384,2016-W29,Pertussis,3
7385,2016-W29,Pneumococcal Disease (invasive),2
7386,2016-W29,Haemophilus influenzae type b,0
7387,2016-W29,Salmonellosis(non-enteric fevers),58
7388,2016-W29,Avian Influenza,0
7389,2016-W29,Zika Virus Infection,0
7390,2016-W30,Cholera,0
7391,2016-W30,Paratyphoid,0
7392,2016-W30,Typhoid,1
7393,2016-W30,Viral Hepatitis A,5
7394,2016-W30,Viral Hepatitis E,3
7395,2016-W30,Poliomyelitis,0
7396,2016-W30,Plague,0
7397,2016-W30,Yellow Fever,0
7398,2016-W30,Dengue Fever,221
7399,2016-W30,Dengue Haemorrhagic Fever,1
7400,2016-W30,Malaria,0
7401,2016-W30,Chikungunya Fever,0
7402,2016-W30,"Hand, Foot Mouth Disease",908
7403,2016-W30,Diphtheria,0
7404,2016-W30,Measles,0
7405,2016-W30,Mumps,15
7406,2016-W30,Rubella,1
7407,2016-W30,SARS,0
7408,2016-W30,Nipah virus infection,0
7409,2016-W30,Acute Viral hepatitis B,2
7410,2016-W30,Encephalitis,1
7411,2016-W30,Legionellosis,0
7412,2016-W30,Campylobacterenterosis,3
7413,2016-W30,Acute Viral hepatitis C,0
7414,2016-W30,Melioidosis,3
7415,2016-W30,Meningococcal Infection,0
7416,2016-W30,Pertussis,3
7417,2016-W30,Pneumococcal Disease (invasive),0
7418,2016-W30,Haemophilus influenzae type b,0
7419,2016-W30,Salmonellosis(non-enteric fevers),35
7420,2016-W30,Avian Influenza,0
7421,2016-W30,Zika Virus Infection,0
7422,2016-W31,Cholera,0
7423,2016-W31,Paratyphoid,0
7424,2016-W31,Typhoid,0
7425,2016-W31,Viral Hepatitis A,2
7426,2016-W31,Viral Hepatitis E,1
7427,2016-W31,Poliomyelitis,0
7428,2016-W31,Plague,0
7429,2016-W31,Yellow Fever,0
7430,2016-W31,Dengue Fever,211
7431,2016-W31,Dengue Haemorrhagic Fever,0
7432,2016-W31,Malaria,1
7433,2016-W31,Chikungunya Fever,0
7434,2016-W31,"Hand, Foot Mouth Disease",972
7435,2016-W31,Diphtheria,0
7436,2016-W31,Measles,3
7437,2016-W31,Mumps,8
7438,2016-W31,Rubella,0
7439,2016-W31,SARS,0
7440,2016-W31,Nipah virus infection,0
7441,2016-W31,Acute Viral hepatitis B,3
7442,2016-W31,Encephalitis,2
7443,2016-W31,Legionellosis,1
7444,2016-W31,Campylobacterenterosis,1
7445,2016-W31,Acute Viral hepatitis C,0
7446,2016-W31,Melioidosis,3
7447,2016-W31,Meningococcal Infection,0
7448,2016-W31,Pertussis,3
7449,2016-W31,Pneumococcal Disease (invasive),7
7450,2016-W31,Haemophilus influenzae type b,0
7451,2016-W31,Salmonellosis(non-enteric fevers),42
7452,2016-W31,Avian Influenza,0
7453,2016-W31,Zika Virus Infection,0
7454,2016-W32,Cholera,0
7455,2016-W32,Paratyphoid,0
7456,2016-W32,Typhoid,1
7457,2016-W32,Viral Hepatitis A,1
7458,2016-W32,Viral Hepatitis E,3
7459,2016-W32,Poliomyelitis,0
7460,2016-W32,Plague,0
7461,2016-W32,Yellow Fever,0
7462,2016-W32,Dengue Fever,197
7463,2016-W32,Dengue Haemorrhagic Fever,1
7464,2016-W32,Malaria,1
7465,2016-W32,Chikungunya Fever,1
7466,2016-W32,"Hand, Foot Mouth Disease",917
7467,2016-W32,Diphtheria,0
7468,2016-W32,Measles,1
7469,2016-W32,Mumps,8
7470,2016-W32,Rubella,0
7471,2016-W32,SARS,0
7472,2016-W32,Nipah virus infection,0
7473,2016-W32,Acute Viral hepatitis B,0
7474,2016-W32,Encephalitis,0
7475,2016-W32,Legionellosis,0
7476,2016-W32,Campylobacterenterosis,5
7477,2016-W32,Acute Viral hepatitis C,1
7478,2016-W32,Melioidosis,1
7479,2016-W32,Meningococcal Infection,0
7480,2016-W32,Pertussis,0
7481,2016-W32,Pneumococcal Disease (invasive),1
7482,2016-W32,Haemophilus influenzae type b,0
7483,2016-W32,Salmonellosis(non-enteric fevers),46
7484,2016-W32,Avian Influenza,0
7485,2016-W32,Zika Virus Infection,0
7486,2016-W33,Cholera,0
7487,2016-W33,Paratyphoid,0
7488,2016-W33,Typhoid,2
7489,2016-W33,Viral Hepatitis A,2
7490,2016-W33,Viral Hepatitis E,5
7491,2016-W33,Poliomyelitis,0
7492,2016-W33,Plague,0
7493,2016-W33,Yellow Fever,0
7494,2016-W33,Dengue Fever,221
7495,2016-W33,Dengue Haemorrhagic Fever,1
7496,2016-W33,Malaria,3
7497,2016-W33,Chikungunya Fever,0
7498,2016-W33,"Hand, Foot Mouth Disease",914
7499,2016-W33,Diphtheria,0
7500,2016-W33,Measles,1
7501,2016-W33,Mumps,7
7502,2016-W33,Rubella,0
7503,2016-W33,SARS,0
7504,2016-W33,Nipah virus infection,0
7505,2016-W33,Acute Viral hepatitis B,1
7506,2016-W33,Encephalitis,1
7507,2016-W33,Legionellosis,0
7508,2016-W33,Campylobacterenterosis,6
7509,2016-W33,Acute Viral hepatitis C,1
7510,2016-W33,Melioidosis,1
7511,2016-W33,Meningococcal Infection,0
7512,2016-W33,Pertussis,2
7513,2016-W33,Pneumococcal Disease (invasive),3
7514,2016-W33,Haemophilus influenzae type b,2
7515,2016-W33,Salmonellosis(non-enteric fevers),48
7516,2016-W33,Avian Influenza,0
7517,2016-W33,Zika Virus Infection,0
7518,2016-W34,Cholera,0
7519,2016-W34,Paratyphoid,0
7520,2016-W34,Typhoid,0
7521,2016-W34,Viral Hepatitis A,1
7522,2016-W34,Viral Hepatitis E,0
7523,2016-W34,Poliomyelitis,0
7524,2016-W34,Plague,0
7525,2016-W34,Yellow Fever,0
7526,2016-W34,Dengue Fever,274
7527,2016-W34,Dengue Haemorrhagic Fever,0
7528,2016-W34,Malaria,1
7529,2016-W34,Chikungunya Fever,2
7530,2016-W34,"Hand, Foot Mouth Disease",948
7531,2016-W34,Diphtheria,0
7532,2016-W34,Measles,3
7533,2016-W34,Mumps,9
7534,2016-W34,Rubella,0
7535,2016-W34,SARS,0
7536,2016-W34,Nipah virus infection,0
7537,2016-W34,Acute Viral hepatitis B,5
7538,2016-W34,Encephalitis,2
7539,2016-W34,Legionellosis,2
7540,2016-W34,Campylobacterenterosis,6
7541,2016-W34,Acute Viral hepatitis C,0
7542,2016-W34,Melioidosis,3
7543,2016-W34,Meningococcal Infection,0
7544,2016-W34,Pertussis,1
7545,2016-W34,Pneumococcal Disease (invasive),4
7546,2016-W34,Haemophilus influenzae type b,0
7547,2016-W34,Salmonellosis(non-enteric fevers),26
7548,2016-W34,Avian Influenza,0
7549,2016-W34,Zika Virus Infection,1
7550,2016-W35,Cholera,0
7551,2016-W35,Paratyphoid,1
7552,2016-W35,Typhoid,2
7553,2016-W35,Viral Hepatitis A,2
7554,2016-W35,Viral Hepatitis E,0
7555,2016-W35,Poliomyelitis,0
7556,2016-W35,Plague,0
7557,2016-W35,Yellow Fever,0
7558,2016-W35,Dengue Fever,310
7559,2016-W35,Dengue Haemorrhagic Fever,1
7560,2016-W35,Malaria,2
7561,2016-W35,Chikungunya Fever,1
7562,2016-W35,"Hand, Foot Mouth Disease",906
7563,2016-W35,Diphtheria,0
7564,2016-W35,Measles,2
7565,2016-W35,Mumps,13
7566,2016-W35,Rubella,1
7567,2016-W35,SARS,0
7568,2016-W35,Nipah virus infection,0
7569,2016-W35,Acute Viral hepatitis B,1
7570,2016-W35,Encephalitis,1
7571,2016-W35,Legionellosis,0
7572,2016-W35,Campylobacterenterosis,13
7573,2016-W35,Acute Viral hepatitis C,0
7574,2016-W35,Melioidosis,0
7575,2016-W35,Meningococcal Infection,0
7576,2016-W35,Pertussis,1
7577,2016-W35,Pneumococcal Disease (invasive),3
7578,2016-W35,Haemophilus influenzae type b,0
7579,2016-W35,Salmonellosis(non-enteric fevers),36
7580,2016-W35,Avian Influenza,0
7581,2016-W35,Zika Virus Infection,214
7582,2016-W36,Cholera,0
7583,2016-W36,Paratyphoid,0
7584,2016-W36,Typhoid,1
7585,2016-W36,Viral Hepatitis A,0
7586,2016-W36,Viral Hepatitis E,3
7587,2016-W36,Poliomyelitis,0
7588,2016-W36,Plague,0
7589,2016-W36,Yellow Fever,0
7590,2016-W36,Dengue Fever,242
7591,2016-W36,Dengue Haemorrhagic Fever,0
7592,2016-W36,Malaria,2
7593,2016-W36,Chikungunya Fever,4
7594,2016-W36,"Hand, Foot Mouth Disease",867
7595,2016-W36,Diphtheria,0
7596,2016-W36,Measles,5
7597,2016-W36,Mumps,18
7598,2016-W36,Rubella,1
7599,2016-W36,SARS,0
7600,2016-W36,Nipah virus infection,0
7601,2016-W36,Acute Viral hepatitis B,4
7602,2016-W36,Encephalitis,0
7603,2016-W36,Legionellosis,0
7604,2016-W36,Campylobacterenterosis,20
7605,2016-W36,Acute Viral hepatitis C,0
7606,2016-W36,Melioidosis,0
7607,2016-W36,Meningococcal Infection,0
7608,2016-W36,Pertussis,2
7609,2016-W36,Pneumococcal Disease (invasive),1
7610,2016-W36,Haemophilus influenzae type b,0
7611,2016-W36,Salmonellosis(non-enteric fevers),44
7612,2016-W36,Avian Influenza,0
7613,2016-W36,Zika Virus Infection,103
7614,2016-W37,Cholera,0
7615,2016-W37,Paratyphoid,0
7616,2016-W37,Typhoid,1
7617,2016-W37,Viral Hepatitis A,0
7618,2016-W37,Viral Hepatitis E,2
7619,2016-W37,Poliomyelitis,0
7620,2016-W37,Plague,0
7621,2016-W37,Yellow Fever,0
7622,2016-W37,Dengue Fever,174
7623,2016-W37,Dengue Haemorrhagic Fever,0
7624,2016-W37,Malaria,2
7625,2016-W37,Chikungunya Fever,2
7626,2016-W37,"Hand, Foot Mouth Disease",779
7627,2016-W37,Diphtheria,0
7628,2016-W37,Mumps,12
7629,2016-W37,Rubella,0
7630,2016-W37,SARS,0
7631,2016-W37,Nipah virus infection,0
7632,2016-W37,Acute Viral hepatitis B,0
7633,2016-W37,Encephalitis,0
7634,2016-W37,Legionellosis,0
7635,2016-W37,Campylobacterenterosis,13
7636,2016-W37,Acute Viral hepatitis C,0
7637,2016-W37,Melioidosis,2
7638,2016-W37,Meningococcal Infection,0
7639,2016-W37,Pertussis,2
7640,2016-W37,Pneumococcal Disease (invasive),1
7641,2016-W37,Haemophilus influenzae type b,0
7642,2016-W37,Salmonellosis(non-enteric fevers),47
7643,2016-W37,Avian Influenza,0
7644,2016-W37,Zika Virus Infection,62
7645,2016-W38,Cholera,1
7646,2016-W38,Paratyphoid,0
7647,2016-W38,Typhoid,0
7648,2016-W38,Viral Hepatitis A,0
7649,2016-W38,Viral Hepatitis E,3
7650,2016-W38,Poliomyelitis,0
7651,2016-W38,Plague,0
7652,2016-W38,Yellow Fever,0
7653,2016-W38,Dengue Fever,173
7654,2016-W38,Dengue Haemorrhagic Fever,0
7655,2016-W38,Malaria,2
7656,2016-W38,Chikungunya Fever,3
7657,2016-W38,"Hand, Foot Mouth Disease",756
7658,2016-W38,Diphtheria,0
7659,2016-W38,Measles,0
7660,2016-W38,Mumps,13
7661,2016-W38,Rubella,1
7662,2016-W38,SARS,0
7663,2016-W38,Nipah virus infection,0
7664,2016-W38,Acute Viral hepatitis B,0
7665,2016-W38,Encephalitis,0
7666,2016-W38,Legionellosis,1
7667,2016-W38,Campylobacterenterosis,13
7668,2016-W38,Acute Viral hepatitis C,0
7669,2016-W38,Melioidosis,0
7670,2016-W38,Meningococcal Infection,0
7671,2016-W38,Pertussis,0
7672,2016-W38,Pneumococcal Disease (invasive),5
7673,2016-W38,Haemophilus influenzae type b,2
7674,2016-W38,Salmonellosis(non-enteric fevers),30
7675,2016-W38,Avian Influenza,0
7676,2016-W38,Zika Virus Infection,11
7677,2016-W39,Cholera,0
7678,2016-W39,Paratyphoid,1
7679,2016-W39,Typhoid,0
7680,2016-W39,Viral Hepatitis A,1
7681,2016-W39,Viral Hepatitis E,2
7682,2016-W39,Poliomyelitis,0
7683,2016-W39,Plague,0
7684,2016-W39,Yellow Fever,0
7685,2016-W39,Dengue Fever,138
7686,2016-W39,Dengue Haemorrhagic Fever,0
7687,2016-W39,Malaria,0
7688,2016-W39,Chikungunya Fever,2
7689,2016-W39,"Hand, Foot Mouth Disease",737
7690,2016-W39,Diphtheria,0
7691,2016-W39,Measles,3
7692,2016-W39,Mumps,11
7693,2016-W39,Rubella,0
7694,2016-W39,SARS,0
7695,2016-W39,Nipah virus infection,0
7696,2016-W39,Acute Viral hepatitis B,3
7697,2016-W39,Encephalitis,0
7698,2016-W39,Legionellosis,1
7699,2016-W39,Campylobacterenterosis,10
7700,2016-W39,Acute Viral hepatitis C,0
7701,2016-W39,Melioidosis,3
7702,2016-W39,Meningococcal Infection,0
7703,2016-W39,Pertussis,0
7704,2016-W39,Pneumococcal Disease (invasive),1
7705,2016-W39,Haemophilus influenzae type b,0
7706,2016-W39,Salmonellosis(non-enteric fevers),37
7707,2016-W39,Avian Influenza,0
7708,2016-W39,Zika Virus Infection,8
7709,2016-W40,Cholera,0
7710,2016-W40,Paratyphoid,0
7711,2016-W40,Typhoid,1
7712,2016-W40,Viral Hepatitis A,2
7713,2016-W40,Viral Hepatitis E,4
7714,2016-W40,Poliomyelitis,0
7715,2016-W40,Plague,0
7716,2016-W40,Yellow Fever,0
7717,2016-W40,Dengue Fever,125
7718,2016-W40,Dengue Haemorrhagic Fever,0
7719,2016-W40,Malaria,0
7720,2016-W40,Chikungunya Fever,0
7721,2016-W40,"Hand, Foot Mouth Disease",555
7722,2016-W40,Diphtheria,0
7723,2016-W40,Measles,2
7724,2016-W40,Mumps,14
7725,2016-W40,Rubella,0
7726,2016-W40,SARS,0
7727,2016-W40,Nipah virus infection,0
7728,2016-W40,Acute Viral hepatitis B,1
7729,2016-W40,Encephalitis,0
7730,2016-W40,Legionellosis,1
7731,2016-W40,Campylobacterenterosis,11
7732,2016-W40,Acute Viral hepatitis C,0
7733,2016-W40,Melioidosis,2
7734,2016-W40,Meningococcal Infection,0
7735,2016-W40,Pertussis,0
7736,2016-W40,Pneumococcal Disease (invasive),3
7737,2016-W40,Haemophilus influenzae type b,0
7738,2016-W40,Salmonellosis(non-enteric fevers),47
7739,2016-W40,Avian Influenza,0
7740,2016-W40,Zika Virus Infection,4
7741,2016-W41,Cholera,0
7742,2016-W41,Paratyphoid,0
7743,2016-W41,Typhoid,1
7744,2016-W41,Viral Hepatitis A,0
7745,2016-W41,Viral Hepatitis E,6
7746,2016-W41,Poliomyelitis,0
7747,2016-W41,Plague,0
7748,2016-W41,Yellow Fever,0
7749,2016-W41,Dengue Fever,94
7750,2016-W41,Dengue Haemorrhagic Fever,0
7751,2016-W41,Malaria,2
7752,2016-W41,Chikungunya Fever,1
7753,2016-W41,"Hand, Foot Mouth Disease",616
7754,2016-W41,Diphtheria,0
7755,2016-W41,Measles,2
7756,2016-W41,Mumps,10
7757,2016-W41,Rubella,0
7758,2016-W41,SARS,0
7759,2016-W41,Nipah virus infection,0
7760,2016-W41,Acute Viral hepatitis B,2
7761,2016-W41,Encephalitis,0
7762,2016-W41,Legionellosis,0
7763,2016-W41,Campylobacterenterosis,6
7764,2016-W41,Acute Viral hepatitis C,1
7765,2016-W41,Melioidosis,1
7766,2016-W41,Meningococcal Infection,0
7767,2016-W41,Pertussis,2
7768,2016-W41,Pneumococcal Disease (invasive),3
7769,2016-W41,Haemophilus influenzae type b,0
7770,2016-W41,Salmonellosis(non-enteric fevers),41
7771,2016-W41,Avian Influenza,0
7772,2016-W41,Zika Virus Infection,11
7773,2016-W42,Cholera,0
7774,2016-W42,Paratyphoid,1
7775,2016-W42,Typhoid,0
7776,2016-W42,Viral Hepatitis A,0
7777,2016-W42,Viral Hepatitis E,4
7778,2016-W42,Poliomyelitis,0
7779,2016-W42,Plague,0
7780,2016-W42,Yellow Fever,0
7781,2016-W42,Dengue Fever,108
7782,2016-W42,Dengue Haemorrhagic Fever,0
7783,2016-W42,Malaria,0
7784,2016-W42,Chikungunya Fever,4
7785,2016-W42,"Hand, Foot Mouth Disease",599
7786,2016-W42,Diphtheria,0
7787,2016-W42,Measles,1
7788,2016-W42,Mumps,7
7789,2016-W42,Rubella,0
7790,2016-W42,SARS,0
7791,2016-W42,Nipah virus infection,0
7792,2016-W42,Acute Viral hepatitis B,1
7793,2016-W42,Encephalitis,0
7794,2016-W42,Legionellosis,0
7795,2016-W42,Campylobacterenterosis,2
7796,2016-W42,Acute Viral hepatitis C,0
7797,2016-W42,Melioidosis,2
7798,2016-W42,Meningococcal Infection,0
7799,2016-W42,Pertussis,2
7800,2016-W42,Pneumococcal Disease (invasive),1
7801,2016-W42,Haemophilus influenzae type b,0
7802,2016-W42,Salmonellosis(non-enteric fevers),46
7803,2016-W42,Avian Influenza,0
7804,2016-W42,Zika Virus Infection,11
7805,2016-W43,Cholera,0
7806,2016-W43,Paratyphoid,0
7807,2016-W43,Typhoid,1
7808,2016-W43,Viral Hepatitis A,0
7809,2016-W43,Viral Hepatitis E,3
7810,2016-W43,Poliomyelitis,0
7811,2016-W43,Plague,0
7812,2016-W43,Yellow Fever,0
7813,2016-W43,Dengue Fever,84
7814,2016-W43,Dengue Haemorrhagic Fever,0
7815,2016-W43,Malaria,0
7816,2016-W43,Chikungunya Fever,0
7817,2016-W43,"Hand, Foot Mouth Disease",474
7818,2016-W43,Diphtheria,0
7819,2016-W43,Measles,2
7820,2016-W43,Mumps,14
7821,2016-W43,Rubella,0
7822,2016-W43,SARS,0
7823,2016-W43,Nipah virus infection,0
7824,2016-W43,Acute Viral hepatitis B,2
7825,2016-W43,Encephalitis,0
7826,2016-W43,Legionellosis,1
7827,2016-W43,Campylobacterenterosis,5
7828,2016-W43,Acute Viral hepatitis C,0
7829,2016-W43,Melioidosis,2
7830,2016-W43,Meningococcal Infection,1
7831,2016-W43,Pertussis,0
7832,2016-W43,Pneumococcal Disease (invasive),3
7833,2016-W43,Haemophilus influenzae type b,0
7834,2016-W43,Salmonellosis(non-enteric fevers),34
7835,2016-W43,Avian Influenza,0
7836,2016-W43,Zika Virus Infection,12
7837,2016-W44,Cholera,0
7838,2016-W44,Paratyphoid,0
7839,2016-W44,Typhoid,2
7840,2016-W44,Viral Hepatitis A,0
7841,2016-W44,Viral Hepatitis E,1
7842,2016-W44,Poliomyelitis,0
7843,2016-W44,Plague,0
7844,2016-W44,Yellow Fever,0
7845,2016-W44,Dengue Fever,85
7846,2016-W44,Dengue Haemorrhagic Fever,1
7847,2016-W44,Malaria,0
7848,2016-W44,Chikungunya Fever,2
7849,2016-W44,"Hand, Foot Mouth Disease",489
7850,2016-W44,Diphtheria,0
7851,2016-W44,Measles,1
7852,2016-W44,Mumps,16
7853,2016-W44,Rubella,0
7854,2016-W44,SARS,0
7855,2016-W44,Nipah virus infection,0
7856,2016-W44,Acute Viral hepatitis B,2
7857,2016-W44,Encephalitis,0
7858,2016-W44,Legionellosis,0
7859,2016-W44,Campylobacterenterosis,8
7860,2016-W44,Acute Viral hepatitis C,0
7861,2016-W44,Melioidosis,1
7862,2016-W44,Meningococcal Infection,0
7863,2016-W44,Pertussis,3
7864,2016-W44,Pneumococcal Disease (invasive),1
7865,2016-W44,Haemophilus influenzae type b,0
7866,2016-W44,Salmonellosis(non-enteric fevers),45
7867,2016-W44,Avian Influenza,0
7868,2016-W44,Zika Virus Infection,4
7869,2016-W45,Cholera,0
7870,2016-W45,Paratyphoid,0
7871,2016-W45,Typhoid,2
7872,2016-W45,Viral Hepatitis A,1
7873,2016-W45,Viral Hepatitis E,0
7874,2016-W45,Poliomyelitis,0
7875,2016-W45,Plague,0
7876,2016-W45,Yellow Fever,0
7877,2016-W45,Dengue Fever,84
7878,2016-W45,Dengue Haemorrhagic Fever,0
7879,2016-W45,Malaria,0
7880,2016-W45,Chikungunya Fever,1
7881,2016-W45,"Hand, Foot Mouth Disease",505
7882,2016-W45,Diphtheria,0
7883,2016-W45,Measles,4
7884,2016-W45,Mumps,11
7885,2016-W45,Rubella,0
7886,2016-W45,SARS,0
7887,2016-W45,Nipah virus infection,0
7888,2016-W45,Acute Viral hepatitis B,2
7889,2016-W45,Encephalitis,0
7890,2016-W45,Legionellosis,0
7891,2016-W45,Campylobacterenterosis,11
7892,2016-W45,Acute Viral hepatitis C,1
7893,2016-W45,Melioidosis,3
7894,2016-W45,Meningococcal Infection,0
7895,2016-W45,Pertussis,3
7896,2016-W45,Pneumococcal Disease (invasive),2
7897,2016-W45,Haemophilus influenzae type b,0
7898,2016-W45,Salmonellosis(non-enteric fevers),33
7899,2016-W45,Avian Influenza,0
7900,2016-W45,Zika Virus Infection,4
7901,2016-W46,Cholera,0
7902,2016-W46,Paratyphoid,0
7903,2016-W46,Typhoid,1
7904,2016-W46,Viral Hepatitis A,0
7905,2016-W46,Viral Hepatitis E,3
7906,2016-W46,Poliomyelitis,0
7907,2016-W46,Plague,0
7908,2016-W46,Yellow Fever,0
7909,2016-W46,Dengue Fever,72
7910,2016-W46,Dengue Haemorrhagic Fever,0
7911,2016-W46,Malaria,0
7912,2016-W46,Chikungunya Fever,2
7913,2016-W46,"Hand, Foot Mouth Disease",581
7914,2016-W46,Diphtheria,0
7915,2016-W46,Measles,5
7916,2016-W46,Mumps,13
7917,2016-W46,Rubella,0
7918,2016-W46,SARS,0
7919,2016-W46,Nipah virus infection,0
7920,2016-W46,Acute Viral hepatitis B,3
7921,2016-W46,Encephalitis,0
7922,2016-W46,Legionellosis,1
7923,2016-W46,Campylobacterenterosis,7
7924,2016-W46,Acute Viral hepatitis C,1
7925,2016-W46,Melioidosis,2
7926,2016-W46,Meningococcal Infection,0
7927,2016-W46,Pertussis,4
7928,2016-W46,Pneumococcal Disease (invasive),1
7929,2016-W46,Haemophilus influenzae type b,0
7930,2016-W46,Salmonellosis(non-enteric fevers),47
7931,2016-W46,Avian Influenza,0
7932,2016-W46,Zika Virus Infection,3
7933,2016-W47,Cholera,0
7934,2016-W47,Paratyphoid,0
7935,2016-W47,Typhoid,1
7936,2016-W47,Viral Hepatitis A,0
7937,2016-W47,Viral Hepatitis E,1
7938,2016-W47,Poliomyelitis,0
7939,2016-W47,Plague,0
7940,2016-W47,Yellow Fever,0
7941,2016-W47,Dengue Fever,74
7942,2016-W47,Dengue Haemorrhagic Fever,1
7943,2016-W47,Malaria,0
7944,2016-W47,Chikungunya Fever,0
7945,2016-W47,"Hand, Foot Mouth Disease",576
7946,2016-W47,Diphtheria,0
7947,2016-W47,Measles,8
7948,2016-W47,Mumps,8
7949,2016-W47,Rubella,0
7950,2016-W47,SARS,0
7951,2016-W47,Nipah virus infection,0
7952,2016-W47,Acute Viral hepatitis B,1
7953,2016-W47,Encephalitis,0
7954,2016-W47,Legionellosis,0
7955,2016-W47,Campylobacterenterosis,6
7956,2016-W47,Acute Viral hepatitis C,0
7957,2016-W47,Melioidosis,1
7958,2016-W47,Meningococcal Infection,0
7959,2016-W47,Pertussis,0
7960,2016-W47,Pneumococcal Disease (invasive),2
7961,2016-W47,Haemophilus influenzae type b,1
7962,2016-W47,Salmonellosis(non-enteric fevers),40
7963,2016-W47,Avian Influenza,0
7964,2016-W47,Zika Virus Infection,1
7965,2016-W48,Cholera,0
7966,2016-W48,Paratyphoid,0
7967,2016-W48,Typhoid,0
7968,2016-W48,Viral Hepatitis A,0
7969,2016-W48,Viral Hepatitis E,1
7970,2016-W48,Poliomyelitis,0
7971,2016-W48,Plague,0
7972,2016-W48,Yellow Fever,0
7973,2016-W48,Dengue Fever,86
7974,2016-W48,Dengue Haemorrhagic Fever,0
7975,2016-W48,Malaria,0
7976,2016-W48,Chikungunya Fever,1
7977,2016-W48,"Hand, Foot Mouth Disease",602
7978,2016-W48,Diphtheria,0
7979,2016-W48,Measles,4
7980,2016-W48,Mumps,4
7981,2016-W48,Rubella,0
7982,2016-W48,SARS,0
7983,2016-W48,Nipah virus infection,0
7984,2016-W48,Acute Viral hepatitis B,2
7985,2016-W48,Encephalitis,0
7986,2016-W48,Legionellosis,0
7987,2016-W48,Campylobacterenterosis,7
7988,2016-W48,Acute Viral hepatitis C,1
7989,2016-W48,Melioidosis,3
7990,2016-W48,Meningococcal Infection,0
7991,2016-W48,Pertussis,0
7992,2016-W48,Pneumococcal Disease (invasive),4
7993,2016-W48,Haemophilus influenzae type b,0
7994,2016-W48,Salmonellosis(non-enteric fevers),0
7995,2016-W48,Avian Influenza,0
7996,2016-W48,Zika Virus Infection,2
7997,2016-W49,Cholera,0
7998,2016-W49,Paratyphoid,0
7999,2016-W49,Typhoid,0
8000,2016-W49,Viral Hepatitis A,0
8001,2016-W49,Viral Hepatitis E,0
8002,2016-W49,Poliomyelitis,0
8003,2016-W49,Plague,0
8004,2016-W49,Yellow Fever,0
8005,2016-W49,Dengue Fever,59
8006,2016-W49,Dengue Haemorrhagic Fever,0
8007,2016-W49,Malaria,3
8008,2016-W49,Chikungunya Fever,1
8009,2016-W49,"Hand, Foot Mouth Disease",588
8010,2016-W49,Diphtheria,0
8011,2016-W49,Measles,11
8012,2016-W49,Mumps,10
8013,2016-W49,Rubella,0
8014,2016-W49,SARS,0
8015,2016-W49,Nipah virus infection,0
8016,2016-W49,Acute Viral hepatitis B,1
8017,2016-W49,Encephalitis,0
8018,2016-W49,Legionellosis,0
8019,2016-W49,Campylobacterenterosis,6
8020,2016-W49,Acute Viral hepatitis C,0
8021,2016-W49,Melioidosis,0
8022,2016-W49,Meningococcal Infection,3
8023,2016-W49,Pertussis,0
8024,2016-W49,Pneumococcal Disease (invasive),0
8025,2016-W49,Haemophilus influenzae type b,2
8026,2016-W49,Salmonellosis(non-enteric fevers),0
8027,2016-W49,Avian Influenza,0
8028,2016-W49,Zika Virus Infection,1
8029,2016-W50,Cholera,0
8030,2016-W50,Paratyphoid,0
8031,2016-W50,Typhoid,1
8032,2016-W50,Viral Hepatitis A,0
8033,2016-W50,Viral Hepatitis E,2
8034,2016-W50,Poliomyelitis,0
8035,2016-W50,Plague,0
8036,2016-W50,Yellow Fever,0
8037,2016-W50,Dengue Fever,81
8038,2016-W50,Dengue Haemorrhagic Fever,0
8039,2016-W50,Malaria,1
8040,2016-W50,Chikungunya Fever,1
8041,2016-W50,"Hand, Foot Mouth Disease",582
8042,2016-W50,Diphtheria,0
8043,2016-W50,Measles,3
8044,2016-W50,Mumps,11
8045,2016-W50,Rubella,0
8046,2016-W50,SARS,0
8047,2016-W50,Nipah virus infection,0
8048,2016-W50,Acute Viral hepatitis B,2
8049,2016-W50,Encephalitis,0
8050,2016-W50,Legionellosis,1
8051,2016-W50,Campylobacterenterosis,7
8052,2016-W50,Acute Viral hepatitis C,0
8053,2016-W50,Melioidosis,2
8054,2016-W50,Meningococcal Infection,1
8055,2016-W50,Pertussis,2
8056,2016-W50,Pneumococcal Disease (invasive),2
8057,2016-W50,Haemophilus influenzae type b,2
8058,2016-W50,Salmonellosis(non-enteric fevers),0
8059,2016-W50,Avian Influenza,0
8060,2016-W50,Zika Virus Infection,0
8061,2016-W51,Cholera,0
8062,2016-W51,Paratyphoid,0
8063,2016-W51,Typhoid,4
8064,2016-W51,Viral Hepatitis A,1
8065,2016-W51,Viral Hepatitis E,1
8066,2016-W51,Poliomyelitis,0
8067,2016-W51,Plague,0
8068,2016-W51,Yellow Fever,0
8069,2016-W51,Dengue Fever,72
8070,2016-W51,Dengue Haemorrhagic Fever,0
8071,2016-W51,Malaria,0
8072,2016-W51,Chikungunya Fever,0
8073,2016-W51,"Hand, Foot Mouth Disease",560
8074,2016-W51,Diphtheria,0
8075,2016-W51,Measles,2
8076,2016-W51,Mumps,15
8077,2016-W51,Rubella,0
8078,2016-W51,SARS,0
8079,2016-W51,Nipah virus infection,0
8080,2016-W51,Acute Viral hepatitis B,0
8081,2016-W51,Encephalitis,0
8082,2016-W51,Legionellosis,0
8083,2016-W51,Campylobacterenterosis,9
8084,2016-W51,Acute Viral hepatitis C,0
8085,2016-W51,Melioidosis,1
8086,2016-W51,Meningococcal Infection,1
8087,2016-W51,Pertussis,0
8088,2016-W51,Pneumococcal Disease (invasive),2
8089,2016-W51,Haemophilus influenzae type b,3
8090,2016-W51,Salmonellosis(non-enteric fevers),1
8091,2016-W51,Avian Influenza,0
8092,2016-W51,Zika Virus Infection,0
8093,2016-W52,Cholera,0
8094,2016-W52,Paratyphoid,0
8095,2016-W52,Typhoid,1
8096,2016-W52,Viral Hepatitis A,2
8097,2016-W52,Viral Hepatitis E,2
8098,2016-W52,Poliomyelitis,0
8099,2016-W52,Plague,0
8100,2016-W52,Yellow Fever,0
8101,2016-W52,Dengue Fever,64
8102,2016-W52,Dengue Haemorrhagic Fever,0
8103,2016-W52,Malaria,0
8104,2016-W52,Chikungunya Fever,0
8105,2016-W52,"Hand, Foot Mouth Disease",512
8106,2016-W52,Diphtheria,0
8107,2016-W52,Measles,3
8108,2016-W52,Mumps,12
8109,2016-W52,Rubella,1
8110,2016-W52,SARS,0
8111,2016-W52,Nipah virus infection,0
8112,2016-W52,Acute Viral hepatitis B,0
8113,2016-W52,Encephalitis,0
8114,2016-W52,Legionellosis,0
8115,2016-W52,Campylobacterenterosis,5
8116,2016-W52,Acute Viral hepatitis C,0
8117,2016-W52,Melioidosis,2
8118,2016-W52,Meningococcal Infection,0
8119,2016-W52,Pertussis,0
8120,2016-W52,Pneumococcal Disease (invasive),1
8121,2016-W52,Haemophilus influenzae type b,3
8122,2016-W52,Salmonellosis(non-enteric fevers),0
8123,2016-W52,Avian Influenza,0
8124,2016-W52,Zika Virus Infection,1
8125,2017-W01,Cholera,0
8126,2017-W01,Paratyphoid,3
8127,2017-W01,Typhoid,3
8128,2017-W01,Acute Viral Hepatitis A,2
8129,2017-W01,Acute Viral Hepatitis E,3
8130,2017-W01,Poliomyelitis,0
8131,2017-W01,Plague,0
8132,2017-W01,Yellow Fever,0
8133,2017-W01,Dengue Fever,70
8134,2017-W01,Dengue Haemorrhagic Fever,0
8135,2017-W01,Malaria,0
8136,2017-W01,Chikungunya,0
8137,2017-W01,HFMD,501
8138,2017-W01,Diphtheria,0
8139,2017-W01,Measles,3
8140,2017-W01,Mumps,6
8141,2017-W01,Rubella,1
8142,2017-W01,SARS,0
8143,2017-W01,Nipah,0
8144,2017-W01,Acute Viral hepatitis B,3
8145,2017-W01,Encephalitis,0
8146,2017-W01,Legionellosis,0
8147,2017-W01,Campylobacter enteritis,7
8148,2017-W01,Acute Viral hepatitis C,1
8149,2017-W01,Leptospirosis,2
8150,2017-W01,Melioidosis,2
8151,2017-W01,Meningococcal Infection,0
8152,2017-W01,Pertussis,1
8153,2017-W01,Pneumococcal Disease (invasive),1
8154,2017-W01,Haemophilus influenzae type b,1
8155,2017-W01,Salmonellosis(non-enteric fevers),48
8156,2017-W01,Avian Influenza,0
8157,2017-W01,Zika,0
8158,2017-W01,Ebola Virus Disease,0
8159,2017-W01,Japanese Encephalitis,0
8160,2017-W01,Tetanus,0
8161,2017-W01,Botulism,0
8162,2017-W01,Murine Typhus,0
8163,2017-W02,Cholera,0
8164,2017-W02,Paratyphoid,1
8165,2017-W02,Typhoid,4
8166,2017-W02,Acute Viral Hepatitis A,0
8167,2017-W02,Acute Viral Hepatitis E,1
8168,2017-W02,Poliomyelitis,0
8169,2017-W02,Plague,0
8170,2017-W02,Yellow Fever,0
8171,2017-W02,Dengue Fever,90
8172,2017-W02,Dengue Haemorrhagic Fever,1
8173,2017-W02,Malaria,0
8174,2017-W02,Chikungunya,0
8175,2017-W02,HFMD,588
8176,2017-W02,Diphtheria,0
8177,2017-W02,Measles,4
8178,2017-W02,Mumps,15
8179,2017-W02,Rubella,0
8180,2017-W02,SARS,0
8181,2017-W02,Nipah,0
8182,2017-W02,Acute Viral hepatitis B,1
8183,2017-W02,Encephalitis,0
8184,2017-W02,Legionellosis,0
8185,2017-W02,Campylobacter enteritis,7
8186,2017-W02,Acute Viral hepatitis C,0
8187,2017-W02,Leptospirosis,0
8188,2017-W02,Melioidosis,2
8189,2017-W02,Meningococcal Infection,0
8190,2017-W02,Pertussis,3
8191,2017-W02,Pneumococcal Disease (invasive),2
8192,2017-W02,Haemophilus influenzae type b,0
8193,2017-W02,Salmonellosis(non-enteric fevers),43
8194,2017-W02,Avian Influenza,0
8195,2017-W02,Zika,0
8196,2017-W02,Ebola Virus Disease,0
8197,2017-W02,Japanese Encephalitis,0
8198,2017-W02,Tetanus,0
8199,2017-W02,Botulism,0
8200,2017-W02,Murine Typhus,0
8201,2017-W03,Cholera,0
8202,2017-W03,Paratyphoid,0
8203,2017-W03,Typhoid,3
8204,2017-W03,Acute Viral Hepatitis A,2
8205,2017-W03,Acute Viral Hepatitis E,2
8206,2017-W03,Poliomyelitis,0
8207,2017-W03,Plague,0
8208,2017-W03,Yellow Fever,0
8209,2017-W03,Dengue Fever,74
8210,2017-W03,Dengue Haemorrhagic Fever,1
8211,2017-W03,Malaria,1
8212,2017-W03,Chikungunya,0
8213,2017-W03,HFMD,599
8214,2017-W03,Diphtheria,0
8215,2017-W03,Measles,3
8216,2017-W03,Mumps,12
8217,2017-W03,Rubella,0
8218,2017-W03,SARS,0
8219,2017-W03,Nipah,0
8220,2017-W03,Acute Viral hepatitis B,0
8221,2017-W03,Encephalitis,0
8222,2017-W03,Legionellosis,0
8223,2017-W03,Campylobacter enteritis,4
8224,2017-W03,Acute Viral hepatitis C,0
8225,2017-W03,Leptospirosis,0
8226,2017-W03,Melioidosis,0
8227,2017-W03,Meningococcal Infection,0
8228,2017-W03,Pertussis,0
8229,2017-W03,Pneumococcal Disease (invasive),3
8230,2017-W03,Haemophilus influenzae type b,0
8231,2017-W03,Salmonellosis(non-enteric fevers),38
8232,2017-W03,Avian Influenza,0
8233,2017-W03,Zika,1
8234,2017-W03,Ebola Virus Disease,0
8235,2017-W03,Japanese Encephalitis,0
8236,2017-W03,Tetanus,0
8237,2017-W03,Botulism,0
8238,2017-W03,Murine Typhus,0
8239,2017-W04,Cholera,0
8240,2017-W04,Paratyphoid,0
8241,2017-W04,Typhoid,2
8242,2017-W04,Acute Viral Hepatitis A,1
8243,2017-W04,Acute Viral Hepatitis E,2
8244,2017-W04,Poliomyelitis,0
8245,2017-W04,Plague,0
8246,2017-W04,Yellow Fever,0
8247,2017-W04,Dengue Fever,66
8248,2017-W04,Dengue Haemorrhagic Fever,0
8249,2017-W04,Malaria,0
8250,2017-W04,Chikungunya,0
8251,2017-W04,HFMD,494
8252,2017-W04,Diphtheria,0
8253,2017-W04,Measles,1
8254,2017-W04,Mumps,6
8255,2017-W04,Rubella,1
8256,2017-W04,SARS,0
8257,2017-W04,Nipah,0
8258,2017-W04,Acute Viral hepatitis B,2
8259,2017-W04,Encephalitis,0
8260,2017-W04,Legionellosis,0
8261,2017-W04,Campylobacter enteritis,11
8262,2017-W04,Acute Viral hepatitis C,0
8263,2017-W04,Leptospirosis,1
8264,2017-W04,Melioidosis,1
8265,2017-W04,Meningococcal Infection,0
8266,2017-W04,Pertussis,0
8267,2017-W04,Pneumococcal Disease (invasive),1
8268,2017-W04,Haemophilus influenzae type b,0
8269,2017-W04,Salmonellosis(non-enteric fevers),35
8270,2017-W04,Avian Influenza,0
8271,2017-W04,Zika,0
8272,2017-W04,Ebola Virus Disease,0
8273,2017-W04,Japanese Encephalitis,0
8274,2017-W04,Tetanus,0
8275,2017-W04,Botulism,0
8276,2017-W04,Murine Typhus,0
8277,2017-W05,Cholera,0
8278,2017-W05,Paratyphoid,1
8279,2017-W05,Typhoid,6
8280,2017-W05,Acute Viral Hepatitis A,1
8281,2017-W05,Acute Viral Hepatitis E,2
8282,2017-W05,Poliomyelitis,0
8283,2017-W05,Plague,0
8284,2017-W05,Yellow Fever,0
8285,2017-W05,Dengue Fever,62
8286,2017-W05,Dengue Haemorrhagic Fever,0
8287,2017-W05,Malaria,0
8288,2017-W05,Chikungunya,0
8289,2017-W05,HFMD,572
8290,2017-W05,Diphtheria,0
8291,2017-W05,Measles,0
8292,2017-W05,Mumps,12
8293,2017-W05,Rubella,0
8294,2017-W05,SARS,0
8295,2017-W05,Nipah,0
8296,2017-W05,Acute Viral hepatitis B,2
8297,2017-W05,Encephalitis,0
8298,2017-W05,Legionellosis,0
8299,2017-W05,Campylobacter enteritis,12
8300,2017-W05,Acute Viral hepatitis C,1
8301,2017-W05,Leptospirosis,1
8302,2017-W05,Melioidosis,1
8303,2017-W05,Meningococcal Infection,1
8304,2017-W05,Pertussis,2
8305,2017-W05,Pneumococcal Disease (invasive),5
8306,2017-W05,Haemophilus influenzae type b,2
8307,2017-W05,Salmonellosis(non-enteric fevers),44
8308,2017-W05,Avian Influenza,0
8309,2017-W05,Zika,0
8310,2017-W05,Ebola Virus Disease,0
8311,2017-W05,Japanese Encephalitis,0
8312,2017-W05,Tetanus,0
8313,2017-W05,Botulism,0
8314,2017-W05,Murine Typhus,0
8315,2017-W06,Cholera,0
8316,2017-W06,Paratyphoid,0
8317,2017-W06,Typhoid,0
8318,2017-W06,Acute Viral Hepatitis A,5
8319,2017-W06,Acute Viral Hepatitis E,0
8320,2017-W06,Poliomyelitis,0
8321,2017-W06,Plague,0
8322,2017-W06,Yellow Fever,0
8323,2017-W06,Dengue Fever,77
8324,2017-W06,Dengue Haemorrhagic Fever,0
8325,2017-W06,Malaria,1
8326,2017-W06,Chikungunya,0
8327,2017-W06,HFMD,669
8328,2017-W06,Diphtheria,0
8329,2017-W06,Measles,1
8330,2017-W06,Mumps,15
8331,2017-W06,Rubella,1
8332,2017-W06,SARS,0
8333,2017-W06,Nipah,0
8334,2017-W06,Acute Viral hepatitis B,1
8335,2017-W06,Encephalitis,0
8336,2017-W06,Legionellosis,0
8337,2017-W06,Campylobacter enteritis,4
8338,2017-W06,Acute Viral hepatitis C,0
8339,2017-W06,Leptospirosis,2
8340,2017-W06,Melioidosis,2
8341,2017-W06,Meningococcal Infection,0
8342,2017-W06,Pertussis,7
8343,2017-W06,Pneumococcal Disease (invasive),4
8344,2017-W06,Haemophilus influenzae type b,0
8345,2017-W06,Salmonellosis(non-enteric fevers),33
8346,2017-W06,Avian Influenza,0
8347,2017-W06,Zika,2
8348,2017-W06,Ebola Virus Disease,0
8349,2017-W06,Japanese Encephalitis,0
8350,2017-W06,Tetanus,0
8351,2017-W06,Botulism,0
8352,2017-W06,Murine Typhus,0
8353,2017-W07,Cholera,0
8354,2017-W07,Paratyphoid,0
8355,2017-W07,Typhoid,4
8356,2017-W07,Acute Viral Hepatitis A,0
8357,2017-W07,Acute Viral Hepatitis E,0
8358,2017-W07,Poliomyelitis,0
8359,2017-W07,Plague,0
8360,2017-W07,Yellow Fever,0
8361,2017-W07,Dengue Fever,51
8362,2017-W07,Dengue Haemorrhagic Fever,2
8363,2017-W07,Malaria,0
8364,2017-W07,Chikungunya,0
8365,2017-W07,HFMD,692
8366,2017-W07,Diphtheria,0
8367,2017-W07,Measles,4
8368,2017-W07,Mumps,9
8369,2017-W07,Rubella,1
8370,2017-W07,SARS,0
8371,2017-W07,Nipah,0
8372,2017-W07,Acute Viral hepatitis B,1
8373,2017-W07,Encephalitis,0
8374,2017-W07,Legionellosis,0
8375,2017-W07,Campylobacter enteritis,3
8376,2017-W07,Acute Viral hepatitis C,1
8377,2017-W07,Leptospirosis,2
8378,2017-W07,Melioidosis,2
8379,2017-W07,Meningococcal Infection,1
8380,2017-W07,Pertussis,0
8381,2017-W07,Pneumococcal Disease (invasive),2
8382,2017-W07,Haemophilus influenzae type b,0
8383,2017-W07,Salmonellosis(non-enteric fevers),25
8384,2017-W07,Avian Influenza,0
8385,2017-W07,Zika,1
8386,2017-W07,Ebola Virus Disease,0
8387,2017-W07,Japanese Encephalitis,0
8388,2017-W07,Tetanus,0
8389,2017-W07,Botulism,0
8390,2017-W07,Murine Typhus,0
8391,2017-W08,Cholera,0
8392,2017-W08,Paratyphoid,1
8393,2017-W08,Typhoid,0
8394,2017-W08,Acute Viral Hepatitis A,0
8395,2017-W08,Acute Viral Hepatitis E,0
8396,2017-W08,Poliomyelitis,0
8397,2017-W08,Plague,0
8398,2017-W08,Yellow Fever,0
8399,2017-W08,Dengue Fever,54
8400,2017-W08,Dengue Haemorrhagic Fever,0
8401,2017-W08,Malaria,0
8402,2017-W08,Chikungunya,0
8403,2017-W08,HFMD,762
8404,2017-W08,Diphtheria,0
8405,2017-W08,Measles,3
8406,2017-W08,Mumps,9
8407,2017-W08,Rubella,1
8408,2017-W08,SARS,0
8409,2017-W08,Nipah,0
8410,2017-W08,Acute Viral hepatitis B,2
8411,2017-W08,Encephalitis,0
8412,2017-W08,Legionellosis,0
8413,2017-W08,Campylobacter enteritis,10
8414,2017-W08,Acute Viral hepatitis C,1
8415,2017-W08,Leptospirosis,0
8416,2017-W08,Melioidosis,0
8417,2017-W08,Meningococcal Infection,0
8418,2017-W08,Pertussis,0
8419,2017-W08,Pneumococcal Disease (invasive),6
8420,2017-W08,Haemophilus influenzae type b,0
8421,2017-W08,Salmonellosis(non-enteric fevers),46
8422,2017-W08,Avian Influenza,0
8423,2017-W08,Zika,0
8424,2017-W08,Ebola Virus Disease,0
8425,2017-W08,Japanese Encephalitis,0
8426,2017-W08,Tetanus,0
8427,2017-W08,Botulism,0
8428,2017-W08,Murine Typhus,1
8429,2017-W09,Cholera,0
8430,2017-W09,Paratyphoid,0
8431,2017-W09,Typhoid,1
8432,2017-W09,Acute Viral Hepatitis A,2
8433,2017-W09,Acute Viral Hepatitis E,2
8434,2017-W09,Poliomyelitis,0
8435,2017-W09,Plague,0
8436,2017-W09,Yellow Fever,0
8437,2017-W09,Dengue Fever,41
8438,2017-W09,Dengue Haemorrhagic Fever,0
8439,2017-W09,Malaria,0
8440,2017-W09,Chikungunya,1
8441,2017-W09,HFMD,855
8442,2017-W09,Diphtheria,0
8443,2017-W09,Measles,1
8444,2017-W09,Mumps,12
8445,2017-W09,Rubella,0
8446,2017-W09,SARS,0
8447,2017-W09,Nipah,0
8448,2017-W09,Acute Viral hepatitis B,2
8449,2017-W09,Encephalitis,0
8450,2017-W09,Legionellosis,1
8451,2017-W09,Campylobacter enteritis,6
8452,2017-W09,Acute Viral hepatitis C,0
8453,2017-W09,Leptospirosis,1
8454,2017-W09,Melioidosis,0
8455,2017-W09,Meningococcal Infection,0
8456,2017-W09,Pertussis,2
8457,2017-W09,Pneumococcal Disease (invasive),4
8458,2017-W09,Haemophilus influenzae type b,0
8459,2017-W09,Salmonellosis(non-enteric fevers),45
8460,2017-W09,Avian Influenza,0
8461,2017-W09,Zika,1
8462,2017-W09,Ebola Virus Disease,0
8463,2017-W09,Japanese Encephalitis,0
8464,2017-W09,Tetanus,0
8465,2017-W09,Botulism,0
8466,2017-W09,Murine Typhus,0
8467,2017-W10,Cholera,0
8468,2017-W10,Paratyphoid,0
8469,2017-W10,Typhoid,0
8470,2017-W10,Acute Viral Hepatitis A,0
8471,2017-W10,Acute Viral Hepatitis E,1
8472,2017-W10,Poliomyelitis,0
8473,2017-W10,Plague,0
8474,2017-W10,Yellow Fever,0
8475,2017-W10,Dengue Fever,32
8476,2017-W10,Dengue Haemorrhagic Fever,0
8477,2017-W10,Malaria,1
8478,2017-W10,Chikungunya,0
8479,2017-W10,HFMD,943
8480,2017-W10,Diphtheria,0
8481,2017-W10,Measles,2
8482,2017-W10,Mumps,11
8483,2017-W10,Rubella,0
8484,2017-W10,SARS,0
8485,2017-W10,Nipah,0
8486,2017-W10,Acute Viral hepatitis B,1
8487,2017-W10,Encephalitis,0
8488,2017-W10,Legionellosis,1
8489,2017-W10,Campylobacter enteritis,8
8490,2017-W10,Acute Viral hepatitis C,0
8491,2017-W10,Leptospirosis,1
8492,2017-W10,Melioidosis,0
8493,2017-W10,Meningococcal Infection,0
8494,2017-W10,Pertussis,2
8495,2017-W10,Pneumococcal Disease (invasive),2
8496,2017-W10,Haemophilus influenzae type b,0
8497,2017-W10,Salmonellosis(non-enteric fevers),32
8498,2017-W10,Avian Influenza,0
8499,2017-W10,Zika,0
8500,2017-W10,Ebola Virus Disease,0
8501,2017-W10,Japanese Encephalitis,0
8502,2017-W10,Tetanus,0
8503,2017-W10,Botulism,0
8504,2017-W10,Murine Typhus,0
8505,2017-W11,Cholera,0
8506,2017-W11,Paratyphoid,0
8507,2017-W11,Typhoid,1
8508,2017-W11,Acute Viral Hepatitis A,2
8509,2017-W11,Acute Viral Hepatitis E,0
8510,2017-W11,Poliomyelitis,0
8511,2017-W11,Plague,0
8512,2017-W11,Yellow Fever,0
8513,2017-W11,Dengue Fever,34
8514,2017-W11,Dengue Haemorrhagic Fever,1
8515,2017-W11,Malaria,1
8516,2017-W11,Chikungunya,0
8517,2017-W11,HFMD,797
8518,2017-W11,Diphtheria,0
8519,2017-W11,Measles,1
8520,2017-W11,Mumps,14
8521,2017-W11,Rubella,0
8522,2017-W11,SARS,0
8523,2017-W11,Nipah,0
8524,2017-W11,Acute Viral hepatitis B,0
8525,2017-W11,Encephalitis,0
8526,2017-W11,Legionellosis,0
8527,2017-W11,Campylobacter enteritis,8
8528,2017-W11,Acute Viral hepatitis C,0
8529,2017-W11,Leptospirosis,1
8530,2017-W11,Melioidosis,3
8531,2017-W11,Meningococcal Infection,0
8532,2017-W11,Pertussis,2
8533,2017-W11,Pneumococcal Disease (invasive),2
8534,2017-W11,Haemophilus influenzae type b,0
8535,2017-W11,Salmonellosis(non-enteric fevers),31
8536,2017-W11,Avian Influenza,0
8537,2017-W11,Zika,0
8538,2017-W11,Ebola Virus Disease,0
8539,2017-W11,Japanese Encephalitis,0
8540,2017-W11,Tetanus,0
8541,2017-W11,Botulism,0
8542,2017-W11,Murine Typhus,0
8543,2017-W12,Cholera,0
8544,2017-W12,Paratyphoid,0
8545,2017-W12,Typhoid,0
8546,2017-W12,Acute Viral Hepatitis A,2
8547,2017-W12,Acute Viral Hepatitis E,3
8548,2017-W12,Poliomyelitis,0
8549,2017-W12,Plague,0
8550,2017-W12,Yellow Fever,0
8551,2017-W12,Dengue Fever,32
8552,2017-W12,Dengue Haemorrhagic Fever,0
8553,2017-W12,Malaria,0
8554,2017-W12,Chikungunya,2
8555,2017-W12,HFMD,790
8556,2017-W12,Diphtheria,0
8557,2017-W12,Measles,2
8558,2017-W12,Mumps,8
8559,2017-W12,Rubella,0
8560,2017-W12,SARS,0
8561,2017-W12,Nipah,0
8562,2017-W12,Acute Viral hepatitis B,0
8563,2017-W12,Encephalitis,0
8564,2017-W12,Legionellosis,1
8565,2017-W12,Campylobacter enteritis,7
8566,2017-W12,Acute Viral hepatitis C,0
8567,2017-W12,Leptospirosis,0
8568,2017-W12,Melioidosis,1
8569,2017-W12,Meningococcal Infection,0
8570,2017-W12,Pertussis,0
8571,2017-W12,Pneumococcal Disease (invasive),3
8572,2017-W12,Haemophilus influenzae type b,0
8573,2017-W12,Salmonellosis(non-enteric fevers),63
8574,2017-W12,Avian Influenza,0
8575,2017-W12,Zika,1
8576,2017-W12,Ebola Virus Disease,0
8577,2017-W12,Japanese Encephalitis,0
8578,2017-W12,Tetanus,0
8579,2017-W12,Botulism,0
8580,2017-W12,Murine Typhus,1
8581,2017-W13,Cholera,0
8582,2017-W13,Paratyphoid,0
8583,2017-W13,Typhoid,0
8584,2017-W13,Acute Viral Hepatitis A,3
8585,2017-W13,Acute Viral Hepatitis E,2
8586,2017-W13,Poliomyelitis,0
8587,2017-W13,Plague,0
8588,2017-W13,Yellow Fever,0
8589,2017-W13,Dengue Fever,49
8590,2017-W13,Dengue Haemorrhagic Fever,1
8591,2017-W13,Malaria,0
8592,2017-W13,Chikungunya,0
8593,2017-W13,HFMD,663
8594,2017-W13,Diphtheria,0
8595,2017-W13,Measles,4
8596,2017-W13,Mumps,12
8597,2017-W13,Rubella,0
8598,2017-W13,SARS,0
8599,2017-W13,Nipah,0
8600,2017-W13,Acute Viral hepatitis B,0
8601,2017-W13,Encephalitis,0
8602,2017-W13,Legionellosis,2
8603,2017-W13,Campylobacter enteritis,7
8604,2017-W13,Acute Viral hepatitis C,0
8605,2017-W13,Leptospirosis,0
8606,2017-W13,Melioidosis,1
8607,2017-W13,Meningococcal Infection,1
8608,2017-W13,Pertussis,0
8609,2017-W13,Pneumococcal Disease (invasive),5
8610,2017-W13,Haemophilus influenzae type b,0
8611,2017-W13,Salmonellosis(non-enteric fevers),45
8612,2017-W13,Avian Influenza,0
8613,2017-W13,Zika,2
8614,2017-W13,Ebola Virus Disease,0
8615,2017-W13,Japanese Encephalitis,0
8616,2017-W13,Tetanus,0
8617,2017-W13,Botulism,0
8618,2017-W13,Murine Typhus,0
8619,2017-W14,Cholera,0
8620,2017-W14,Paratyphoid,0
8621,2017-W14,Typhoid,2
8622,2017-W14,Acute Viral Hepatitis A,2
8623,2017-W14,Acute Viral Hepatitis E,1
8624,2017-W14,Poliomyelitis,0
8625,2017-W14,Plague,0
8626,2017-W14,Yellow Fever,0
8627,2017-W14,Dengue Fever,37
8628,2017-W14,Dengue Haemorrhagic Fever,0
8629,2017-W14,Malaria,1
8630,2017-W14,Chikungunya,1
8631,2017-W14,HFMD,695
8632,2017-W14,Diphtheria,0
8633,2017-W14,Measles,3
8634,2017-W14,Mumps,13
8635,2017-W14,Rubella,0
8636,2017-W14,SARS,0
8637,2017-W14,Nipah,0
8638,2017-W14,Acute Viral hepatitis B,0
8639,2017-W14,Encephalitis,0
8640,2017-W14,Legionellosis,0
8641,2017-W14,Campylobacter enteritis,9
8642,2017-W14,Acute Viral hepatitis C,0
8643,2017-W14,Leptospirosis,1
8644,2017-W14,Melioidosis,0
8645,2017-W14,Meningococcal Infection,1
8646,2017-W14,Pertussis,2
8647,2017-W14,Pneumococcal Disease (invasive),0
8648,2017-W14,Haemophilus influenzae type b,1
8649,2017-W14,Salmonellosis(non-enteric fevers),33
8650,2017-W14,Avian Influenza,0
8651,2017-W14,Zika,5
8652,2017-W14,Ebola Virus Disease,0
8653,2017-W14,Japanese Encephalitis,0
8654,2017-W14,Tetanus,0
8655,2017-W14,Botulism,0
8656,2017-W14,Murine Typhus,0
8657,2017-W15,Cholera,0
8658,2017-W15,Paratyphoid,0
8659,2017-W15,Typhoid,1
8660,2017-W15,Acute Viral Hepatitis A,2
8661,2017-W15,Acute Viral Hepatitis E,2
8662,2017-W15,Poliomyelitis,0
8663,2017-W15,Plague,0
8664,2017-W15,Yellow Fever,0
8665,2017-W15,Dengue Fever,32
8666,2017-W15,Dengue Haemorrhagic Fever,0
8667,2017-W15,Malaria,1
8668,2017-W15,Chikungunya,0
8669,2017-W15,HFMD,654
8670,2017-W15,Diphtheria,0
8671,2017-W15,Measles,2
8672,2017-W15,Mumps,7
8673,2017-W15,Rubella,0
8674,2017-W15,SARS,0
8675,2017-W15,Nipah,0
8676,2017-W15,Acute Viral hepatitis B,1
8677,2017-W15,Encephalitis,0
8678,2017-W15,Legionellosis,0
8679,2017-W15,Campylobacter enteritis,4
8680,2017-W15,Acute Viral hepatitis C,0
8681,2017-W15,Leptospirosis,1
8682,2017-W15,Melioidosis,0
8683,2017-W15,Meningococcal Infection,1
8684,2017-W15,Pertussis,1
8685,2017-W15,Pneumococcal Disease (invasive),2
8686,2017-W15,Haemophilus influenzae type b,0
8687,2017-W15,Salmonellosis(non-enteric fevers),42
8688,2017-W15,Avian Influenza,0
8689,2017-W15,Zika,5
8690,2017-W15,Ebola Virus Disease,0
8691,2017-W15,Japanese Encephalitis,0
8692,2017-W15,Tetanus,0
8693,2017-W15,Botulism,0
8694,2017-W15,Murine Typhus,0
8695,2017-W16,Cholera,0
8696,2017-W16,Paratyphoid,0
8697,2017-W16,Typhoid,1
8698,2017-W16,Acute Viral Hepatitis A,4
8699,2017-W16,Acute Viral Hepatitis E,0
8700,2017-W16,Poliomyelitis,0
8701,2017-W16,Plague,0
8702,2017-W16,Yellow Fever,0
8703,2017-W16,Dengue Fever,51
8704,2017-W16,Dengue Haemorrhagic Fever,0
8705,2017-W16,Malaria,2
8706,2017-W16,Chikungunya,0
8707,2017-W16,HFMD,762
8708,2017-W16,Diphtheria,0
8709,2017-W16,Measles,2
8710,2017-W16,Mumps,12
8711,2017-W16,Rubella,0
8712,2017-W16,SARS,0
8713,2017-W16,Nipah,0
8714,2017-W16,Acute Viral hepatitis B,0
8715,2017-W16,Encephalitis,0
8716,2017-W16,Legionellosis,0
8717,2017-W16,Campylobacter enteritis,8
8718,2017-W16,Acute Viral hepatitis C,1
8719,2017-W16,Leptospirosis,2
8720,2017-W16,Melioidosis,2
8721,2017-W16,Meningococcal Infection,0
8722,2017-W16,Pertussis,0
8723,2017-W16,Pneumococcal Disease (invasive),2
8724,2017-W16,Haemophilus influenzae type b,0
8725,2017-W16,Salmonellosis(non-enteric fevers),31
8726,2017-W16,Avian Influenza,0
8727,2017-W16,Zika,5
8728,2017-W16,Ebola Virus Disease,0
8729,2017-W16,Japanese Encephalitis,0
8730,2017-W16,Tetanus,0
8731,2017-W16,Botulism,0
8732,2017-W16,Murine Typhus,0
8733,2017-W17,Cholera,0
8734,2017-W17,Paratyphoid,0
8735,2017-W17,Typhoid,1
8736,2017-W17,Acute Viral Hepatitis A,4
8737,2017-W17,Acute Viral Hepatitis E,2
8738,2017-W17,Poliomyelitis,0
8739,2017-W17,Plague,0
8740,2017-W17,Yellow Fever,0
8741,2017-W17,Dengue Fever,37
8742,2017-W17,Dengue Haemorrhagic Fever,0
8743,2017-W17,Malaria,0
8744,2017-W17,Chikungunya,0
8745,2017-W17,HFMD,752
8746,2017-W17,Diphtheria,0
8747,2017-W17,Measles,0
8748,2017-W17,Mumps,7
8749,2017-W17,Rubella,1
8750,2017-W17,SARS,0
8751,2017-W17,Nipah,0
8752,2017-W17,Acute Viral hepatitis B,0
8753,2017-W17,Encephalitis,0
8754,2017-W17,Legionellosis,0
8755,2017-W17,Campylobacter enteritis,11
8756,2017-W17,Acute Viral hepatitis C,0
8757,2017-W17,Leptospirosis,1
8758,2017-W17,Melioidosis,0
8759,2017-W17,Meningococcal Infection,0
8760,2017-W17,Pertussis,0
8761,2017-W17,Pneumococcal Disease (invasive),0
8762,2017-W17,Haemophilus influenzae type b,0
8763,2017-W17,Salmonellosis(non-enteric fevers),32
8764,2017-W17,Avian Influenza,0
8765,2017-W17,Zika,7
8766,2017-W17,Ebola Virus Disease,0
8767,2017-W17,Japanese Encephalitis,0
8768,2017-W17,Tetanus,0
8769,2017-W17,Botulism,0
8770,2017-W17,Murine Typhus,0
8771,2017-W18,Cholera,0
8772,2017-W18,Paratyphoid,1
8773,2017-W18,Typhoid,1
8774,2017-W18,Acute Viral Hepatitis A,2
8775,2017-W18,Acute Viral Hepatitis E,0
8776,2017-W18,Poliomyelitis,0
8777,2017-W18,Plague,0
8778,2017-W18,Yellow Fever,0
8779,2017-W18,Dengue Fever,42
8780,2017-W18,Dengue Haemorrhagic Fever,0
8781,2017-W18,Malaria,2
8782,2017-W18,Chikungunya,0
8783,2017-W18,HFMD,755
8784,2017-W18,Diphtheria,0
8785,2017-W18,Measles,0
8786,2017-W18,Mumps,13
8787,2017-W18,Rubella,1
8788,2017-W18,SARS,0
8789,2017-W18,Nipah,0
8790,2017-W18,Acute Viral hepatitis B,0
8791,2017-W18,Encephalitis,0
8792,2017-W18,Legionellosis,1
8793,2017-W18,Campylobacter enteritis,6
8794,2017-W18,Acute Viral hepatitis C,0
8795,2017-W18,Leptospirosis,0
8796,2017-W18,Melioidosis,1
8797,2017-W18,Meningococcal Infection,0
8798,2017-W18,Pertussis,1
8799,2017-W18,Pneumococcal Disease (invasive),1
8800,2017-W18,Haemophilus influenzae type b,0
8801,2017-W18,Salmonellosis(non-enteric fevers),43
8802,2017-W18,Avian Influenza,0
8803,2017-W18,Zika,3
8804,2017-W18,Ebola Virus Disease,0
8805,2017-W18,Japanese Encephalitis,0
8806,2017-W18,Tetanus,0
8807,2017-W18,Botulism,0
8808,2017-W18,Murine Typhus,0
8809,2017-W19,Cholera,0
8810,2017-W19,Paratyphoid,1
8811,2017-W19,Typhoid,0
8812,2017-W19,Acute Viral Hepatitis A,1
8813,2017-W19,Acute Viral Hepatitis E,0
8814,2017-W19,Poliomyelitis,0
8815,2017-W19,Plague,0
8816,2017-W19,Yellow Fever,0
8817,2017-W19,Dengue Fever,48
8818,2017-W19,Dengue Haemorrhagic Fever,0
8819,2017-W19,Malaria,0
8820,2017-W19,Chikungunya,0
8821,2017-W19,HFMD,732
8822,2017-W19,Diphtheria,0
8823,2017-W19,Measles,0
8824,2017-W19,Mumps,8
8825,2017-W19,Rubella,1
8826,2017-W19,SARS,0
8827,2017-W19,Nipah,0
8828,2017-W19,Acute Viral hepatitis B,1
8829,2017-W19,Encephalitis,0
8830,2017-W19,Legionellosis,1
8831,2017-W19,Campylobacter enteritis,9
8832,2017-W19,Acute Viral hepatitis C,0
8833,2017-W19,Leptospirosis,1
8834,2017-W19,Melioidosis,2
8835,2017-W19,Meningococcal Infection,0
8836,2017-W19,Pertussis,0
8837,2017-W19,Pneumococcal Disease (invasive),4
8838,2017-W19,Haemophilus influenzae type b,0
8839,2017-W19,Salmonellosis(non-enteric fevers),38
8840,2017-W19,Avian Influenza,0
8841,2017-W19,Zika,1
8842,2017-W19,Ebola Virus Disease,0
8843,2017-W19,Japanese Encephalitis,0
8844,2017-W19,Tetanus,0
8845,2017-W19,Botulism,0
8846,2017-W19,Murine Typhus,0
8847,2017-W20,Cholera,0
8848,2017-W20,Paratyphoid,0
8849,2017-W20,Typhoid,0
8850,2017-W20,Acute Viral Hepatitis A,2
8851,2017-W20,Acute Viral Hepatitis E,2
8852,2017-W20,Poliomyelitis,0
8853,2017-W20,Plague,0
8854,2017-W20,Yellow Fever,0
8855,2017-W20,Dengue Fever,48
8856,2017-W20,Dengue Haemorrhagic Fever,2
8857,2017-W20,Malaria,0
8858,2017-W20,Chikungunya,1
8859,2017-W20,HFMD,793
8860,2017-W20,Diphtheria,0
8861,2017-W20,Measles,2
8862,2017-W20,Mumps,7
8863,2017-W20,Rubella,0
8864,2017-W20,SARS,0
8865,2017-W20,Nipah,0
8866,2017-W20,Acute Viral hepatitis B,1
8867,2017-W20,Encephalitis,0
8868,2017-W20,Legionellosis,1
8869,2017-W20,Campylobacter enteritis,10
8870,2017-W20,Acute Viral hepatitis C,0
8871,2017-W20,Leptospirosis,1
8872,2017-W20,Melioidosis,1
8873,2017-W20,Meningococcal Infection,0
8874,2017-W20,Pertussis,0
8875,2017-W20,Pneumococcal Disease (invasive),3
8876,2017-W20,Haemophilus influenzae type b,0
8877,2017-W20,Salmonellosis(non-enteric fevers),40
8878,2017-W20,Avian Influenza,0
8879,2017-W20,Zika,1
8880,2017-W20,Ebola Virus Disease,0
8881,2017-W20,Japanese Encephalitis,0
8882,2017-W20,Tetanus,0
8883,2017-W20,Botulism,0
8884,2017-W20,Murine Typhus,0
8885,2017-W21,Cholera,0
8886,2017-W21,Paratyphoid,1
8887,2017-W21,Typhoid,0
8888,2017-W21,Acute Viral Hepatitis A,1
8889,2017-W21,Acute Viral Hepatitis E,0
8890,2017-W21,Poliomyelitis,0
8891,2017-W21,Plague,0
8892,2017-W21,Yellow Fever,0
8893,2017-W21,Dengue Fever,50
8894,2017-W21,Dengue Haemorrhagic Fever,0
8895,2017-W21,Malaria,2
8896,2017-W21,Chikungunya,0
8897,2017-W21,HFMD,789
8898,2017-W21,Diphtheria,0
8899,2017-W21,Measles,2
8900,2017-W21,Mumps,10
8901,2017-W21,Rubella,1
8902,2017-W21,SARS,0
8903,2017-W21,Nipah,0
8904,2017-W21,Acute Viral hepatitis B,0
8905,2017-W21,Encephalitis,0
8906,2017-W21,Legionellosis,0
8907,2017-W21,Campylobacter enteritis,9
8908,2017-W21,Acute Viral hepatitis C,0
8909,2017-W21,Leptospirosis,2
8910,2017-W21,Melioidosis,0
8911,2017-W21,Meningococcal Infection,0
8912,2017-W21,Pertussis,0
8913,2017-W21,Pneumococcal Disease (invasive),6
8914,2017-W21,Haemophilus influenzae type b,0
8915,2017-W21,Salmonellosis(non-enteric fevers),44
8916,2017-W21,Avian Influenza,0
8917,2017-W21,Zika,4
8918,2017-W21,Ebola Virus Disease,0
8919,2017-W21,Japanese Encephalitis,0
8920,2017-W21,Tetanus,0
8921,2017-W21,Botulism,0
8922,2017-W21,Murine Typhus,0
8923,2017-W22,Cholera,1
8924,2017-W22,Paratyphoid,0
8925,2017-W22,Typhoid,2
8926,2017-W22,Acute Viral Hepatitis A,3
8927,2017-W22,Acute Viral Hepatitis E,1
8928,2017-W22,Poliomyelitis,0
8929,2017-W22,Plague,0
8930,2017-W22,Yellow Fever,0
8931,2017-W22,Dengue Fever,66
8932,2017-W22,Dengue Haemorrhagic Fever,0
8933,2017-W22,Malaria,0
8934,2017-W22,Chikungunya,0
8935,2017-W22,HFMD,713
8936,2017-W22,Diphtheria,0
8937,2017-W22,Measles,0
8938,2017-W22,Mumps,8
8939,2017-W22,Rubella,0
8940,2017-W22,SARS,0
8941,2017-W22,Nipah,0
8942,2017-W22,Acute Viral hepatitis B,0
8943,2017-W22,Encephalitis,0
8944,2017-W22,Legionellosis,1
8945,2017-W22,Campylobacter enteritis,7
8946,2017-W22,Acute Viral hepatitis C,0
8947,2017-W22,Leptospirosis,3
8948,2017-W22,Melioidosis,2
8949,2017-W22,Meningococcal Infection,0
8950,2017-W22,Pertussis,1
8951,2017-W22,Pneumococcal Disease (invasive),10
8952,2017-W22,Haemophilus influenzae type b,1
8953,2017-W22,Salmonellosis(non-enteric fevers),65
8954,2017-W22,Avian Influenza,0
8955,2017-W22,Zika,3
8956,2017-W22,Ebola Virus Disease,0
8957,2017-W22,Japanese Encephalitis,0
8958,2017-W22,Tetanus,0
8959,2017-W22,Botulism,0
8960,2017-W22,Murine Typhus,0
8961,2017-W23,Cholera,0
8962,2017-W23,Paratyphoid,0
8963,2017-W23,Typhoid,0
8964,2017-W23,Acute Viral Hepatitis A,1
8965,2017-W23,Acute Viral Hepatitis E,1
8966,2017-W23,Poliomyelitis,0
8967,2017-W23,Plague,0
8968,2017-W23,Yellow Fever,0
8969,2017-W23,Dengue Fever,62
8970,2017-W23,Dengue Haemorrhagic Fever,0
8971,2017-W23,Malaria,0
8972,2017-W23,Chikungunya,2
8973,2017-W23,HFMD,607
8974,2017-W23,Diphtheria,0
8975,2017-W23,Measles,2
8976,2017-W23,Mumps,9
8977,2017-W23,Rubella,0
8978,2017-W23,SARS,0
8979,2017-W23,Nipah,0
8980,2017-W23,Acute Viral hepatitis B,0
8981,2017-W23,Encephalitis,0
8982,2017-W23,Legionellosis,0
8983,2017-W23,Campylobacter enteritis,9
8984,2017-W23,Acute Viral hepatitis C,1
8985,2017-W23,Leptospirosis,2
8986,2017-W23,Melioidosis,1
8987,2017-W23,Meningococcal Infection,0
8988,2017-W23,Pertussis,3
8989,2017-W23,Pneumococcal Disease (invasive),3
8990,2017-W23,Haemophilus influenzae type b,0
8991,2017-W23,Salmonellosis(non-enteric fevers),36
8992,2017-W23,Avian Influenza,0
8993,2017-W23,Zika,1
8994,2017-W23,Ebola Virus Disease,0
8995,2017-W23,Japanese Encephalitis,0
8996,2017-W23,Tetanus,0
8997,2017-W23,Botulism,0
8998,2017-W23,Murine Typhus,0
8999,2017-W24,Cholera,0
9000,2017-W24,Paratyphoid,0
9001,2017-W24,Typhoid,2
9002,2017-W24,Acute Viral Hepatitis A,1
9003,2017-W24,Acute Viral Hepatitis E,0
9004,2017-W24,Poliomyelitis,0
9005,2017-W24,Plague,0
9006,2017-W24,Yellow Fever,0
9007,2017-W24,Dengue Fever,79
9008,2017-W24,Dengue Haemorrhagic Fever,1
9009,2017-W24,Malaria,0
9010,2017-W24,Chikungunya,1
9011,2017-W24,HFMD,520
9012,2017-W24,Diphtheria,0
9013,2017-W24,Measles,3
9014,2017-W24,Mumps,8
9015,2017-W24,Rubella,0
9016,2017-W24,SARS,0
9017,2017-W24,Nipah,0
9018,2017-W24,Acute Viral hepatitis B,1
9019,2017-W24,Encephalitis,0
9020,2017-W24,Legionellosis,0
9021,2017-W24,Campylobacter enteritis,4
9022,2017-W24,Acute Viral hepatitis C,0
9023,2017-W24,Leptospirosis,1
9024,2017-W24,Melioidosis,0
9025,2017-W24,Meningococcal Infection,0
9026,2017-W24,Pertussis,0
9027,2017-W24,Pneumococcal Disease (invasive),3
9028,2017-W24,Haemophilus influenzae type b,0
9029,2017-W24,Salmonellosis(non-enteric fevers),49
9030,2017-W24,Avian Influenza,0
9031,2017-W24,Zika,1
9032,2017-W24,Ebola Virus Disease,0
9033,2017-W24,Japanese Encephalitis,0
9034,2017-W24,Tetanus,0
9035,2017-W24,Botulism,0
9036,2017-W24,Murine Typhus,0
9037,2017-W25,Cholera,0
9038,2017-W25,Paratyphoid,1
9039,2017-W25,Typhoid,1
9040,2017-W25,Acute Viral Hepatitis A,0
9041,2017-W25,Acute Viral Hepatitis E,2
9042,2017-W25,Poliomyelitis,0
9043,2017-W25,Plague,0
9044,2017-W25,Yellow Fever,0
9045,2017-W25,Dengue Fever,73
9046,2017-W25,Dengue Haemorrhagic Fever,0
9047,2017-W25,Malaria,1
9048,2017-W25,Chikungunya,2
9049,2017-W25,HFMD,554
9050,2017-W25,Diphtheria,0
9051,2017-W25,Measles,1
9052,2017-W25,Mumps,10
9053,2017-W25,Rubella,0
9054,2017-W25,SARS,0
9055,2017-W25,Nipah,0
9056,2017-W25,Acute Viral hepatitis B,0
9057,2017-W25,Encephalitis,0
9058,2017-W25,Legionellosis,1
9059,2017-W25,Campylobacter enteritis,5
9060,2017-W25,Acute Viral hepatitis C,0
9061,2017-W25,Leptospirosis,0
9062,2017-W25,Melioidosis,0
9063,2017-W25,Meningococcal Infection,0
9064,2017-W25,Pertussis,0
9065,2017-W25,Pneumococcal Disease (invasive),2
9066,2017-W25,Haemophilus influenzae type b,0
9067,2017-W25,Salmonellosis(non-enteric fevers),33
9068,2017-W25,Avian Influenza,0
9069,2017-W25,Zika,2
9070,2017-W25,Ebola Virus Disease,0
9071,2017-W25,Japanese Encephalitis,0
9072,2017-W25,Tetanus,0
9073,2017-W25,Botulism,0
9074,2017-W25,Murine Typhus,0
9075,2017-W26,Cholera,0
9076,2017-W26,Paratyphoid,0
9077,2017-W26,Typhoid,1
9078,2017-W26,Acute Viral Hepatitis A,2
9079,2017-W26,Acute Viral Hepatitis E,1
9080,2017-W26,Poliomyelitis,0
9081,2017-W26,Plague,0
9082,2017-W26,Yellow Fever,0
9083,2017-W26,Dengue Fever,75
9084,2017-W26,Dengue Haemorrhagic Fever,0
9085,2017-W26,Malaria,1
9086,2017-W26,Chikungunya,2
9087,2017-W26,HFMD,436
9088,2017-W26,Diphtheria,0
9089,2017-W26,Measles,2
9090,2017-W26,Mumps,12
9091,2017-W26,Rubella,1
9092,2017-W26,SARS,0
9093,2017-W26,Nipah,0
9094,2017-W26,Acute Viral hepatitis B,1
9095,2017-W26,Encephalitis,0
9096,2017-W26,Legionellosis,1
9097,2017-W26,Campylobacter enteritis,13
9098,2017-W26,Acute Viral hepatitis C,1
9099,2017-W26,Leptospirosis,0
9100,2017-W26,Melioidosis,4
9101,2017-W26,Meningococcal Infection,0
9102,2017-W26,Pertussis,1
9103,2017-W26,Pneumococcal Disease (invasive),2
9104,2017-W26,Haemophilus influenzae type b,0
9105,2017-W26,Salmonellosis(non-enteric fevers),28
9106,2017-W26,Avian Influenza,0
9107,2017-W26,Zika,1
9108,2017-W26,Ebola Virus Disease,0
9109,2017-W26,Japanese Encephalitis,0
9110,2017-W26,Tetanus,0
9111,2017-W26,Botulism,0
9112,2017-W26,Murine Typhus,0
9113,2017-W27,Cholera,0
9114,2017-W27,Paratyphoid,1
9115,2017-W27,Typhoid,1
9116,2017-W27,Acute Viral Hepatitis A,0
9117,2017-W27,Acute Viral Hepatitis E,2
9118,2017-W27,Poliomyelitis,0
9119,2017-W27,Plague,0
9120,2017-W27,Yellow Fever,0
9121,2017-W27,Dengue Fever,63
9122,2017-W27,Dengue Haemorrhagic Fever,0
9123,2017-W27,Malaria,3
9124,2017-W27,Chikungunya,1
9125,2017-W27,HFMD,572
9126,2017-W27,Diphtheria,0
9127,2017-W27,Measles,1
9128,2017-W27,Mumps,9
9129,2017-W27,Rubella,0
9130,2017-W27,SARS,0
9131,2017-W27,Nipah,0
9132,2017-W27,Acute Viral hepatitis B,1
9133,2017-W27,Encephalitis,0
9134,2017-W27,Legionellosis,1
9135,2017-W27,Campylobacter enteritis,16
9136,2017-W27,Acute Viral hepatitis C,0
9137,2017-W27,Leptospirosis,2
9138,2017-W27,Melioidosis,1
9139,2017-W27,Meningococcal Infection,0
9140,2017-W27,Pertussis,1
9141,2017-W27,Pneumococcal Disease (invasive),4
9142,2017-W27,Haemophilus influenzae type b,0
9143,2017-W27,Salmonellosis(non-enteric fevers),41
9144,2017-W27,Avian Influenza,0
9145,2017-W27,Zika,0
9146,2017-W27,Ebola Virus Disease,0
9147,2017-W27,Japanese Encephalitis,0
9148,2017-W27,Tetanus,0
9149,2017-W27,Botulism,0
9150,2017-W27,Murine Typhus,0
9151,2017-W28,Cholera,0
9152,2017-W28,Paratyphoid,1
9153,2017-W28,Typhoid,1
9154,2017-W28,Acute Viral Hepatitis A,1
9155,2017-W28,Acute Viral Hepatitis E,3
9156,2017-W28,Poliomyelitis,0
9157,2017-W28,Plague,0
9158,2017-W28,Yellow Fever,0
9159,2017-W28,Dengue Fever,53
9160,2017-W28,Dengue Haemorrhagic Fever,0
9161,2017-W28,Malaria,0
9162,2017-W28,Chikungunya,1
9163,2017-W28,HFMD,661
9164,2017-W28,Diphtheria,0
9165,2017-W28,Measles,0
9166,2017-W28,Mumps,6
9167,2017-W28,Rubella,0
9168,2017-W28,SARS,0
9169,2017-W28,Nipah,0
9170,2017-W28,Acute Viral hepatitis B,2
9171,2017-W28,Encephalitis,0
9172,2017-W28,Legionellosis,0
9173,2017-W28,Campylobacter enteritis,8
9174,2017-W28,Acute Viral hepatitis C,1
9175,2017-W28,Leptospirosis,0
9176,2017-W28,Melioidosis,0
9177,2017-W28,Meningococcal Infection,0
9178,2017-W28,Pertussis,2
9179,2017-W28,Pneumococcal Disease (invasive),4
9180,2017-W28,Haemophilus influenzae type b,0
9181,2017-W28,Salmonellosis(non-enteric fevers),31
9182,2017-W28,Avian Influenza,0
9183,2017-W28,Zika,1
9184,2017-W28,Ebola Virus Disease,0
9185,2017-W28,Japanese Encephalitis,0
9186,2017-W28,Tetanus,0
9187,2017-W28,Botulism,0
9188,2017-W28,Murine Typhus,0
9189,2017-W29,Cholera,0
9190,2017-W29,Paratyphoid,1
9191,2017-W29,Typhoid,1
9192,2017-W29,Acute Viral Hepatitis A,2
9193,2017-W29,Acute Viral Hepatitis E,0
9194,2017-W29,Poliomyelitis,0
9195,2017-W29,Plague,0
9196,2017-W29,Yellow Fever,0
9197,2017-W29,Dengue Fever,51
9198,2017-W29,Dengue Haemorrhagic Fever,0
9199,2017-W29,Malaria,0
9200,2017-W29,Chikungunya,0
9201,2017-W29,HFMD,692
9202,2017-W29,Diphtheria,0
9203,2017-W29,Measles,1
9204,2017-W29,Mumps,9
9205,2017-W29,Rubella,0
9206,2017-W29,SARS,0
9207,2017-W29,Nipah,0
9208,2017-W29,Acute Viral hepatitis B,1
9209,2017-W29,Encephalitis,0
9210,2017-W29,Legionellosis,0
9211,2017-W29,Campylobacter enteritis,9
9212,2017-W29,Acute Viral hepatitis C,2
9213,2017-W29,Leptospirosis,1
9214,2017-W29,Melioidosis,1
9215,2017-W29,Meningococcal Infection,0
9216,2017-W29,Pertussis,1
9217,2017-W29,Pneumococcal Disease (invasive),2
9218,2017-W29,Haemophilus influenzae type b,0
9219,2017-W29,Salmonellosis(non-enteric fevers),30
9220,2017-W29,Avian Influenza,0
9221,2017-W29,Zika,0
9222,2017-W29,Ebola Virus Disease,0
9223,2017-W29,Japanese Encephalitis,0
9224,2017-W29,Tetanus,0
9225,2017-W29,Botulism,0
9226,2017-W29,Murine Typhus,0
9227,2017-W30,Cholera,0
9228,2017-W30,Paratyphoid,1
9229,2017-W30,Typhoid,0
9230,2017-W30,Acute Viral Hepatitis A,2
9231,2017-W30,Acute Viral Hepatitis E,4
9232,2017-W30,Poliomyelitis,0
9233,2017-W30,Plague,0
9234,2017-W30,Yellow Fever,0
9235,2017-W30,Dengue Fever,66
9236,2017-W30,Dengue Haemorrhagic Fever,1
9237,2017-W30,Malaria,1
9238,2017-W30,Chikungunya,0
9239,2017-W30,HFMD,803
9240,2017-W30,Diphtheria,0
9241,2017-W30,Measles,0
9242,2017-W30,Mumps,15
9243,2017-W30,Rubella,0
9244,2017-W30,SARS,0
9245,2017-W30,Nipah,0
9246,2017-W30,Acute Viral hepatitis B,0
9247,2017-W30,Encephalitis,0
9248,2017-W30,Legionellosis,0
9249,2017-W30,Campylobacter enteritis,15
9250,2017-W30,Acute Viral hepatitis C,0
9251,2017-W30,Leptospirosis,1
9252,2017-W30,Melioidosis,0
9253,2017-W30,Meningococcal Infection,0
9254,2017-W30,Pertussis,1
9255,2017-W30,Pneumococcal Disease (invasive),8
9256,2017-W30,Haemophilus influenzae type b,0
9257,2017-W30,Salmonellosis(non-enteric fevers),45
9258,2017-W30,Avian Influenza,0
9259,2017-W30,Zika,6
9260,2017-W30,Ebola Virus Disease,0
9261,2017-W30,Japanese Encephalitis,0
9262,2017-W30,Tetanus,0
9263,2017-W30,Botulism,0
9264,2017-W30,Murine Typhus,0
9265,2017-W31,Cholera,0
9266,2017-W31,Paratyphoid,0
9267,2017-W31,Typhoid,0
9268,2017-W31,Acute Viral Hepatitis A,2
9269,2017-W31,Acute Viral Hepatitis E,4
9270,2017-W31,Poliomyelitis,0
9271,2017-W31,Plague,0
9272,2017-W31,Yellow Fever,0
9273,2017-W31,Dengue Fever,60
9274,2017-W31,Dengue Haemorrhagic Fever,0
9275,2017-W31,Malaria,1
9276,2017-W31,Chikungunya,1
9277,2017-W31,HFMD,872
9278,2017-W31,Diphtheria,1
9279,2017-W31,Measles,0
9280,2017-W31,Mumps,7
9281,2017-W31,Rubella,0
9282,2017-W31,SARS,0
9283,2017-W31,Nipah,0
9284,2017-W31,Acute Viral hepatitis B,0
9285,2017-W31,Encephalitis,0
9286,2017-W31,Legionellosis,0
9287,2017-W31,Campylobacter enteritis,13
9288,2017-W31,Acute Viral hepatitis C,0
9289,2017-W31,Leptospirosis,0
9290,2017-W31,Melioidosis,0
9291,2017-W31,Meningococcal Infection,0
9292,2017-W31,Pertussis,1
9293,2017-W31,Pneumococcal Disease (invasive),2
9294,2017-W31,Haemophilus influenzae type b,0
9295,2017-W31,Salmonellosis(non-enteric fevers),40
9296,2017-W31,Avian Influenza,0
9297,2017-W31,Zika,6
9298,2017-W31,Ebola Virus Disease,0
9299,2017-W31,Japanese Encephalitis,0
9300,2017-W31,Tetanus,0
9301,2017-W31,Botulism,0
9302,2017-W31,Murine Typhus,0
9303,2017-W32,Cholera,0
9304,2017-W32,Paratyphoid,0
9305,2017-W32,Typhoid,3
9306,2017-W32,Acute Viral Hepatitis A,2
9307,2017-W32,Acute Viral Hepatitis E,0
9308,2017-W32,Poliomyelitis,0
9309,2017-W32,Plague,0
9310,2017-W32,Yellow Fever,0
9311,2017-W32,Dengue Fever,56
9312,2017-W32,Dengue Haemorrhagic Fever,0
9313,2017-W32,Malaria,1
9314,2017-W32,Chikungunya,1
9315,2017-W32,HFMD,695
9316,2017-W32,Diphtheria,0
9317,2017-W32,Measles,2
9318,2017-W32,Mumps,15
9319,2017-W32,Rubella,1
9320,2017-W32,SARS,0
9321,2017-W32,Nipah,0
9322,2017-W32,Acute Viral hepatitis B,2
9323,2017-W32,Encephalitis,0
9324,2017-W32,Legionellosis,0
9325,2017-W32,Campylobacter enteritis,9
9326,2017-W32,Acute Viral hepatitis C,0
9327,2017-W32,Leptospirosis,3
9328,2017-W32,Melioidosis,1
9329,2017-W32,Meningococcal Infection,0
9330,2017-W32,Pertussis,2
9331,2017-W32,Pneumococcal Disease (invasive),2
9332,2017-W32,Haemophilus influenzae type b,0
9333,2017-W32,Salmonellosis(non-enteric fevers),46
9334,2017-W32,Avian Influenza,0
9335,2017-W32,Zika,2
9336,2017-W32,Ebola Virus Disease,0
9337,2017-W32,Japanese Encephalitis,0
9338,2017-W32,Tetanus,0
9339,2017-W32,Botulism,0
9340,2017-W32,Murine Typhus,2
9341,2017-W33,Cholera,0
9342,2017-W33,Paratyphoid,0
9343,2017-W33,Typhoid,0
9344,2017-W33,Acute Viral Hepatitis A,2
9345,2017-W33,Acute Viral Hepatitis E,7
9346,2017-W33,Poliomyelitis,0
9347,2017-W33,Plague,0
9348,2017-W33,Yellow Fever,0
9349,2017-W33,Dengue Fever,52
9350,2017-W33,Dengue Haemorrhagic Fever,1
9351,2017-W33,Malaria,1
9352,2017-W33,Chikungunya,2
9353,2017-W33,HFMD,711
9354,2017-W33,Diphtheria,0
9355,2017-W33,Measles,0
9356,2017-W33,Mumps,5
9357,2017-W33,Rubella,2
9358,2017-W33,SARS,0
9359,2017-W33,Nipah,0
9360,2017-W33,Acute Viral hepatitis B,1
9361,2017-W33,Encephalitis,0
9362,2017-W33,Legionellosis,0
9363,2017-W33,Campylobacter enteritis,15
9364,2017-W33,Acute Viral hepatitis C,0
9365,2017-W33,Leptospirosis,2
9366,2017-W33,Melioidosis,0
9367,2017-W33,Meningococcal Infection,0
9368,2017-W33,Pertussis,0
9369,2017-W33,Pneumococcal Disease (invasive),6
9370,2017-W33,Haemophilus influenzae type b,0
9371,2017-W33,Salmonellosis(non-enteric fevers),27
9372,2017-W33,Avian Influenza,0
9373,2017-W33,Zika,2
9374,2017-W33,Ebola Virus Disease,0
9375,2017-W33,Japanese Encephalitis,0
9376,2017-W33,Tetanus,0
9377,2017-W33,Botulism,0
9378,2017-W33,Murine Typhus,0
9379,2017-W34,Cholera,0
9380,2017-W34,Paratyphoid,0
9381,2017-W34,Typhoid,2
9382,2017-W34,Acute Viral Hepatitis A,1
9383,2017-W34,Acute Viral Hepatitis E,1
9384,2017-W34,Poliomyelitis,0
9385,2017-W34,Plague,0
9386,2017-W34,Yellow Fever,0
9387,2017-W34,Dengue Fever,51
9388,2017-W34,Dengue Haemorrhagic Fever,1
9389,2017-W34,Malaria,1
9390,2017-W34,Chikungunya,1
9391,2017-W34,HFMD,840
9392,2017-W34,Diphtheria,0
9393,2017-W34,Measles,0
9394,2017-W34,Mumps,13
9395,2017-W34,Rubella,3
9396,2017-W34,SARS,0
9397,2017-W34,Nipah,0
9398,2017-W34,Acute Viral hepatitis B,1
9399,2017-W34,Encephalitis,0
9400,2017-W34,Legionellosis,0
9401,2017-W34,Campylobacter enteritis,7
9402,2017-W34,Acute Viral hepatitis C,1
9403,2017-W34,Leptospirosis,1
9404,2017-W34,Melioidosis,2
9405,2017-W34,Meningococcal Infection,0
9406,2017-W34,Pertussis,3
9407,2017-W34,Pneumococcal Disease (invasive),4
9408,2017-W34,Haemophilus influenzae type b,0
9409,2017-W34,Salmonellosis(non-enteric fevers),37
9410,2017-W34,Avian Influenza,0
9411,2017-W34,Zika,0
9412,2017-W34,Ebola Virus Disease,0
9413,2017-W34,Japanese Encephalitis,0
9414,2017-W34,Tetanus,0
9415,2017-W34,Botulism,0
9416,2017-W34,Murine Typhus,0
9417,2017-W35,Cholera,0
9418,2017-W35,Paratyphoid,0
9419,2017-W35,Typhoid,1
9420,2017-W35,Acute Viral Hepatitis A,0
9421,2017-W35,Acute Viral Hepatitis E,3
9422,2017-W35,Poliomyelitis,0
9423,2017-W35,Plague,0
9424,2017-W35,Yellow Fever,0
9425,2017-W35,Dengue Fever,33
9426,2017-W35,Dengue Haemorrhagic Fever,0
9427,2017-W35,Malaria,3
9428,2017-W35,Chikungunya,0
9429,2017-W35,HFMD,761
9430,2017-W35,Diphtheria,0
9431,2017-W35,Measles,1
9432,2017-W35,Mumps,12
9433,2017-W35,Rubella,0
9434,2017-W35,SARS,0
9435,2017-W35,Nipah,0
9436,2017-W35,Acute Viral hepatitis B,1
9437,2017-W35,Encephalitis,0
9438,2017-W35,Legionellosis,0
9439,2017-W35,Campylobacter enteritis,13
9440,2017-W35,Acute Viral hepatitis C,0
9441,2017-W35,Leptospirosis,0
9442,2017-W35,Melioidosis,2
9443,2017-W35,Meningococcal Infection,0
9444,2017-W35,Pertussis,5
9445,2017-W35,Pneumococcal Disease (invasive),4
9446,2017-W35,Haemophilus influenzae type b,0
9447,2017-W35,Salmonellosis(non-enteric fevers),39
9448,2017-W35,Avian Influenza,0
9449,2017-W35,Zika,1
9450,2017-W35,Ebola Virus Disease,0
9451,2017-W35,Japanese Encephalitis,0
9452,2017-W35,Tetanus,0
9453,2017-W35,Botulism,0
9454,2017-W35,Murine Typhus,0
9455,2017-W36,Cholera,0
9456,2017-W36,Paratyphoid,0
9457,2017-W36,Typhoid,1
9458,2017-W36,Acute Viral Hepatitis A,2
9459,2017-W36,Acute Viral Hepatitis E,3
9460,2017-W36,Poliomyelitis,0
9461,2017-W36,Plague,0
9462,2017-W36,Yellow Fever,0
9463,2017-W36,Dengue Fever,40
9464,2017-W36,Dengue Haemorrhagic Fever,0
9465,2017-W36,Malaria,1
9466,2017-W36,Chikungunya,1
9467,2017-W36,HFMD,659
9468,2017-W36,Diphtheria,1
9469,2017-W36,Measles,1
9470,2017-W36,Mumps,14
9471,2017-W36,Rubella,1
9472,2017-W36,SARS,0
9473,2017-W36,Nipah,0
9474,2017-W36,Acute Viral hepatitis B,0
9475,2017-W36,Encephalitis,0
9476,2017-W36,Legionellosis,1
9477,2017-W36,Campylobacter enteritis,13
9478,2017-W36,Acute Viral hepatitis C,2
9479,2017-W36,Leptospirosis,2
9480,2017-W36,Melioidosis,1
9481,2017-W36,Meningococcal Infection,1
9482,2017-W36,Pertussis,0
9483,2017-W36,Pneumococcal Disease (invasive),4
9484,2017-W36,Haemophilus influenzae type b,0
9485,2017-W36,Salmonellosis(non-enteric fevers),46
9486,2017-W36,Avian Influenza,0
9487,2017-W36,Zika,0
9488,2017-W36,Ebola Virus Disease,0
9489,2017-W36,Japanese Encephalitis,0
9490,2017-W36,Tetanus,0
9491,2017-W36,Botulism,0
9492,2017-W36,Murine Typhus,0
9493,2017-W37,Cholera,0
9494,2017-W37,Paratyphoid,1
9495,2017-W37,Typhoid,0
9496,2017-W37,Acute Viral Hepatitis A,1
9497,2017-W37,Acute Viral Hepatitis E,2
9498,2017-W37,Poliomyelitis,0
9499,2017-W37,Plague,0
9500,2017-W37,Yellow Fever,0
9501,2017-W37,Dengue Fever,53
9502,2017-W37,Dengue Haemorrhagic Fever,0
9503,2017-W37,Malaria,1
9504,2017-W37,Chikungunya,0
9505,2017-W37,HFMD,717
9506,2017-W37,Diphtheria,0
9507,2017-W37,Measles,1
9508,2017-W37,Mumps,5
9509,2017-W37,Rubella,0
9510,2017-W37,SARS,0
9511,2017-W37,Nipah,0
9512,2017-W37,Acute Viral hepatitis B,1
9513,2017-W37,Encephalitis,0
9514,2017-W37,Legionellosis,1
9515,2017-W37,Campylobacter enteritis,11
9516,2017-W37,Acute Viral hepatitis C,0
9517,2017-W37,Leptospirosis,0
9518,2017-W37,Melioidosis,1
9519,2017-W37,Meningococcal Infection,0
9520,2017-W37,Pertussis,5
9521,2017-W37,Pneumococcal Disease (invasive),2
9522,2017-W37,Haemophilus influenzae type b,0
9523,2017-W37,Salmonellosis(non-enteric fevers),41
9524,2017-W37,Avian Influenza,0
9525,2017-W37,Zika,0
9526,2017-W37,Ebola Virus Disease,0
9527,2017-W37,Japanese Encephalitis,0
9528,2017-W37,Tetanus,0
9529,2017-W37,Botulism,0
9530,2017-W37,Murine Typhus,0
9531,2017-W38,Cholera,0
9532,2017-W38,Paratyphoid,1
9533,2017-W38,Typhoid,1
9534,2017-W38,Acute Viral Hepatitis A,3
9535,2017-W38,Acute Viral Hepatitis E,4
9536,2017-W38,Poliomyelitis,0
9537,2017-W38,Plague,0
9538,2017-W38,Yellow Fever,0
9539,2017-W38,Dengue Fever,58
9540,2017-W38,Dengue Haemorrhagic Fever,1
9541,2017-W38,Malaria,1
9542,2017-W38,Chikungunya,0
9543,2017-W38,HFMD,708
9544,2017-W38,Diphtheria,0
9545,2017-W38,Measles,2
9546,2017-W38,Mumps,12
9547,2017-W38,Rubella,0
9548,2017-W38,SARS,0
9549,2017-W38,Nipah,0
9550,2017-W38,Acute Viral hepatitis B,1
9551,2017-W38,Encephalitis,0
9552,2017-W38,Legionellosis,0
9553,2017-W38,Campylobacter enteritis,12
9554,2017-W38,Acute Viral hepatitis C,0
9555,2017-W38,Leptospirosis,1
9556,2017-W38,Melioidosis,0
9557,2017-W38,Meningococcal Infection,0
9558,2017-W38,Pertussis,2
9559,2017-W38,Pneumococcal Disease (invasive),1
9560,2017-W38,Haemophilus influenzae type b,0
9561,2017-W38,Salmonellosis(non-enteric fevers),39
9562,2017-W38,Avian Influenza,0
9563,2017-W38,Zika,0
9564,2017-W38,Ebola Virus Disease,0
9565,2017-W38,Japanese Encephalitis,0
9566,2017-W38,Tetanus,0
9567,2017-W38,Botulism,0
9568,2017-W38,Murine Typhus,0
9569,2017-W39,Cholera,0
9570,2017-W39,Paratyphoid,0
9571,2017-W39,Typhoid,0
9572,2017-W39,Acute Viral Hepatitis A,0
9573,2017-W39,Acute Viral Hepatitis E,0
9574,2017-W39,Poliomyelitis,0
9575,2017-W39,Plague,0
9576,2017-W39,Yellow Fever,0
9577,2017-W39,Dengue Fever,39
9578,2017-W39,Dengue Haemorrhagic Fever,0
9579,2017-W39,Malaria,0
9580,2017-W39,Chikungunya,0
9581,2017-W39,HFMD,672
9582,2017-W39,Diphtheria,0
9583,2017-W39,Measles,1
9584,2017-W39,Mumps,14
9585,2017-W39,Rubella,0
9586,2017-W39,SARS,0
9587,2017-W39,Nipah,0
9588,2017-W39,Acute Viral hepatitis B,2
9589,2017-W39,Encephalitis,0
9590,2017-W39,Legionellosis,1
9591,2017-W39,Campylobacter enteritis,17
9592,2017-W39,Acute Viral hepatitis C,0
9593,2017-W39,Leptospirosis,1
9594,2017-W39,Melioidosis,1
9595,2017-W39,Meningococcal Infection,0
9596,2017-W39,Pertussis,1
9597,2017-W39,Pneumococcal Disease (invasive),4
9598,2017-W39,Haemophilus influenzae type b,0
9599,2017-W39,Salmonellosis(non-enteric fevers),27
9600,2017-W39,Avian Influenza,0
9601,2017-W39,Zika,1
9602,2017-W39,Ebola Virus Disease,0
9603,2017-W39,Japanese Encephalitis,0
9604,2017-W39,Tetanus,0
9605,2017-W39,Botulism,0
9606,2017-W39,Murine Typhus,0
9607,2017-W40,Cholera,0
9608,2017-W40,Paratyphoid,0
9609,2017-W40,Typhoid,1
9610,2017-W40,Acute Viral Hepatitis A,0
9611,2017-W40,Acute Viral Hepatitis E,1
9612,2017-W40,Poliomyelitis,0
9613,2017-W40,Plague,0
9614,2017-W40,Yellow Fever,0
9615,2017-W40,Dengue Fever,51
9616,2017-W40,Dengue Haemorrhagic Fever,1
9617,2017-W40,Malaria,1
9618,2017-W40,Chikungunya,1
9619,2017-W40,HFMD,622
9620,2017-W40,Diphtheria,0
9621,2017-W40,Measles,0
9622,2017-W40,Mumps,12
9623,2017-W40,Rubella,0
9624,2017-W40,SARS,0
9625,2017-W40,Nipah,0
9626,2017-W40,Acute Viral hepatitis B,0
9627,2017-W40,Encephalitis,0
9628,2017-W40,Legionellosis,0
9629,2017-W40,Campylobacter enteritis,10
9630,2017-W40,Acute Viral hepatitis C,1
9631,2017-W40,Leptospirosis,1
9632,2017-W40,Melioidosis,2
9633,2017-W40,Meningococcal Infection,0
9634,2017-W40,Pertussis,1
9635,2017-W40,Pneumococcal Disease (invasive),1
9636,2017-W40,Haemophilus influenzae type b,0
9637,2017-W40,Salmonellosis(non-enteric fevers),33
9638,2017-W40,Avian Influenza,0
9639,2017-W40,Zika,0
9640,2017-W40,Ebola Virus Disease,0
9641,2017-W40,Japanese Encephalitis,0
9642,2017-W40,Tetanus,0
9643,2017-W40,Botulism,0
9644,2017-W40,Murine Typhus,0
9645,2017-W41,Cholera,0
9646,2017-W41,Paratyphoid,0
9647,2017-W41,Typhoid,3
9648,2017-W41,Acute Viral Hepatitis A,2
9649,2017-W41,Acute Viral Hepatitis E,0
9650,2017-W41,Poliomyelitis,0
9651,2017-W41,Plague,0
9652,2017-W41,Yellow Fever,0
9653,2017-W41,Dengue Fever,55
9654,2017-W41,Dengue Haemorrhagic Fever,0
9655,2017-W41,Malaria,0
9656,2017-W41,Chikungunya,1
9657,2017-W41,HFMD,721
9658,2017-W41,Diphtheria,0
9659,2017-W41,Measles,0
9660,2017-W41,Mumps,13
9661,2017-W41,Rubella,0
9662,2017-W41,SARS,0
9663,2017-W41,Nipah,0
9664,2017-W41,Acute Viral hepatitis B,2
9665,2017-W41,Encephalitis,0
9666,2017-W41,Legionellosis,1
9667,2017-W41,Campylobacter enteritis,4
9668,2017-W41,Acute Viral hepatitis C,1
9669,2017-W41,Leptospirosis,0
9670,2017-W41,Melioidosis,3
9671,2017-W41,Meningococcal Infection,1
9672,2017-W41,Pertussis,2
9673,2017-W41,Pneumococcal Disease (invasive),1
9674,2017-W41,Haemophilus influenzae type b,0
9675,2017-W41,Salmonellosis(non-enteric fevers),34
9676,2017-W41,Avian Influenza,0
9677,2017-W41,Zika,0
9678,2017-W41,Ebola Virus Disease,0
9679,2017-W41,Japanese Encephalitis,0
9680,2017-W41,Tetanus,0
9681,2017-W41,Botulism,0
9682,2017-W41,Murine Typhus,0
9683,2017-W42,Cholera,1
9684,2017-W42,Paratyphoid,0
9685,2017-W42,Typhoid,1
9686,2017-W42,Acute Viral Hepatitis A,5
9687,2017-W42,Acute Viral Hepatitis E,1
9688,2017-W42,Poliomyelitis,0
9689,2017-W42,Plague,0
9690,2017-W42,Yellow Fever,0
9691,2017-W42,Dengue Fever,62
9692,2017-W42,Dengue Haemorrhagic Fever,1
9693,2017-W42,Malaria,1
9694,2017-W42,Chikungunya,1
9695,2017-W42,HFMD,635
9696,2017-W42,Diphtheria,0
9697,2017-W42,Measles,1
9698,2017-W42,Mumps,9
9699,2017-W42,Rubella,0
9700,2017-W42,SARS,0
9701,2017-W42,Nipah,0
9702,2017-W42,Acute Viral hepatitis B,2
9703,2017-W42,Encephalitis,0
9704,2017-W42,Legionellosis,0
9705,2017-W42,Campylobacter enteritis,5
9706,2017-W42,Acute Viral hepatitis C,0
9707,2017-W42,Leptospirosis,0
9708,2017-W42,Melioidosis,0
9709,2017-W42,Meningococcal Infection,1
9710,2017-W42,Pertussis,2
9711,2017-W42,Pneumococcal Disease (invasive),3
9712,2017-W42,Haemophilus influenzae type b,0
9713,2017-W42,Salmonellosis(non-enteric fevers),38
9714,2017-W42,Avian Influenza,0
9715,2017-W42,Zika,0
9716,2017-W42,Ebola Virus Disease,0
9717,2017-W42,Japanese Encephalitis,0
9718,2017-W42,Tetanus,0
9719,2017-W42,Botulism,0
9720,2017-W42,Murine Typhus,0
9721,2017-W43,Cholera,1
9722,2017-W43,Paratyphoid,0
9723,2017-W43,Typhoid,2
9724,2017-W43,Acute Viral Hepatitis A,1
9725,2017-W43,Acute Viral Hepatitis E,2
9726,2017-W43,Poliomyelitis,0
9727,2017-W43,Plague,0
9728,2017-W43,Yellow Fever,0
9729,2017-W43,Dengue Fever,77
9730,2017-W43,Dengue Haemorrhagic Fever,0
9731,2017-W43,Malaria,1
9732,2017-W43,Chikungunya,0
9733,2017-W43,HFMD,549
9734,2017-W43,Diphtheria,0
9735,2017-W43,Measles,1
9736,2017-W43,Mumps,11
9737,2017-W43,Rubella,0
9738,2017-W43,SARS,0
9739,2017-W43,Nipah,0
9740,2017-W43,Acute Viral hepatitis B,0
9741,2017-W43,Encephalitis,0
9742,2017-W43,Legionellosis,0
9743,2017-W43,Campylobacter enteritis,13
9744,2017-W43,Acute Viral hepatitis C,1
9745,2017-W43,Leptospirosis,2
9746,2017-W43,Melioidosis,1
9747,2017-W43,Meningococcal Infection,0
9748,2017-W43,Pertussis,2
9749,2017-W43,Pneumococcal Disease (invasive),1
9750,2017-W43,Haemophilus influenzae type b,0
9751,2017-W43,Salmonellosis(non-enteric fevers),37
9752,2017-W43,Avian Influenza,0
9753,2017-W43,Zika,0
9754,2017-W43,Ebola Virus Disease,0
9755,2017-W43,Japanese Encephalitis,0
9756,2017-W43,Tetanus,0
9757,2017-W43,Botulism,0
9758,2017-W43,Murine Typhus,0
9759,2017-W44,Cholera,0
9760,2017-W44,Paratyphoid,0
9761,2017-W44,Typhoid,2
9762,2017-W44,Acute Viral Hepatitis A,1
9763,2017-W44,Acute Viral Hepatitis E,3
9764,2017-W44,Poliomyelitis,0
9765,2017-W44,Plague,0
9766,2017-W44,Yellow Fever,0
9767,2017-W44,Dengue Fever,62
9768,2017-W44,Dengue Haemorrhagic Fever,0
9769,2017-W44,Malaria,1
9770,2017-W44,Chikungunya,1
9771,2017-W44,HFMD,553
9772,2017-W44,Diphtheria,0
9773,2017-W44,Measles,1
9774,2017-W44,Mumps,8
9775,2017-W44,Rubella,0
9776,2017-W44,SARS,0
9777,2017-W44,Nipah,0
9778,2017-W44,Acute Viral hepatitis B,0
9779,2017-W44,Encephalitis,0
9780,2017-W44,Legionellosis,0
9781,2017-W44,Campylobacter enteritis,21
9782,2017-W44,Acute Viral hepatitis C,0
9783,2017-W44,Leptospirosis,1
9784,2017-W44,Melioidosis,0
9785,2017-W44,Meningococcal Infection,1
9786,2017-W44,Pertussis,2
9787,2017-W44,Pneumococcal Disease (invasive),4
9788,2017-W44,Haemophilus influenzae type b,0
9789,2017-W44,Salmonellosis(non-enteric fevers),50
9790,2017-W44,Avian Influenza,0
9791,2017-W44,Zika,0
9792,2017-W44,Ebola Virus Disease,0
9793,2017-W44,Japanese Encephalitis,0
9794,2017-W44,Tetanus,0
9795,2017-W44,Botulism,0
9796,2017-W44,Murine Typhus,0
9797,2017-W45,Cholera,0
9798,2017-W45,Paratyphoid,0
9799,2017-W45,Typhoid,1
9800,2017-W45,Acute Viral Hepatitis A,1
9801,2017-W45,Acute Viral Hepatitis E,0
9802,2017-W45,Poliomyelitis,0
9803,2017-W45,Plague,0
9804,2017-W45,Yellow Fever,0
9805,2017-W45,Dengue Fever,44
9806,2017-W45,Dengue Haemorrhagic Fever,0
9807,2017-W45,Malaria,1
9808,2017-W45,Chikungunya,0
9809,2017-W45,HFMD,474
9810,2017-W45,Diphtheria,0
9811,2017-W45,Measles,0
9812,2017-W45,Mumps,11
9813,2017-W45,Rubella,1
9814,2017-W45,SARS,0
9815,2017-W45,Nipah,0
9816,2017-W45,Acute Viral hepatitis B,0
9817,2017-W45,Encephalitis,0
9818,2017-W45,Legionellosis,0
9819,2017-W45,Campylobacter enteritis,10
9820,2017-W45,Acute Viral hepatitis C,0
9821,2017-W45,Leptospirosis,1
9822,2017-W45,Melioidosis,3
9823,2017-W45,Meningococcal Infection,0
9824,2017-W45,Pertussis,3
9825,2017-W45,Pneumococcal Disease (invasive),2
9826,2017-W45,Haemophilus influenzae type b,1
9827,2017-W45,Salmonellosis(non-enteric fevers),35
9828,2017-W45,Avian Influenza,0
9829,2017-W45,Zika,0
9830,2017-W45,Ebola Virus Disease,0
9831,2017-W45,Japanese Encephalitis,0
9832,2017-W45,Tetanus,0
9833,2017-W45,Botulism,1
9834,2017-W45,Murine Typhus,0
9835,2017-W46,Cholera,0
9836,2017-W46,Paratyphoid,0
9837,2017-W46,Typhoid,0
9838,2017-W46,Acute Viral Hepatitis A,1
9839,2017-W46,Acute Viral Hepatitis E,1
9840,2017-W46,Poliomyelitis,0
9841,2017-W46,Plague,0
9842,2017-W46,Yellow Fever,0
9843,2017-W46,Dengue Fever,50
9844,2017-W46,Dengue Haemorrhagic Fever,0
9845,2017-W46,Malaria,1
9846,2017-W46,Chikungunya,1
9847,2017-W46,HFMD,550
9848,2017-W46,Diphtheria,0
9849,2017-W46,Measles,1
9850,2017-W46,Mumps,6
9851,2017-W46,Rubella,0
9852,2017-W46,SARS,0
9853,2017-W46,Nipah,0
9854,2017-W46,Acute Viral hepatitis B,0
9855,2017-W46,Encephalitis,0
9856,2017-W46,Legionellosis,1
9857,2017-W46,Campylobacter enteritis,9
9858,2017-W46,Acute Viral hepatitis C,0
9859,2017-W46,Leptospirosis,1
9860,2017-W46,Melioidosis,2
9861,2017-W46,Meningococcal Infection,0
9862,2017-W46,Pertussis,2
9863,2017-W46,Pneumococcal Disease (invasive),1
9864,2017-W46,Haemophilus influenzae type b,0
9865,2017-W46,Salmonellosis(non-enteric fevers),33
9866,2017-W46,Avian Influenza,0
9867,2017-W46,Zika,1
9868,2017-W46,Ebola Virus Disease,0
9869,2017-W46,Japanese Encephalitis,0
9870,2017-W46,Tetanus,0
9871,2017-W46,Botulism,0
9872,2017-W46,Murine Typhus,0
9873,2017-W47,Cholera,0
9874,2017-W47,Paratyphoid,0
9875,2017-W47,Typhoid,1
9876,2017-W47,Acute Viral Hepatitis A,0
9877,2017-W47,Acute Viral Hepatitis E,2
9878,2017-W47,Poliomyelitis,0
9879,2017-W47,Plague,0
9880,2017-W47,Yellow Fever,0
9881,2017-W47,Dengue Fever,24
9882,2017-W47,Dengue Haemorrhagic Fever,0
9883,2017-W47,Malaria,1
9884,2017-W47,Chikungunya,0
9885,2017-W47,HFMD,481
9886,2017-W47,Diphtheria,0
9887,2017-W47,Measles,0
9888,2017-W47,Mumps,8
9889,2017-W47,Rubella,0
9890,2017-W47,SARS,0
9891,2017-W47,Nipah,0
9892,2017-W47,Acute Viral hepatitis B,0
9893,2017-W47,Encephalitis,0
9894,2017-W47,Legionellosis,0
9895,2017-W47,Campylobacter enteritis,15
9896,2017-W47,Acute Viral hepatitis C,1
9897,2017-W47,Leptospirosis,0
9898,2017-W47,Melioidosis,1
9899,2017-W47,Meningococcal Infection,1
9900,2017-W47,Pertussis,1
9901,2017-W47,Pneumococcal Disease (invasive),5
9902,2017-W47,Haemophilus influenzae type b,0
9903,2017-W47,Salmonellosis(non-enteric fevers),27
9904,2017-W47,Avian Influenza,0
9905,2017-W47,Zika,0
9906,2017-W47,Ebola Virus Disease,0
9907,2017-W47,Japanese Encephalitis,0
9908,2017-W47,Tetanus,0
9909,2017-W47,Botulism,0
9910,2017-W47,Murine Typhus,0
9911,2017-W48,Cholera,0
9912,2017-W48,Paratyphoid,0
9913,2017-W48,Typhoid,3
9914,2017-W48,Acute Viral Hepatitis A,3
9915,2017-W48,Acute Viral Hepatitis E,1
9916,2017-W48,Poliomyelitis,0
9917,2017-W48,Plague,0
9918,2017-W48,Yellow Fever,0
9919,2017-W48,Dengue Fever,37
9920,2017-W48,Dengue Haemorrhagic Fever,1
9921,2017-W48,Malaria,2
9922,2017-W48,Chikungunya,3
9923,2017-W48,HFMD,463
9924,2017-W48,Diphtheria,0
9925,2017-W48,Measles,0
9926,2017-W48,Mumps,9
9927,2017-W48,Rubella,0
9928,2017-W48,SARS,0
9929,2017-W48,Nipah,0
9930,2017-W48,Acute Viral hepatitis B,4
9931,2017-W48,Encephalitis,0
9932,2017-W48,Legionellosis,0
9933,2017-W48,Campylobacter enteritis,11
9934,2017-W48,Acute Viral hepatitis C,1
9935,2017-W48,Leptospirosis,2
9936,2017-W48,Melioidosis,0
9937,2017-W48,Meningococcal Infection,1
9938,2017-W48,Pertussis,4
9939,2017-W48,Pneumococcal Disease (invasive),2
9940,2017-W48,Haemophilus influenzae type b,0
9941,2017-W48,Salmonellosis(non-enteric fevers),38
9942,2017-W48,Avian Influenza,0
9943,2017-W48,Zika,0
9944,2017-W48,Ebola Virus Disease,0
9945,2017-W48,Japanese Encephalitis,0
9946,2017-W48,Tetanus,0
9947,2017-W48,Botulism,0
9948,2017-W48,Murine Typhus,1
9949,2017-W49,Cholera,0
9950,2017-W49,Paratyphoid,0
9951,2017-W49,Typhoid,1
9952,2017-W49,Acute Viral Hepatitis A,2
9953,2017-W49,Acute Viral Hepatitis E,5
9954,2017-W49,Poliomyelitis,0
9955,2017-W49,Plague,0
9956,2017-W49,Yellow Fever,0
9957,2017-W49,Dengue Fever,33
9958,2017-W49,Dengue Haemorrhagic Fever,1
9959,2017-W49,Malaria,2
9960,2017-W49,Chikungunya,1
9961,2017-W49,HFMD,415
9962,2017-W49,Diphtheria,0
9963,2017-W49,Measles,0
9964,2017-W49,Mumps,11
9965,2017-W49,Rubella,0
9966,2017-W49,SARS,0
9967,2017-W49,Nipah,0
9968,2017-W49,Acute Viral hepatitis B,0
9969,2017-W49,Encephalitis,0
9970,2017-W49,Legionellosis,1
9971,2017-W49,Campylobacter enteritis,12
9972,2017-W49,Acute Viral hepatitis C,0
9973,2017-W49,Leptospirosis,2
9974,2017-W49,Melioidosis,0
9975,2017-W49,Meningococcal Infection,0
9976,2017-W49,Pertussis,1
9977,2017-W49,Pneumococcal Disease (invasive),5
9978,2017-W49,Haemophilus influenzae type b,0
9979,2017-W49,Salmonellosis(non-enteric fevers),36
9980,2017-W49,Avian Influenza,0
9981,2017-W49,Zika,0
9982,2017-W49,Ebola Virus Disease,0
9983,2017-W49,Japanese Encephalitis,0
9984,2017-W49,Tetanus,0
9985,2017-W49,Botulism,0
9986,2017-W49,Murine Typhus,0
9987,2017-W50,Cholera,0
9988,2017-W50,Paratyphoid,0
9989,2017-W50,Typhoid,1
9990,2017-W50,Acute Viral Hepatitis A,1
9991,2017-W50,Acute Viral Hepatitis E,0
9992,2017-W50,Poliomyelitis,0
9993,2017-W50,Plague,0
9994,2017-W50,Yellow Fever,0
9995,2017-W50,Dengue Fever,40
9996,2017-W50,Dengue Haemorrhagic Fever,0
9997,2017-W50,Malaria,0
9998,2017-W50,Chikungunya,0
9999,2017-W50,HFMD,460
10000,2017-W50,Diphtheria,0
10001,2017-W50,Measles,2
10002,2017-W50,Mumps,6
10003,2017-W50,Rubella,0
10004,2017-W50,SARS,0
10005,2017-W50,Nipah,0
10006,2017-W50,Acute Viral hepatitis B,0
10007,2017-W50,Encephalitis,0
10008,2017-W50,Legionellosis,0
10009,2017-W50,Campylobacter enteritis,11
10010,2017-W50,Acute Viral hepatitis C,2
10011,2017-W50,Leptospirosis,0
10012,2017-W50,Melioidosis,2
10013,2017-W50,Meningococcal Infection,0
10014,2017-W50,Pertussis,3
10015,2017-W50,Pneumococcal Disease (invasive),2
10016,2017-W50,Haemophilus influenzae type b,0
10017,2017-W50,Salmonellosis(non-enteric fevers),44
10018,2017-W50,Avian Influenza,0
10019,2017-W50,Zika,0
10020,2017-W50,Ebola Virus Disease,0
10021,2017-W50,Japanese Encephalitis,0
10022,2017-W50,Tetanus,0
10023,2017-W50,Botulism,0
10024,2017-W50,Murine Typhus,1
10025,2017-W51,Cholera,0
10026,2017-W51,Paratyphoid,0
10027,2017-W51,Typhoid,1
10028,2017-W51,Acute Viral Hepatitis A,1
10029,2017-W51,Acute Viral Hepatitis E,0
10030,2017-W51,Poliomyelitis,0
10031,2017-W51,Plague,0
10032,2017-W51,Yellow Fever,0
10033,2017-W51,Dengue Fever,51
10034,2017-W51,Dengue Haemorrhagic Fever,0
10035,2017-W51,Malaria,0
10036,2017-W51,Chikungunya,0
10037,2017-W51,HFMD,412
10038,2017-W51,Diphtheria,0
10039,2017-W51,Measles,0
10040,2017-W51,Mumps,11
10041,2017-W51,Rubella,1
10042,2017-W51,SARS,0
10043,2017-W51,Nipah,0
10044,2017-W51,Acute Viral hepatitis B,0
10045,2017-W51,Encephalitis,0
10046,2017-W51,Legionellosis,0
10047,2017-W51,Campylobacter enteritis,13
10048,2017-W51,Acute Viral hepatitis C,0
10049,2017-W51,Leptospirosis,2
10050,2017-W51,Melioidosis,0
10051,2017-W51,Meningococcal Infection,1
10052,2017-W51,Pertussis,2
10053,2017-W51,Pneumococcal Disease (invasive),2
10054,2017-W51,Haemophilus influenzae type b,1
10055,2017-W51,Salmonellosis(non-enteric fevers),36
10056,2017-W51,Avian Influenza,0
10057,2017-W51,Zika,0
10058,2017-W51,Ebola Virus Disease,0
10059,2017-W51,Japanese Encephalitis,0
10060,2017-W51,Tetanus,0
10061,2017-W51,Botulism,0
10062,2017-W51,Murine Typhus,3
10063,2017-W52,Cholera,0
10064,2017-W52,Paratyphoid,0
10065,2017-W52,Typhoid,1
10066,2017-W52,Acute Viral Hepatitis A,0
10067,2017-W52,Acute Viral Hepatitis E,0
10068,2017-W52,Poliomyelitis,0
10069,2017-W52,Plague,0
10070,2017-W52,Yellow Fever,0
10071,2017-W52,Dengue Fever,66
10072,2017-W52,Dengue Haemorrhagic Fever,0
10073,2017-W52,Malaria,0
10074,2017-W52,Chikungunya,0
10075,2017-W52,HFMD,325
10076,2017-W52,Diphtheria,0
10077,2017-W52,Measles,6
10078,2017-W52,Mumps,7
10079,2017-W52,Rubella,0
10080,2017-W52,SARS,0
10081,2017-W52,Nipah,0
10082,2017-W52,Acute Viral hepatitis B,0
10083,2017-W52,Encephalitis,0
10084,2017-W52,Legionellosis,1
10085,2017-W52,Campylobacter enteritis,5
10086,2017-W52,Acute Viral hepatitis C,1
10087,2017-W52,Leptospirosis,1
10088,2017-W52,Melioidosis,0
10089,2017-W52,Meningococcal Infection,0
10090,2017-W52,Pertussis,2
10091,2017-W52,Pneumococcal Disease (invasive),3
10092,2017-W52,Haemophilus influenzae type b,0
10093,2017-W52,Salmonellosis(non-enteric fevers),42
10094,2017-W52,Avian Influenza,0
10095,2017-W52,Zika,0
10096,2017-W52,Ebola Virus Disease,0
10097,2017-W52,Japanese Encephalitis,0
10098,2017-W52,Tetanus,0
10099,2017-W52,Botulism,0
10100,2017-W52,Murine Typhus,0
10101,2018-W01,Cholera,0
10102,2018-W01,Paratyphoid,1
10103,2018-W01,Typhoid,1
10104,2018-W01,Acute Viral Hepatitis A,1
10105,2018-W01,Acute Viral Hepatitis E,0
10106,2018-W01,Poliomyelitis,0
10107,2018-W01,Plague,0
10108,2018-W01,Yellow Fever,0
10109,2018-W01,Dengue Fever,83
10110,2018-W01,Dengue Haemorrhagic Fever,0
10111,2018-W01,Malaria,2
10112,2018-W01,Chikungunya,0
10113,2018-W01,HFMD,326
10114,2018-W01,Diphtheria,0
10115,2018-W01,Measles,1
10116,2018-W01,Mumps,6
10117,2018-W01,Rubella,0
10118,2018-W01,SARS,0
10119,2018-W01,Nipah,0
10120,2018-W01,Acute Viral hepatitis B,1
10121,2018-W01,Encephalitis,0
10122,2018-W01,Legionellosis,0
10123,2018-W01,Campylobacter enteritis,6
10124,2018-W01,Acute Viral hepatitis C,0
10125,2018-W01,Leptospirosis,0
10126,2018-W01,Melioidosis,1
10127,2018-W01,Meningococcal Infection,0
10128,2018-W01,Pertussis,2
10129,2018-W01,Pneumococcal Disease (invasive),1
10130,2018-W01,Haemophilus influenzae type b,0
10131,2018-W01,Salmonellosis(non-enteric fevers),27
10132,2018-W01,Avian Influenza,0
10133,2018-W01,Zika,0
10134,2018-W01,Ebola Virus Disease,0
10135,2018-W01,Japanese Encephalitis,0
10136,2018-W01,Tetanus,0
10137,2018-W01,Botulism,0
10138,2018-W01,Murine Typhus,0
10139,2018-W02,Cholera,0
10140,2018-W02,Paratyphoid,1
10141,2018-W02,Typhoid,1
10142,2018-W02,Acute Viral Hepatitis A,1
10143,2018-W02,Acute Viral Hepatitis E,1
10144,2018-W02,Poliomyelitis,0
10145,2018-W02,Plague,0
10146,2018-W02,Yellow Fever,0
10147,2018-W02,Dengue Fever,68
10148,2018-W02,Dengue Haemorrhagic Fever,0
10149,2018-W02,Malaria,1
10150,2018-W02,Chikungunya,0
10151,2018-W02,HFMD,478
10152,2018-W02,Diphtheria,0
10153,2018-W02,Measles,1
10154,2018-W02,Mumps,13
10155,2018-W02,Rubella,0
10156,2018-W02,SARS,0
10157,2018-W02,Nipah,0
10158,2018-W02,Acute Viral hepatitis B,2
10159,2018-W02,Encephalitis,0
10160,2018-W02,Legionellosis,0
10161,2018-W02,Campylobacter enteritis,8
10162,2018-W02,Acute Viral hepatitis C,0
10163,2018-W02,Leptospirosis,0
10164,2018-W02,Melioidosis,1
10165,2018-W02,Meningococcal Infection,1
10166,2018-W02,Pertussis,3
10167,2018-W02,Pneumococcal Disease (invasive),3
10168,2018-W02,Haemophilus influenzae type b,0
10169,2018-W02,Salmonellosis(non-enteric fevers),33
10170,2018-W02,Avian Influenza,0
10171,2018-W02,Zika,0
10172,2018-W02,Ebola Virus Disease,0
10173,2018-W02,Japanese Encephalitis,0
10174,2018-W02,Tetanus,0
10175,2018-W02,Botulism,0
10176,2018-W02,Murine Typhus,0
10177,2018-W03,Cholera,0
10178,2018-W03,Paratyphoid,0
10179,2018-W03,Typhoid,0
10180,2018-W03,Acute Viral Hepatitis A,1
10181,2018-W03,Acute Viral Hepatitis E,1
10182,2018-W03,Poliomyelitis,0
10183,2018-W03,Plague,0
10184,2018-W03,Yellow Fever,0
10185,2018-W03,Dengue Fever,54
10186,2018-W03,Dengue Haemorrhagic Fever,0
10187,2018-W03,Malaria,0
10188,2018-W03,Chikungunya,0
10189,2018-W03,HFMD,542
10190,2018-W03,Diphtheria,0
10191,2018-W03,Measles,2
10192,2018-W03,Mumps,11
10193,2018-W03,Rubella,0
10194,2018-W03,SARS,0
10195,2018-W03,Nipah,0
10196,2018-W03,Acute Viral hepatitis B,1
10197,2018-W03,Encephalitis,0
10198,2018-W03,Legionellosis,0
10199,2018-W03,Campylobacter enteritis,4
10200,2018-W03,Acute Viral hepatitis C,0
10201,2018-W03,Leptospirosis,1
10202,2018-W03,Melioidosis,1
10203,2018-W03,Meningococcal Infection,0
10204,2018-W03,Pertussis,2
10205,2018-W03,Pneumococcal Disease (invasive),5
10206,2018-W03,Haemophilus influenzae type b,0
10207,2018-W03,Salmonellosis(non-enteric fevers),28
10208,2018-W03,Avian Influenza,0
10209,2018-W03,Zika,1
10210,2018-W03,Ebola Virus Disease,0
10211,2018-W03,Japanese Encephalitis,0
10212,2018-W03,Tetanus,0
10213,2018-W03,Botulism,0
10214,2018-W03,Murine Typhus,0
10215,2018-W04,Cholera,0
10216,2018-W04,Paratyphoid,1
10217,2018-W04,Typhoid,3
10218,2018-W04,Acute Viral Hepatitis A,0
10219,2018-W04,Acute Viral Hepatitis E,2
10220,2018-W04,Poliomyelitis,0
10221,2018-W04,Plague,0
10222,2018-W04,Yellow Fever,0
10223,2018-W04,Dengue Fever,45
10224,2018-W04,Dengue Haemorrhagic Fever,0
10225,2018-W04,Malaria,0
10226,2018-W04,Chikungunya,0
10227,2018-W04,HFMD,645
10228,2018-W04,Diphtheria,0
10229,2018-W04,Measles,0
10230,2018-W04,Mumps,12
10231,2018-W04,Rubella,0
10232,2018-W04,SARS,0
10233,2018-W04,Nipah,0
10234,2018-W04,Acute Viral hepatitis B,1
10235,2018-W04,Encephalitis,0
10236,2018-W04,Legionellosis,2
10237,2018-W04,Campylobacter enteritis,9
10238,2018-W04,Acute Viral hepatitis C,0
10239,2018-W04,Leptospirosis,1
10240,2018-W04,Melioidosis,0
10241,2018-W04,Meningococcal Infection,0
10242,2018-W04,Pertussis,2
10243,2018-W04,Pneumococcal Disease (invasive),0
10244,2018-W04,Haemophilus influenzae type b,0
10245,2018-W04,Salmonellosis(non-enteric fevers),23
10246,2018-W04,Avian Influenza,0
10247,2018-W04,Zika,0
10248,2018-W04,Ebola Virus Disease,0
10249,2018-W04,Japanese Encephalitis,0
10250,2018-W04,Tetanus,1
10251,2018-W04,Botulism,0
10252,2018-W04,Murine Typhus,0
10253,2018-W05,Cholera,1
10254,2018-W05,Paratyphoid,0
10255,2018-W05,Typhoid,0
10256,2018-W05,Acute Viral Hepatitis A,1
10257,2018-W05,Acute Viral Hepatitis E,0
10258,2018-W05,Poliomyelitis,0
10259,2018-W05,Plague,0
10260,2018-W05,Yellow Fever,0
10261,2018-W05,Dengue Fever,48
10262,2018-W05,Dengue Haemorrhagic Fever,0
10263,2018-W05,Malaria,0
10264,2018-W05,Chikungunya,0
10265,2018-W05,HFMD,757
10266,2018-W05,Diphtheria,0
10267,2018-W05,Measles,1
10268,2018-W05,Mumps,17
10269,2018-W05,Rubella,0
10270,2018-W05,SARS,0
10271,2018-W05,Nipah,0
10272,2018-W05,Acute Viral hepatitis B,1
10273,2018-W05,Encephalitis,0
10274,2018-W05,Legionellosis,0
10275,2018-W05,Campylobacter enteritis,9
10276,2018-W05,Acute Viral hepatitis C,0
10277,2018-W05,Leptospirosis,0
10278,2018-W05,Melioidosis,1
10279,2018-W05,Meningococcal Infection,0
10280,2018-W05,Pertussis,0
10281,2018-W05,Pneumococcal Disease (invasive),2
10282,2018-W05,Haemophilus influenzae type b,0
10283,2018-W05,Salmonellosis(non-enteric fevers),26
10284,2018-W05,Avian Influenza,0
10285,2018-W05,Zika,0
10286,2018-W05,Ebola Virus Disease,0
10287,2018-W05,Japanese Encephalitis,0
10288,2018-W05,Tetanus,0
10289,2018-W05,Botulism,1
10290,2018-W05,Murine Typhus,0
10291,2018-W06,Cholera,0
10292,2018-W06,Paratyphoid,1
10293,2018-W06,Typhoid,1
10294,2018-W06,Acute Viral Hepatitis A,1
10295,2018-W06,Acute Viral Hepatitis E,1
10296,2018-W06,Poliomyelitis,0
10297,2018-W06,Plague,0
10298,2018-W06,Yellow Fever,0
10299,2018-W06,Dengue Fever,50
10300,2018-W06,Dengue Haemorrhagic Fever,0
10301,2018-W06,Malaria,0
10302,2018-W06,Chikungunya,0
10303,2018-W06,HFMD,699
10304,2018-W06,Diphtheria,0
10305,2018-W06,Measles,0
10306,2018-W06,Mumps,11
10307,2018-W06,Rubella,0
10308,2018-W06,SARS,0
10309,2018-W06,Nipah,0
10310,2018-W06,Acute Viral hepatitis B,0
10311,2018-W06,Encephalitis,0
10312,2018-W06,Legionellosis,0
10313,2018-W06,Campylobacter enteritis,4
10314,2018-W06,Acute Viral hepatitis C,1
10315,2018-W06,Leptospirosis,0
10316,2018-W06,Melioidosis,1
10317,2018-W06,Meningococcal Infection,0
10318,2018-W06,Pertussis,4
10319,2018-W06,Pneumococcal Disease (invasive),2
10320,2018-W06,Haemophilus influenzae type b,0
10321,2018-W06,Salmonellosis(non-enteric fevers),22
10322,2018-W06,Avian Influenza,0
10323,2018-W06,Zika,0
10324,2018-W06,Ebola Virus Disease,0
10325,2018-W06,Japanese Encephalitis,0
10326,2018-W06,Tetanus,0
10327,2018-W06,Botulism,0
10328,2018-W06,Murine Typhus,0
10329,2018-W07,Cholera,0
10330,2018-W07,Paratyphoid,0
10331,2018-W07,Typhoid,0
10332,2018-W07,Acute Viral Hepatitis A,2
10333,2018-W07,Acute Viral Hepatitis E,2
10334,2018-W07,Poliomyelitis,0
10335,2018-W07,Plague,0
10336,2018-W07,Yellow Fever,0
10337,2018-W07,Dengue Fever,28
10338,2018-W07,Dengue Haemorrhagic Fever,0
10339,2018-W07,Malaria,0
10340,2018-W07,Chikungunya,0
10341,2018-W07,HFMD,546
10342,2018-W07,Diphtheria,0
10343,2018-W07,Measles,2
10344,2018-W07,Mumps,2
10345,2018-W07,Rubella,0
10346,2018-W07,SARS,0
10347,2018-W07,Nipah,0
10348,2018-W07,Acute Viral hepatitis B,0
10349,2018-W07,Encephalitis,0
10350,2018-W07,Legionellosis,0
10351,2018-W07,Campylobacter enteritis,4
10352,2018-W07,Acute Viral hepatitis C,0
10353,2018-W07,Leptospirosis,1
10354,2018-W07,Melioidosis,0
10355,2018-W07,Meningococcal Infection,0
10356,2018-W07,Pertussis,2
10357,2018-W07,Pneumococcal Disease (invasive),3
10358,2018-W07,Haemophilus influenzae type b,0
10359,2018-W07,Salmonellosis(non-enteric fevers),13
10360,2018-W07,Avian Influenza,0
10361,2018-W07,Zika,0
10362,2018-W07,Ebola Virus Disease,0
10363,2018-W07,Japanese Encephalitis,0
10364,2018-W07,Tetanus,0
10365,2018-W07,Botulism,0
10366,2018-W07,Murine Typhus,0
10367,2018-W08,Cholera,0
10368,2018-W08,Paratyphoid,0
10369,2018-W08,Typhoid,2
10370,2018-W08,Acute Viral Hepatitis A,2
10371,2018-W08,Acute Viral Hepatitis E,2
10372,2018-W08,Poliomyelitis,0
10373,2018-W08,Plague,0
10374,2018-W08,Yellow Fever,0
10375,2018-W08,Dengue Fever,38
10376,2018-W08,Dengue Haemorrhagic Fever,1
10377,2018-W08,Malaria,1
10378,2018-W08,Chikungunya,0
10379,2018-W08,HFMD,668
10380,2018-W08,Diphtheria,0
10381,2018-W08,Measles,0
10382,2018-W08,Mumps,8
10383,2018-W08,Rubella,0
10384,2018-W08,SARS,0
10385,2018-W08,Nipah,0
10386,2018-W08,Acute Viral hepatitis B,0
10387,2018-W08,Encephalitis,0
10388,2018-W08,Legionellosis,0
10389,2018-W08,Campylobacter enteritis,8
10390,2018-W08,Acute Viral hepatitis C,2
10391,2018-W08,Leptospirosis,0
10392,2018-W08,Melioidosis,1
10393,2018-W08,Meningococcal Infection,0
10394,2018-W08,Pertussis,1
10395,2018-W08,Pneumococcal Disease (invasive),4
10396,2018-W08,Haemophilus influenzae type b,0
10397,2018-W08,Salmonellosis(non-enteric fevers),14
10398,2018-W08,Avian Influenza,0
10399,2018-W08,Zika,0
10400,2018-W08,Ebola Virus Disease,0
10401,2018-W08,Japanese Encephalitis,0
10402,2018-W08,Tetanus,0
10403,2018-W08,Botulism,0
10404,2018-W08,Murine Typhus,0
10405,2018-W09,Cholera,0
10406,2018-W09,Paratyphoid,1
10407,2018-W09,Typhoid,1
10408,2018-W09,Acute Viral Hepatitis A,0
10409,2018-W09,Acute Viral Hepatitis E,3
10410,2018-W09,Poliomyelitis,0
10411,2018-W09,Plague,0
10412,2018-W09,Yellow Fever,0
10413,2018-W09,Dengue Fever,51
10414,2018-W09,Dengue Haemorrhagic Fever,0
10415,2018-W09,Malaria,0
10416,2018-W09,Chikungunya,1
10417,2018-W09,HFMD,780
10418,2018-W09,Diphtheria,0
10419,2018-W09,Measles,1
10420,2018-W09,Mumps,10
10421,2018-W09,Rubella,0
10422,2018-W09,SARS,0
10423,2018-W09,Nipah,0
10424,2018-W09,Acute Viral hepatitis B,2
10425,2018-W09,Encephalitis,0
10426,2018-W09,Legionellosis,0
10427,2018-W09,Campylobacter enteritis,4
10428,2018-W09,Acute Viral hepatitis C,0
10429,2018-W09,Leptospirosis,0
10430,2018-W09,Melioidosis,0
10431,2018-W09,Meningococcal Infection,1
10432,2018-W09,Pertussis,4
10433,2018-W09,Pneumococcal Disease (invasive),3
10434,2018-W09,Haemophilus influenzae type b,0
10435,2018-W09,Salmonellosis(non-enteric fevers),32
10436,2018-W09,Avian Influenza,0
10437,2018-W09,Zika,0
10438,2018-W09,Ebola Virus Disease,0
10439,2018-W09,Japanese Encephalitis,0
10440,2018-W09,Tetanus,0
10441,2018-W09,Botulism,0
10442,2018-W09,Murine Typhus,1
10443,2018-W10,Cholera,0
10444,2018-W10,Paratyphoid,0
10445,2018-W10,Typhoid,0
10446,2018-W10,Acute Viral Hepatitis A,1
10447,2018-W10,Acute Viral Hepatitis E,0
10448,2018-W10,Poliomyelitis,0
10449,2018-W10,Plague,0
10450,2018-W10,Yellow Fever,0
10451,2018-W10,Dengue Fever,37
10452,2018-W10,Dengue Haemorrhagic Fever,0
10453,2018-W10,Malaria,0
10454,2018-W10,Chikungunya,0
10455,2018-W10,HFMD,1105
10456,2018-W10,Diphtheria,0
10457,2018-W10,Measles,2
10458,2018-W10,Mumps,5
10459,2018-W10,Rubella,0
10460,2018-W10,SARS,0
10461,2018-W10,Nipah,0
10462,2018-W10,Acute Viral hepatitis B,2
10463,2018-W10,Encephalitis,0
10464,2018-W10,Legionellosis,0
10465,2018-W10,Campylobacter enteritis,4
10466,2018-W10,Acute Viral hepatitis C,0
10467,2018-W10,Leptospirosis,0
10468,2018-W10,Melioidosis,0
10469,2018-W10,Meningococcal Infection,0
10470,2018-W10,Pertussis,0
10471,2018-W10,Pneumococcal Disease (invasive),4
10472,2018-W10,Haemophilus influenzae type b,0
10473,2018-W10,Salmonellosis(non-enteric fevers),32
10474,2018-W10,Avian Influenza,0
10475,2018-W10,Zika,0
10476,2018-W10,Ebola Virus Disease,0
10477,2018-W10,Japanese Encephalitis,0
10478,2018-W10,Tetanus,0
10479,2018-W10,Botulism,0
10480,2018-W10,Murine Typhus,0
10481,2018-W11,Cholera,0
10482,2018-W11,Paratyphoid,0
10483,2018-W11,Typhoid,0
10484,2018-W11,Acute Viral Hepatitis A,2
10485,2018-W11,Acute Viral Hepatitis E,1
10486,2018-W11,Poliomyelitis,0
10487,2018-W11,Plague,0
10488,2018-W11,Yellow Fever,0
10489,2018-W11,Dengue Fever,37
10490,2018-W11,Dengue Haemorrhagic Fever,2
10491,2018-W11,Malaria,2
10492,2018-W11,Chikungunya,0
10493,2018-W11,HFMD,946
10494,2018-W11,Diphtheria,0
10495,2018-W11,Measles,1
10496,2018-W11,Mumps,11
10497,2018-W11,Rubella,0
10498,2018-W11,SARS,0
10499,2018-W11,Nipah,0
10500,2018-W11,Acute Viral hepatitis B,1
10501,2018-W11,Encephalitis,0
10502,2018-W11,Legionellosis,0
10503,2018-W11,Campylobacter enteritis,4
10504,2018-W11,Acute Viral hepatitis C,1
10505,2018-W11,Leptospirosis,1
10506,2018-W11,Melioidosis,0
10507,2018-W11,Meningococcal Infection,1
10508,2018-W11,Pertussis,0
10509,2018-W11,Pneumococcal Disease (invasive),3
10510,2018-W11,Haemophilus influenzae type b,0
10511,2018-W11,Salmonellosis(non-enteric fevers),32
10512,2018-W11,Avian Influenza,0
10513,2018-W11,Zika,0
10514,2018-W11,Ebola Virus Disease,0
10515,2018-W11,Japanese Encephalitis,0
10516,2018-W11,Tetanus,0
10517,2018-W11,Botulism,0
10518,2018-W11,Murine Typhus,1
10519,2018-W12,Cholera,0
10520,2018-W12,Paratyphoid,0
10521,2018-W12,Typhoid,0
10522,2018-W12,Acute Viral Hepatitis A,2
10523,2018-W12,Acute Viral Hepatitis E,1
10524,2018-W12,Poliomyelitis,0
10525,2018-W12,Plague,0
10526,2018-W12,Yellow Fever,0
10527,2018-W12,Dengue Fever,36
10528,2018-W12,Dengue Haemorrhagic Fever,0
10529,2018-W12,Malaria,1
10530,2018-W12,Chikungunya,0
10531,2018-W12,HFMD,983
10532,2018-W12,Diphtheria,0
10533,2018-W12,Measles,0
10534,2018-W12,Mumps,11
10535,2018-W12,Rubella,0
10536,2018-W12,SARS,0
10537,2018-W12,Nipah,0
10538,2018-W12,Acute Viral hepatitis B,0
10539,2018-W12,Encephalitis,0
10540,2018-W12,Legionellosis,0
10541,2018-W12,Campylobacter enteritis,12
10542,2018-W12,Acute Viral hepatitis C,0
10543,2018-W12,Leptospirosis,1
10544,2018-W12,Melioidosis,2
10545,2018-W12,Meningococcal Infection,0
10546,2018-W12,Pertussis,6
10547,2018-W12,Pneumococcal Disease (invasive),2
10548,2018-W12,Haemophilus influenzae type b,0
10549,2018-W12,Salmonellosis(non-enteric fevers),30
10550,2018-W12,Avian Influenza,0
10551,2018-W12,Zika,0
10552,2018-W12,Ebola Virus Disease,0
10553,2018-W12,Japanese Encephalitis,0
10554,2018-W12,Tetanus,0
10555,2018-W12,Botulism,0
10556,2018-W12,Murine Typhus,0
10557,2018-W13,Cholera,0
10558,2018-W13,Paratyphoid,0
10559,2018-W13,Typhoid,0
10560,2018-W13,Acute Viral Hepatitis A,1
10561,2018-W13,Acute Viral Hepatitis E,1
10562,2018-W13,Poliomyelitis,0
10563,2018-W13,Plague,0
10564,2018-W13,Yellow Fever,0
10565,2018-W13,Dengue Fever,24
10566,2018-W13,Dengue Haemorrhagic Fever,0
10567,2018-W13,Malaria,0
10568,2018-W13,Chikungunya,0
10569,2018-W13,HFMD,843
10570,2018-W13,Diphtheria,0
10571,2018-W13,Measles,1
10572,2018-W13,Mumps,10
10573,2018-W13,Rubella,0
10574,2018-W13,SARS,0
10575,2018-W13,Nipah,0
10576,2018-W13,Acute Viral hepatitis B,2
10577,2018-W13,Encephalitis,0
10578,2018-W13,Legionellosis,0
10579,2018-W13,Campylobacter enteritis,11
10580,2018-W13,Acute Viral hepatitis C,1
10581,2018-W13,Leptospirosis,1
10582,2018-W13,Melioidosis,0
10583,2018-W13,Meningococcal Infection,0
10584,2018-W13,Pertussis,1
10585,2018-W13,Pneumococcal Disease (invasive),2
10586,2018-W13,Haemophilus influenzae type b,0
10587,2018-W13,Salmonellosis(non-enteric fevers),22
10588,2018-W13,Avian Influenza,0
10589,2018-W13,Zika,0
10590,2018-W13,Ebola Virus Disease,0
10591,2018-W13,Japanese Encephalitis,0
10592,2018-W13,Tetanus,0
10593,2018-W13,Botulism,0
10594,2018-W13,Murine Typhus,0
10595,2018-W14,Cholera,0
10596,2018-W14,Paratyphoid,0
10597,2018-W14,Typhoid,3
10598,2018-W14,Acute Viral Hepatitis A,1
10599,2018-W14,Acute Viral Hepatitis E,3
10600,2018-W14,Poliomyelitis,0
10601,2018-W14,Plague,0
10602,2018-W14,Yellow Fever,0
10603,2018-W14,Dengue Fever,38
10604,2018-W14,Dengue Haemorrhagic Fever,0
10605,2018-W14,Malaria,0
10606,2018-W14,Chikungunya,0
10607,2018-W14,HFMD,1010
10608,2018-W14,Diphtheria,0
10609,2018-W14,Measles,2
10610,2018-W14,Mumps,12
10611,2018-W14,Rubella,0
10612,2018-W14,SARS,0
10613,2018-W14,Nipah,0
10614,2018-W14,Acute Viral hepatitis B,0
10615,2018-W14,Encephalitis,0
10616,2018-W14,Legionellosis,1
10617,2018-W14,Campylobacter enteritis,10
10618,2018-W14,Acute Viral hepatitis C,1
10619,2018-W14,Leptospirosis,1
10620,2018-W14,Melioidosis,0
10621,2018-W14,Meningococcal Infection,0
10622,2018-W14,Pertussis,5
10623,2018-W14,Pneumococcal Disease (invasive),0
10624,2018-W14,Haemophilus influenzae type b,0
10625,2018-W14,Salmonellosis(non-enteric fevers),32
10626,2018-W14,Avian Influenza,0
10627,2018-W14,Zika,0
10628,2018-W14,Ebola Virus Disease,0
10629,2018-W14,Japanese Encephalitis,0
10630,2018-W14,Tetanus,0
10631,2018-W14,Botulism,0
10632,2018-W14,Murine Typhus,1
10633,2018-W15,Cholera,0
10634,2018-W15,Paratyphoid,0
10635,2018-W15,Typhoid,0
10636,2018-W15,Acute Viral Hepatitis A,2
10637,2018-W15,Acute Viral Hepatitis E,2
10638,2018-W15,Poliomyelitis,0
10639,2018-W15,Plague,0
10640,2018-W15,Yellow Fever,0
10641,2018-W15,Dengue Fever,38
10642,2018-W15,Dengue Haemorrhagic Fever,0
10643,2018-W15,Malaria,1
10644,2018-W15,Chikungunya,0
10645,2018-W15,HFMD,985
10646,2018-W15,Diphtheria,0
10647,2018-W15,Measles,2
10648,2018-W15,Mumps,10
10649,2018-W15,Rubella,0
10650,2018-W15,SARS,0
10651,2018-W15,Nipah,0
10652,2018-W15,Acute Viral hepatitis B,1
10653,2018-W15,Encephalitis,0
10654,2018-W15,Legionellosis,0
10655,2018-W15,Campylobacter enteritis,13
10656,2018-W15,Acute Viral hepatitis C,0
10657,2018-W15,Leptospirosis,2
10658,2018-W15,Melioidosis,1
10659,2018-W15,Meningococcal Infection,0
10660,2018-W15,Pertussis,5
10661,2018-W15,Pneumococcal Disease (invasive),1
10662,2018-W15,Haemophilus influenzae type b,0
10663,2018-W15,Salmonellosis(non-enteric fevers),31
10664,2018-W15,Avian Influenza,0
10665,2018-W15,Zika,0
10666,2018-W15,Ebola Virus Disease,0
10667,2018-W15,Japanese Encephalitis,0
10668,2018-W15,Tetanus,0
10669,2018-W15,Botulism,0
10670,2018-W15,Murine Typhus,0
10671,2018-W16,Cholera,0
10672,2018-W16,Paratyphoid,1
10673,2018-W16,Typhoid,1
10674,2018-W16,Acute Viral Hepatitis A,1
10675,2018-W16,Acute Viral Hepatitis E,2
10676,2018-W16,Poliomyelitis,0
10677,2018-W16,Plague,0
10678,2018-W16,Yellow Fever,0
10679,2018-W16,Dengue Fever,56
10680,2018-W16,Dengue Haemorrhagic Fever,0
10681,2018-W16,Malaria,1
10682,2018-W16,Chikungunya,0
10683,2018-W16,HFMD,996
10684,2018-W16,Diphtheria,0
10685,2018-W16,Measles,1
10686,2018-W16,Mumps,11
10687,2018-W16,Rubella,0
10688,2018-W16,SARS,0
10689,2018-W16,Nipah,0
10690,2018-W16,Acute Viral hepatitis B,1
10691,2018-W16,Encephalitis,0
10692,2018-W16,Legionellosis,0
10693,2018-W16,Campylobacter enteritis,4
10694,2018-W16,Acute Viral hepatitis C,2
10695,2018-W16,Leptospirosis,0
10696,2018-W16,Melioidosis,0
10697,2018-W16,Meningococcal Infection,1
10698,2018-W16,Pertussis,4
10699,2018-W16,Pneumococcal Disease (invasive),1
10700,2018-W16,Haemophilus influenzae type b,0
10701,2018-W16,Salmonellosis(non-enteric fevers),33
10702,2018-W16,Avian Influenza,0
10703,2018-W16,Zika,0
10704,2018-W16,Ebola Virus Disease,0
10705,2018-W16,Japanese Encephalitis,0
10706,2018-W16,Tetanus,0
10707,2018-W16,Botulism,0
10708,2018-W16,Murine Typhus,0
10709,2018-W17,Cholera,0
10710,2018-W17,Paratyphoid,0
10711,2018-W17,Typhoid,0
10712,2018-W17,Acute Viral Hepatitis A,0
10713,2018-W17,Acute Viral Hepatitis E,3
10714,2018-W17,Poliomyelitis,0
10715,2018-W17,Plague,0
10716,2018-W17,Yellow Fever,0
10717,2018-W17,Dengue Fever,55
10718,2018-W17,Dengue Haemorrhagic Fever,1
10719,2018-W17,Malaria,1
10720,2018-W17,Chikungunya,0
10721,2018-W17,HFMD,1066
10722,2018-W17,Diphtheria,0
10723,2018-W17,Measles,3
10724,2018-W17,Mumps,8
10725,2018-W17,Rubella,0
10726,2018-W17,SARS,0
10727,2018-W17,Nipah,0
10728,2018-W17,Acute Viral hepatitis B,2
10729,2018-W17,Encephalitis,0
10730,2018-W17,Legionellosis,0
10731,2018-W17,Campylobacter enteritis,5
10732,2018-W17,Acute Viral hepatitis C,0
10733,2018-W17,Leptospirosis,1
10734,2018-W17,Melioidosis,0
10735,2018-W17,Meningococcal Infection,0
10736,2018-W17,Pertussis,3
10737,2018-W17,Pneumococcal Disease (invasive),2
10738,2018-W17,Haemophilus influenzae type b,1
10739,2018-W17,Salmonellosis(non-enteric fevers),27
10740,2018-W17,Avian Influenza,0
10741,2018-W17,Zika,0
10742,2018-W17,Ebola Virus Disease,0
10743,2018-W17,Japanese Encephalitis,0
10744,2018-W17,Tetanus,0
10745,2018-W17,Botulism,0
10746,2018-W17,Murine Typhus,0
10747,2018-W18,Cholera,0
10748,2018-W18,Paratyphoid,0
10749,2018-W18,Typhoid,0
10750,2018-W18,Acute Viral Hepatitis A,1
10751,2018-W18,Acute Viral Hepatitis E,0
10752,2018-W18,Poliomyelitis,0
10753,2018-W18,Plague,0
10754,2018-W18,Yellow Fever,0
10755,2018-W18,Dengue Fever,74
10756,2018-W18,Dengue Haemorrhagic Fever,3
10757,2018-W18,Malaria,1
10758,2018-W18,Chikungunya,0
10759,2018-W18,HFMD,971
10760,2018-W18,Diphtheria,0
10761,2018-W18,Measles,0
10762,2018-W18,Mumps,16
10763,2018-W18,Rubella,1
10764,2018-W18,SARS,0
10765,2018-W18,Nipah,0
10766,2018-W18,Acute Viral hepatitis B,1
10767,2018-W18,Encephalitis,0
10768,2018-W18,Legionellosis,0
10769,2018-W18,Campylobacter enteritis,6
10770,2018-W18,Acute Viral hepatitis C,0
10771,2018-W18,Leptospirosis,0
10772,2018-W18,Melioidosis,3
10773,2018-W18,Meningococcal Infection,0
10774,2018-W18,Pertussis,2
10775,2018-W18,Pneumococcal Disease (invasive),4
10776,2018-W18,Haemophilus influenzae type b,0
10777,2018-W18,Salmonellosis(non-enteric fevers),41
10778,2018-W18,Avian Influenza,0
10779,2018-W18,Zika,0
10780,2018-W18,Ebola Virus Disease,0
10781,2018-W18,Japanese Encephalitis,0
10782,2018-W18,Tetanus,0
10783,2018-W18,Botulism,0
10784,2018-W18,Murine Typhus,1
10785,2018-W19,Cholera,0
10786,2018-W19,Paratyphoid,0
10787,2018-W19,Typhoid,1
10788,2018-W19,Acute Viral Hepatitis A,2
10789,2018-W19,Acute Viral Hepatitis E,1
10790,2018-W19,Poliomyelitis,0
10791,2018-W19,Plague,0
10792,2018-W19,Yellow Fever,0
10793,2018-W19,Dengue Fever,62
10794,2018-W19,Dengue Haemorrhagic Fever,0
10795,2018-W19,Malaria,1
10796,2018-W19,Chikungunya,0
10797,2018-W19,HFMD,1159
10798,2018-W19,Diphtheria,0
10799,2018-W19,Measles,0
10800,2018-W19,Mumps,10
10801,2018-W19,Rubella,0
10802,2018-W19,SARS,0
10803,2018-W19,Nipah,0
10804,2018-W19,Acute Viral hepatitis B,1
10805,2018-W19,Encephalitis,0
10806,2018-W19,Legionellosis,2
10807,2018-W19,Campylobacter enteritis,9
10808,2018-W19,Acute Viral hepatitis C,0
10809,2018-W19,Leptospirosis,3
10810,2018-W19,Melioidosis,1
10811,2018-W19,Meningococcal Infection,0
10812,2018-W19,Pertussis,5
10813,2018-W19,Pneumococcal Disease (invasive),2
10814,2018-W19,Haemophilus influenzae type b,0
10815,2018-W19,Salmonellosis(non-enteric fevers),36
10816,2018-W19,Avian Influenza,0
10817,2018-W19,Zika,0
10818,2018-W19,Ebola Virus Disease,0
10819,2018-W19,Japanese Encephalitis,0
10820,2018-W19,Tetanus,0
10821,2018-W19,Botulism,0
10822,2018-W19,Murine Typhus,0
10823,2018-W20,Cholera,0
10824,2018-W20,Paratyphoid,0
10825,2018-W20,Typhoid,0
10826,2018-W20,Acute Viral Hepatitis A,3
10827,2018-W20,Acute Viral Hepatitis E,1
10828,2018-W20,Poliomyelitis,0
10829,2018-W20,Plague,0
10830,2018-W20,Yellow Fever,0
10831,2018-W20,Dengue Fever,63
10832,2018-W20,Dengue Haemorrhagic Fever,1
10833,2018-W20,Malaria,1
10834,2018-W20,Chikungunya,1
10835,2018-W20,HFMD,1022
10836,2018-W20,Diphtheria,0
10837,2018-W20,Measles,1
10838,2018-W20,Mumps,16
10839,2018-W20,Rubella,0
10840,2018-W20,SARS,0
10841,2018-W20,Nipah,0
10842,2018-W20,Acute Viral hepatitis B,0
10843,2018-W20,Encephalitis,0
10844,2018-W20,Legionellosis,0
10845,2018-W20,Campylobacter enteritis,6
10846,2018-W20,Acute Viral hepatitis C,0
10847,2018-W20,Leptospirosis,2
10848,2018-W20,Melioidosis,0
10849,2018-W20,Meningococcal Infection,0
10850,2018-W20,Pertussis,1
10851,2018-W20,Pneumococcal Disease (invasive),2
10852,2018-W20,Haemophilus influenzae type b,1
10853,2018-W20,Salmonellosis(non-enteric fevers),40
10854,2018-W20,Avian Influenza,0
10855,2018-W20,Zika,0
10856,2018-W20,Ebola Virus Disease,0
10857,2018-W20,Japanese Encephalitis,0
10858,2018-W20,Tetanus,0
10859,2018-W20,Botulism,0
10860,2018-W20,Murine Typhus,0
10861,2018-W21,Cholera,0
10862,2018-W21,Paratyphoid,1
10863,2018-W21,Typhoid,0
10864,2018-W21,Acute Viral Hepatitis A,0
10865,2018-W21,Acute Viral Hepatitis E,3
10866,2018-W21,Poliomyelitis,0
10867,2018-W21,Plague,0
10868,2018-W21,Yellow Fever,0
10869,2018-W21,Dengue Fever,64
10870,2018-W21,Dengue Haemorrhagic Fever,1
10871,2018-W21,Malaria,0
10872,2018-W21,Chikungunya,0
10873,2018-W21,HFMD,1086
10874,2018-W21,Diphtheria,0
10875,2018-W21,Measles,3
10876,2018-W21,Mumps,15
10877,2018-W21,Rubella,0
10878,2018-W21,SARS,0
10879,2018-W21,Nipah,0
10880,2018-W21,Acute Viral hepatitis B,1
10881,2018-W21,Encephalitis,0
10882,2018-W21,Legionellosis,3
10883,2018-W21,Campylobacter enteritis,7
10884,2018-W21,Acute Viral hepatitis C,0
10885,2018-W21,Leptospirosis,1
10886,2018-W21,Melioidosis,0
10887,2018-W21,Meningococcal Infection,0
10888,2018-W21,Pertussis,3
10889,2018-W21,Pneumococcal Disease (invasive),4
10890,2018-W21,Haemophilus influenzae type b,0
10891,2018-W21,Salmonellosis(non-enteric fevers),40
10892,2018-W21,Avian Influenza,0
10893,2018-W21,Zika,0
10894,2018-W21,Ebola Virus Disease,0
10895,2018-W21,Japanese Encephalitis,0
10896,2018-W21,Tetanus,0
10897,2018-W21,Botulism,0
10898,2018-W21,Murine Typhus,1
10899,2018-W22,Cholera,0
10900,2018-W22,Paratyphoid,0
10901,2018-W22,Typhoid,0
10902,2018-W22,Acute Viral Hepatitis A,3
10903,2018-W22,Acute Viral Hepatitis E,0
10904,2018-W22,Poliomyelitis,0
10905,2018-W22,Plague,0
10906,2018-W22,Yellow Fever,0
10907,2018-W22,Dengue Fever,52
10908,2018-W22,Dengue Haemorrhagic Fever,2
10909,2018-W22,Malaria,0
10910,2018-W22,Chikungunya,1
10911,2018-W22,HFMD,849
10912,2018-W22,Diphtheria,0
10913,2018-W22,Measles,0
10914,2018-W22,Mumps,10
10915,2018-W22,Rubella,0
10916,2018-W22,SARS,0
10917,2018-W22,Nipah,0
10918,2018-W22,Acute Viral hepatitis B,0
10919,2018-W22,Encephalitis,0
10920,2018-W22,Legionellosis,0
10921,2018-W22,Campylobacter enteritis,9
10922,2018-W22,Acute Viral hepatitis C,0
10923,2018-W22,Leptospirosis,1
10924,2018-W22,Melioidosis,0
10925,2018-W22,Meningococcal Infection,0
10926,2018-W22,Pertussis,1
10927,2018-W22,Pneumococcal Disease (invasive),4
10928,2018-W22,Haemophilus influenzae type b,0
10929,2018-W22,Salmonellosis(non-enteric fevers),47
10930,2018-W22,Avian Influenza,0
10931,2018-W22,Zika,0
10932,2018-W22,Ebola Virus Disease,0
10933,2018-W22,Japanese Encephalitis,0
10934,2018-W22,Tetanus,0
10935,2018-W22,Botulism,0
10936,2018-W22,Murine Typhus,0
10937,2018-W23,Cholera,0
10938,2018-W23,Paratyphoid,0
10939,2018-W23,Typhoid,0
10940,2018-W23,Acute Viral Hepatitis A,3
10941,2018-W23,Acute Viral Hepatitis E,0
10942,2018-W23,Poliomyelitis,0
10943,2018-W23,Plague,0
10944,2018-W23,Yellow Fever,0
10945,2018-W23,Dengue Fever,75
10946,2018-W23,Dengue Haemorrhagic Fever,0
10947,2018-W23,Malaria,1
10948,2018-W23,Chikungunya,1
10949,2018-W23,HFMD,873
10950,2018-W23,Diphtheria,0
10951,2018-W23,Measles,1
10952,2018-W23,Mumps,9
10953,2018-W23,Rubella,0
10954,2018-W23,SARS,0
10955,2018-W23,Nipah,0
10956,2018-W23,Acute Viral hepatitis B,2
10957,2018-W23,Encephalitis,0
10958,2018-W23,Legionellosis,1
10959,2018-W23,Campylobacter enteritis,3
10960,2018-W23,Acute Viral hepatitis C,0
10961,2018-W23,Leptospirosis,1
10962,2018-W23,Melioidosis,1
10963,2018-W23,Meningococcal Infection,0
10964,2018-W23,Pertussis,3
10965,2018-W23,Pneumococcal Disease (invasive),1
10966,2018-W23,Haemophilus influenzae type b,1
10967,2018-W23,Salmonellosis(non-enteric fevers),47
10968,2018-W23,Avian Influenza,0
10969,2018-W23,Zika,0
10970,2018-W23,Ebola Virus Disease,0
10971,2018-W23,Japanese Encephalitis,0
10972,2018-W23,Tetanus,0
10973,2018-W23,Botulism,0
10974,2018-W23,Murine Typhus,0
10975,2018-W24,Cholera,0
10976,2018-W24,Paratyphoid,0
10977,2018-W24,Typhoid,1
10978,2018-W24,Acute Viral Hepatitis A,3
10979,2018-W24,Acute Viral Hepatitis E,1
10980,2018-W24,Poliomyelitis,0
10981,2018-W24,Plague,0
10982,2018-W24,Yellow Fever,0
10983,2018-W24,Dengue Fever,55
10984,2018-W24,Dengue Haemorrhagic Fever,0
10985,2018-W24,Malaria,0
10986,2018-W24,Chikungunya,0
10987,2018-W24,HFMD,735
10988,2018-W24,Diphtheria,0
10989,2018-W24,Measles,0
10990,2018-W24,Mumps,8
10991,2018-W24,Rubella,0
10992,2018-W24,SARS,0
10993,2018-W24,Nipah,0
10994,2018-W24,Acute Viral hepatitis B,0
10995,2018-W24,Encephalitis,0
10996,2018-W24,Legionellosis,0
10997,2018-W24,Campylobacter enteritis,10
10998,2018-W24,Acute Viral hepatitis C,0
10999,2018-W24,Leptospirosis,2
11000,2018-W24,Melioidosis,0
11001,2018-W24,Meningococcal Infection,0
11002,2018-W24,Pertussis,4
11003,2018-W24,Pneumococcal Disease (invasive),5
11004,2018-W24,Haemophilus influenzae type b,0
11005,2018-W24,Salmonellosis(non-enteric fevers),31
11006,2018-W24,Avian Influenza,0
11007,2018-W24,Zika,0
11008,2018-W24,Ebola Virus Disease,0
11009,2018-W24,Japanese Encephalitis,0
11010,2018-W24,Tetanus,0
11011,2018-W24,Botulism,0
11012,2018-W24,Murine Typhus,0
11013,2018-W25,Cholera,0
11014,2018-W25,Paratyphoid,0
11015,2018-W25,Typhoid,0
11016,2018-W25,Acute Viral Hepatitis A,1
11017,2018-W25,Acute Viral Hepatitis E,1
11018,2018-W25,Poliomyelitis,0
11019,2018-W25,Plague,0
11020,2018-W25,Yellow Fever,0
11021,2018-W25,Dengue Fever,59
11022,2018-W25,Dengue Haemorrhagic Fever,2
11023,2018-W25,Malaria,1
11024,2018-W25,Chikungunya,0
11025,2018-W25,HFMD,716
11026,2018-W25,Diphtheria,0
11027,2018-W25,Measles,0
11028,2018-W25,Mumps,9
11029,2018-W25,Rubella,0
11030,2018-W25,SARS,0
11031,2018-W25,Nipah,0
11032,2018-W25,Acute Viral hepatitis B,3
11033,2018-W25,Encephalitis,0
11034,2018-W25,Legionellosis,0
11035,2018-W25,Campylobacter enteritis,8
11036,2018-W25,Acute Viral hepatitis C,0
11037,2018-W25,Leptospirosis,4
11038,2018-W25,Melioidosis,0
11039,2018-W25,Meningococcal Infection,0
11040,2018-W25,Pertussis,1
11041,2018-W25,Pneumococcal Disease (invasive),3
11042,2018-W25,Haemophilus influenzae type b,0
11043,2018-W25,Salmonellosis(non-enteric fevers),39
11044,2018-W25,Avian Influenza,0
11045,2018-W25,Zika,0
11046,2018-W25,Ebola Virus Disease,0
11047,2018-W25,Japanese Encephalitis,0
11048,2018-W25,Tetanus,0
11049,2018-W25,Botulism,0
11050,2018-W25,Murine Typhus,2
11051,2018-W26,Cholera,0
11052,2018-W26,Paratyphoid,0
11053,2018-W26,Typhoid,1
11054,2018-W26,Acute Viral Hepatitis A,0
11055,2018-W26,Acute Viral Hepatitis E,1
11056,2018-W26,Poliomyelitis,0
11057,2018-W26,Plague,0
11058,2018-W26,Yellow Fever,0
11059,2018-W26,Dengue Fever,75
11060,2018-W26,Dengue Haemorrhagic Fever,1
11061,2018-W26,Malaria,1
11062,2018-W26,Chikungunya,0
11063,2018-W26,HFMD,889
11064,2018-W26,Diphtheria,0
11065,2018-W26,Measles,0
11066,2018-W26,Mumps,7
11067,2018-W26,Rubella,0
11068,2018-W26,SARS,0
11069,2018-W26,Nipah,0
11070,2018-W26,Acute Viral hepatitis B,0
11071,2018-W26,Encephalitis,0
11072,2018-W26,Legionellosis,0
11073,2018-W26,Campylobacter enteritis,8
11074,2018-W26,Acute Viral hepatitis C,0
11075,2018-W26,Leptospirosis,1
11076,2018-W26,Melioidosis,1
11077,2018-W26,Meningococcal Infection,0
11078,2018-W26,Pertussis,1
11079,2018-W26,Pneumococcal Disease (invasive),1
11080,2018-W26,Haemophilus influenzae type b,0
11081,2018-W26,Salmonellosis(non-enteric fevers),30
11082,2018-W26,Avian Influenza,0
11083,2018-W26,Zika,0
11084,2018-W26,Ebola Virus Disease,0
11085,2018-W26,Japanese Encephalitis,0
11086,2018-W26,Tetanus,0
11087,2018-W26,Botulism,0
11088,2018-W26,Murine Typhus,0
11089,2018-W27,Cholera,0
11090,2018-W27,Paratyphoid,1
11091,2018-W27,Typhoid,1
11092,2018-W27,Acute Viral Hepatitis A,7
11093,2018-W27,Acute Viral Hepatitis E,2
11094,2018-W27,Poliomyelitis,0
11095,2018-W27,Plague,0
11096,2018-W27,Yellow Fever,0
11097,2018-W27,Dengue Fever,56
11098,2018-W27,Dengue Haemorrhagic Fever,2
11099,2018-W27,Malaria,1
11100,2018-W27,Chikungunya,0
11101,2018-W27,HFMD,1071
11102,2018-W27,Diphtheria,0
11103,2018-W27,Measles,0
11104,2018-W27,Mumps,12
11105,2018-W27,Rubella,0
11106,2018-W27,SARS,0
11107,2018-W27,Nipah,0
11108,2018-W27,Acute Viral hepatitis B,1
11109,2018-W27,Encephalitis,0
11110,2018-W27,Legionellosis,0
11111,2018-W27,Campylobacter enteritis,8
11112,2018-W27,Acute Viral hepatitis C,0
11113,2018-W27,Leptospirosis,0
11114,2018-W27,Melioidosis,0
11115,2018-W27,Meningococcal Infection,1
11116,2018-W27,Pertussis,2
11117,2018-W27,Pneumococcal Disease (invasive),4
11118,2018-W27,Haemophilus influenzae type b,0
11119,2018-W27,Salmonellosis(non-enteric fevers),42
11120,2018-W27,Avian Influenza,0
11121,2018-W27,Zika,0
11122,2018-W27,Ebola Virus Disease,0
11123,2018-W27,Japanese Encephalitis,0
11124,2018-W27,Tetanus,0
11125,2018-W27,Botulism,0
11126,2018-W27,Murine Typhus,0
11127,2018-W28,Cholera,0
11128,2018-W28,Paratyphoid,0
11129,2018-W28,Typhoid,1
11130,2018-W28,Acute Viral Hepatitis A,1
11131,2018-W28,Acute Viral Hepatitis E,2
11132,2018-W28,Poliomyelitis,0
11133,2018-W28,Plague,0
11134,2018-W28,Yellow Fever,0
11135,2018-W28,Dengue Fever,44
11136,2018-W28,Dengue Haemorrhagic Fever,0
11137,2018-W28,Malaria,2
11138,2018-W28,Chikungunya,1
11139,2018-W28,HFMD,1140
11140,2018-W28,Diphtheria,0
11141,2018-W28,Measles,0
11142,2018-W28,Mumps,9
11143,2018-W28,Rubella,1
11144,2018-W28,SARS,0
11145,2018-W28,Nipah,0
11146,2018-W28,Acute Viral hepatitis B,3
11147,2018-W28,Encephalitis,0
11148,2018-W28,Legionellosis,0
11149,2018-W28,Campylobacter enteritis,9
11150,2018-W28,Acute Viral hepatitis C,1
11151,2018-W28,Leptospirosis,1
11152,2018-W28,Melioidosis,1
11153,2018-W28,Meningococcal Infection,0
11154,2018-W28,Pertussis,1
11155,2018-W28,Pneumococcal Disease (invasive),4
11156,2018-W28,Haemophilus influenzae type b,0
11157,2018-W28,Salmonellosis(non-enteric fevers),22
11158,2018-W28,Avian Influenza,0
11159,2018-W28,Zika,0
11160,2018-W28,Ebola Virus Disease,0
11161,2018-W28,Japanese Encephalitis,0
11162,2018-W28,Tetanus,0
11163,2018-W28,Botulism,0
11164,2018-W28,Murine Typhus,0
11165,2018-W29,Cholera,0
11166,2018-W29,Paratyphoid,1
11167,2018-W29,Typhoid,2
11168,2018-W29,Acute Viral Hepatitis A,1
11169,2018-W29,Acute Viral Hepatitis E,0
11170,2018-W29,Poliomyelitis,0
11171,2018-W29,Plague,0
11172,2018-W29,Yellow Fever,0
11173,2018-W29,Dengue Fever,41
11174,2018-W29,Dengue Haemorrhagic Fever,0
11175,2018-W29,Malaria,0
11176,2018-W29,Chikungunya,0
11177,2018-W29,HFMD,1136
11178,2018-W29,Diphtheria,0
11179,2018-W29,Measles,1
11180,2018-W29,Mumps,12
11181,2018-W29,Rubella,0
11182,2018-W29,SARS,0
11183,2018-W29,Nipah,0
11184,2018-W29,Acute Viral hepatitis B,0
11185,2018-W29,Encephalitis,0
11186,2018-W29,Legionellosis,0
11187,2018-W29,Campylobacter enteritis,7
11188,2018-W29,Acute Viral hepatitis C,1
11189,2018-W29,Leptospirosis,0
11190,2018-W29,Melioidosis,0
11191,2018-W29,Meningococcal Infection,0
11192,2018-W29,Pertussis,4
11193,2018-W29,Pneumococcal Disease (invasive),4
11194,2018-W29,Haemophilus influenzae type b,0
11195,2018-W29,Salmonellosis(non-enteric fevers),22
11196,2018-W29,Avian Influenza,0
11197,2018-W29,Zika,0
11198,2018-W29,Ebola Virus Disease,0
11199,2018-W29,Japanese Encephalitis,0
11200,2018-W29,Tetanus,0
11201,2018-W29,Botulism,0
11202,2018-W29,Murine Typhus,0
11203,2018-W30,Cholera,0
11204,2018-W30,Paratyphoid,0
11205,2018-W30,Typhoid,1
11206,2018-W30,Acute Viral Hepatitis A,1
11207,2018-W30,Acute Viral Hepatitis E,0
11208,2018-W30,Poliomyelitis,0
11209,2018-W30,Plague,0
11210,2018-W30,Yellow Fever,0
11211,2018-W30,Dengue Fever,56
11212,2018-W30,Dengue Haemorrhagic Fever,0
11213,2018-W30,Malaria,0
11214,2018-W30,Chikungunya,1
11215,2018-W30,HFMD,1177
11216,2018-W30,Diphtheria,0
11217,2018-W30,Measles,0
11218,2018-W30,Mumps,8
11219,2018-W30,Rubella,0
11220,2018-W30,SARS,0
11221,2018-W30,Nipah,0
11222,2018-W30,Acute Viral hepatitis B,0
11223,2018-W30,Encephalitis,0
11224,2018-W30,Legionellosis,2
11225,2018-W30,Campylobacter enteritis,7
11226,2018-W30,Acute Viral hepatitis C,0
11227,2018-W30,Leptospirosis,0
11228,2018-W30,Melioidosis,0
11229,2018-W30,Meningococcal Infection,1
11230,2018-W30,Pertussis,3
11231,2018-W30,Pneumococcal Disease (invasive),4
11232,2018-W30,Haemophilus influenzae type b,0
11233,2018-W30,Salmonellosis(non-enteric fevers),37
11234,2018-W30,Avian Influenza,0
11235,2018-W30,Zika,0
11236,2018-W30,Ebola Virus Disease,0
11237,2018-W30,Japanese Encephalitis,0
11238,2018-W30,Tetanus,0
11239,2018-W30,Botulism,0
11240,2018-W30,Murine Typhus,0
11241,2018-W31,Cholera,0
11242,2018-W31,Paratyphoid,0
11243,2018-W31,Typhoid,0
11244,2018-W31,Acute Viral Hepatitis A,0
11245,2018-W31,Acute Viral Hepatitis E,1
11246,2018-W31,Poliomyelitis,0
11247,2018-W31,Plague,0
11248,2018-W31,Yellow Fever,0
11249,2018-W31,Dengue Fever,50
11250,2018-W31,Dengue Haemorrhagic Fever,1
11251,2018-W31,Malaria,0
11252,2018-W31,Chikungunya,0
11253,2018-W31,HFMD,1249
11254,2018-W31,Diphtheria,0
11255,2018-W31,Measles,1
11256,2018-W31,Mumps,12
11257,2018-W31,Rubella,2
11258,2018-W31,SARS,0
11259,2018-W31,Nipah,0
11260,2018-W31,Acute Viral hepatitis B,1
11261,2018-W31,Encephalitis,0
11262,2018-W31,Legionellosis,1
11263,2018-W31,Campylobacter enteritis,13
11264,2018-W31,Acute Viral hepatitis C,0
11265,2018-W31,Leptospirosis,0
11266,2018-W31,Melioidosis,1
11267,2018-W31,Meningococcal Infection,0
11268,2018-W31,Pertussis,1
11269,2018-W31,Pneumococcal Disease (invasive),0
11270,2018-W31,Haemophilus influenzae type b,0
11271,2018-W31,Salmonellosis(non-enteric fevers),32
11272,2018-W31,Avian Influenza,0
11273,2018-W31,Zika,0
11274,2018-W31,Ebola Virus Disease,0
11275,2018-W31,Japanese Encephalitis,0
11276,2018-W31,Tetanus,0
11277,2018-W31,Botulism,0
11278,2018-W31,Murine Typhus,0
11279,2018-W32,Cholera,0
11280,2018-W32,Paratyphoid,1
11281,2018-W32,Typhoid,2
11282,2018-W32,Acute Viral Hepatitis A,1
11283,2018-W32,Acute Viral Hepatitis E,0
11284,2018-W32,Poliomyelitis,0
11285,2018-W32,Plague,0
11286,2018-W32,Yellow Fever,0
11287,2018-W32,Dengue Fever,59
11288,2018-W32,Dengue Haemorrhagic Fever,0
11289,2018-W32,Malaria,0
11290,2018-W32,Chikungunya,0
11291,2018-W32,HFMD,1050
11292,2018-W32,Diphtheria,0
11293,2018-W32,Measles,0
11294,2018-W32,Mumps,7
11295,2018-W32,Rubella,0
11296,2018-W32,SARS,0
11297,2018-W32,Nipah,0
11298,2018-W32,Acute Viral hepatitis B,0
11299,2018-W32,Encephalitis,0
11300,2018-W32,Legionellosis,0
11301,2018-W32,Campylobacter enteritis,11
11302,2018-W32,Acute Viral hepatitis C,0
11303,2018-W32,Leptospirosis,2
11304,2018-W32,Melioidosis,0
11305,2018-W32,Meningococcal Infection,0
11306,2018-W32,Pertussis,1
11307,2018-W32,Pneumococcal Disease (invasive),0
11308,2018-W32,Haemophilus influenzae type b,0
11309,2018-W32,Salmonellosis(non-enteric fevers),30
11310,2018-W32,Avian Influenza,0
11311,2018-W32,Zika,0
11312,2018-W32,Ebola Virus Disease,0
11313,2018-W32,Japanese Encephalitis,0
11314,2018-W32,Tetanus,0
11315,2018-W32,Botulism,0
11316,2018-W32,Murine Typhus,0
11317,2018-W33,Cholera,0
11318,2018-W33,Paratyphoid,1
11319,2018-W33,Typhoid,2
11320,2018-W33,Acute Viral Hepatitis A,1
11321,2018-W33,Acute Viral Hepatitis E,1
11322,2018-W33,Poliomyelitis,0
11323,2018-W33,Plague,0
11324,2018-W33,Yellow Fever,0
11325,2018-W33,Dengue Fever,42
11326,2018-W33,Dengue Haemorrhagic Fever,1
11327,2018-W33,Malaria,1
11328,2018-W33,Chikungunya,0
11329,2018-W33,HFMD,1038
11330,2018-W33,Diphtheria,0
11331,2018-W33,Measles,0
11332,2018-W33,Mumps,7
11333,2018-W33,Rubella,2
11334,2018-W33,SARS,0
11335,2018-W33,Nipah,0
11336,2018-W33,Acute Viral hepatitis B,2
11337,2018-W33,Encephalitis,0
11338,2018-W33,Legionellosis,0
11339,2018-W33,Campylobacter enteritis,12
11340,2018-W33,Acute Viral hepatitis C,0
11341,2018-W33,Leptospirosis,0
11342,2018-W33,Melioidosis,0
11343,2018-W33,Meningococcal Infection,0
11344,2018-W33,Pertussis,1
11345,2018-W33,Pneumococcal Disease (invasive),2
11346,2018-W33,Haemophilus influenzae type b,0
11347,2018-W33,Salmonellosis(non-enteric fevers),23
11348,2018-W33,Avian Influenza,0
11349,2018-W33,Zika,0
11350,2018-W33,Ebola Virus Disease,0
11351,2018-W33,Japanese Encephalitis,0
11352,2018-W33,Tetanus,0
11353,2018-W33,Botulism,0
11354,2018-W33,Murine Typhus,0
11355,2018-W34,Cholera,1
11356,2018-W34,Paratyphoid,1
11357,2018-W34,Typhoid,2
11358,2018-W34,Acute Viral Hepatitis A,4
11359,2018-W34,Acute Viral Hepatitis E,0
11360,2018-W34,Poliomyelitis,0
11361,2018-W34,Plague,0
11362,2018-W34,Yellow Fever,0
11363,2018-W34,Dengue Fever,66
11364,2018-W34,Dengue Haemorrhagic Fever,2
11365,2018-W34,Malaria,1
11366,2018-W34,Chikungunya,0
11367,2018-W34,HFMD,796
11368,2018-W34,Diphtheria,0
11369,2018-W34,Measles,0
11370,2018-W34,Mumps,7
11371,2018-W34,Rubella,1
11372,2018-W34,SARS,0
11373,2018-W34,Nipah,0
11374,2018-W34,Acute Viral hepatitis B,1
11375,2018-W34,Encephalitis,0
11376,2018-W34,Legionellosis,0
11377,2018-W34,Campylobacter enteritis,7
11378,2018-W34,Acute Viral hepatitis C,0
11379,2018-W34,Leptospirosis,0
11380,2018-W34,Melioidosis,1
11381,2018-W34,Meningococcal Infection,0
11382,2018-W34,Pertussis,3
11383,2018-W34,Pneumococcal Disease (invasive),3
11384,2018-W34,Haemophilus influenzae type b,0
11385,2018-W34,Salmonellosis(non-enteric fevers),31
11386,2018-W34,Avian Influenza,0
11387,2018-W34,Zika,0
11388,2018-W34,Ebola Virus Disease,0
11389,2018-W34,Japanese Encephalitis,0
11390,2018-W34,Tetanus,0
11391,2018-W34,Botulism,0
11392,2018-W34,Murine Typhus,2
11393,2018-W35,Cholera,0
11394,2018-W35,Paratyphoid,0
11395,2018-W35,Typhoid,1
11396,2018-W35,Acute Viral Hepatitis A,1
11397,2018-W35,Acute Viral Hepatitis E,0
11398,2018-W35,Poliomyelitis,0
11399,2018-W35,Plague,0
11400,2018-W35,Yellow Fever,0
11401,2018-W35,Dengue Fever,75
11402,2018-W35,Dengue Haemorrhagic Fever,0
11403,2018-W35,Malaria,0
11404,2018-W35,Chikungunya,0
11405,2018-W35,HFMD,684
11406,2018-W35,Diphtheria,0
11407,2018-W35,Measles,2
11408,2018-W35,Mumps,9
11409,2018-W35,Rubella,1
11410,2018-W35,SARS,0
11411,2018-W35,Nipah,0
11412,2018-W35,Acute Viral hepatitis B,0
11413,2018-W35,Encephalitis,0
11414,2018-W35,Legionellosis,1
11415,2018-W35,Campylobacter enteritis,9
11416,2018-W35,Acute Viral hepatitis C,0
11417,2018-W35,Leptospirosis,0
11418,2018-W35,Melioidosis,1
11419,2018-W35,Meningococcal Infection,0
11420,2018-W35,Pertussis,0
11421,2018-W35,Pneumococcal Disease (invasive),4
11422,2018-W35,Haemophilus influenzae type b,0
11423,2018-W35,Salmonellosis(non-enteric fevers),23
11424,2018-W35,Avian Influenza,0
11425,2018-W35,Zika,0
11426,2018-W35,Ebola Virus Disease,0
11427,2018-W35,Japanese Encephalitis,0
11428,2018-W35,Tetanus,0
11429,2018-W35,Botulism,0
11430,2018-W35,Murine Typhus,0
11431,2018-W36,Cholera,0
11432,2018-W36,Paratyphoid,0
11433,2018-W36,Typhoid,2
11434,2018-W36,Acute Viral Hepatitis A,1
11435,2018-W36,Acute Viral Hepatitis E,3
11436,2018-W36,Poliomyelitis,0
11437,2018-W36,Plague,0
11438,2018-W36,Yellow Fever,0
11439,2018-W36,Dengue Fever,75
11440,2018-W36,Dengue Haemorrhagic Fever,1
11441,2018-W36,Malaria,0
11442,2018-W36,Chikungunya,0
11443,2018-W36,HFMD,474
11444,2018-W36,Diphtheria,0
11445,2018-W36,Measles,0
11446,2018-W36,Mumps,4
11447,2018-W36,Rubella,0
11448,2018-W36,SARS,0
11449,2018-W36,Nipah,0
11450,2018-W36,Acute Viral hepatitis B,0
11451,2018-W36,Encephalitis,0
11452,2018-W36,Legionellosis,1
11453,2018-W36,Campylobacter enteritis,4
11454,2018-W36,Acute Viral hepatitis C,0
11455,2018-W36,Leptospirosis,1
11456,2018-W36,Melioidosis,1
11457,2018-W36,Meningococcal Infection,0
11458,2018-W36,Pertussis,1
11459,2018-W36,Pneumococcal Disease (invasive),3
11460,2018-W36,Haemophilus influenzae type b,0
11461,2018-W36,Salmonellosis(non-enteric fevers),38
11462,2018-W36,Avian Influenza,0
11463,2018-W36,Zika,0
11464,2018-W36,Ebola Virus Disease,0
11465,2018-W36,Japanese Encephalitis,0
11466,2018-W36,Tetanus,0
11467,2018-W36,Botulism,0
11468,2018-W36,Murine Typhus,0
11469,2018-W37,Cholera,0
11470,2018-W37,Paratyphoid,0
11471,2018-W37,Typhoid,0
11472,2018-W37,Acute Viral Hepatitis A,2
11473,2018-W37,Acute Viral Hepatitis E,2
11474,2018-W37,Poliomyelitis,0
11475,2018-W37,Plague,0
11476,2018-W37,Yellow Fever,0
11477,2018-W37,Dengue Fever,49
11478,2018-W37,Dengue Haemorrhagic Fever,0
11479,2018-W37,Malaria,0
11480,2018-W37,Chikungunya,0
11481,2018-W37,HFMD,594
11482,2018-W37,Diphtheria,0
11483,2018-W37,Measles,0
11484,2018-W37,Mumps,10
11485,2018-W37,Rubella,1
11486,2018-W37,SARS,0
11487,2018-W37,Nipah,0
11488,2018-W37,Acute Viral hepatitis B,0
11489,2018-W37,Encephalitis,0
11490,2018-W37,Legionellosis,0
11491,2018-W37,Campylobacter enteritis,13
11492,2018-W37,Acute Viral hepatitis C,0
11493,2018-W37,Leptospirosis,1
11494,2018-W37,Melioidosis,0
11495,2018-W37,Meningococcal Infection,0
11496,2018-W37,Pertussis,0
11497,2018-W37,Pneumococcal Disease (invasive),3
11498,2018-W37,Haemophilus influenzae type b,0
11499,2018-W37,Salmonellosis(non-enteric fevers),30
11500,2018-W37,Avian Influenza,0
11501,2018-W37,Zika,0
11502,2018-W37,Ebola Virus Disease,0
11503,2018-W37,Japanese Encephalitis,0
11504,2018-W37,Tetanus,0
11505,2018-W37,Botulism,0
11506,2018-W37,Murine Typhus,0
11507,2018-W38,Cholera,0
11508,2018-W38,Paratyphoid,0
11509,2018-W38,Typhoid,0
11510,2018-W38,Acute Viral Hepatitis A,0
11511,2018-W38,Acute Viral Hepatitis E,1
11512,2018-W38,Poliomyelitis,0
11513,2018-W38,Plague,0
11514,2018-W38,Yellow Fever,0
11515,2018-W38,Dengue Fever,63
11516,2018-W38,Dengue Haemorrhagic Fever,0
11517,2018-W38,Malaria,1
11518,2018-W38,Chikungunya,0
11519,2018-W38,HFMD,568
11520,2018-W38,Diphtheria,0
11521,2018-W38,Measles,0
11522,2018-W38,Mumps,8
11523,2018-W38,Rubella,0
11524,2018-W38,SARS,0
11525,2018-W38,Nipah,0
11526,2018-W38,Acute Viral hepatitis B,1
11527,2018-W38,Encephalitis,0
11528,2018-W38,Legionellosis,0
11529,2018-W38,Campylobacter enteritis,12
11530,2018-W38,Acute Viral hepatitis C,0
11531,2018-W38,Leptospirosis,2
11532,2018-W38,Melioidosis,1
11533,2018-W38,Meningococcal Infection,0
11534,2018-W38,Pertussis,1
11535,2018-W38,Pneumococcal Disease (invasive),3
11536,2018-W38,Haemophilus influenzae type b,0
11537,2018-W38,Salmonellosis(non-enteric fevers),34
11538,2018-W38,Avian Influenza,0
11539,2018-W38,Zika,0
11540,2018-W38,Ebola Virus Disease,0
11541,2018-W38,Japanese Encephalitis,0
11542,2018-W38,Tetanus,0
11543,2018-W38,Botulism,0
11544,2018-W38,Murine Typhus,0
11545,2018-W39,Cholera,0
11546,2018-W39,Paratyphoid,1
11547,2018-W39,Typhoid,1
11548,2018-W39,Acute Viral Hepatitis A,1
11549,2018-W39,Acute Viral Hepatitis E,0
11550,2018-W39,Poliomyelitis,0
11551,2018-W39,Plague,0
11552,2018-W39,Yellow Fever,0
11553,2018-W39,Dengue Fever,40
11554,2018-W39,Dengue Haemorrhagic Fever,0
11555,2018-W39,Malaria,2
11556,2018-W39,Chikungunya,0
11557,2018-W39,HFMD,622
11558,2018-W39,Diphtheria,0
11559,2018-W39,Measles,0
11560,2018-W39,Mumps,7
11561,2018-W39,Rubella,1
11562,2018-W39,SARS,0
11563,2018-W39,Nipah,0
11564,2018-W39,Acute Viral hepatitis B,1
11565,2018-W39,Encephalitis,0
11566,2018-W39,Legionellosis,2
11567,2018-W39,Campylobacter enteritis,11
11568,2018-W39,Acute Viral hepatitis C,2
11569,2018-W39,Leptospirosis,0
11570,2018-W39,Melioidosis,0
11571,2018-W39,Meningococcal Infection,0
11572,2018-W39,Pertussis,2
11573,2018-W39,Pneumococcal Disease (invasive),2
11574,2018-W39,Haemophilus influenzae type b,0
11575,2018-W39,Salmonellosis(non-enteric fevers),28
11576,2018-W39,Avian Influenza,0
11577,2018-W39,Zika,0
11578,2018-W39,Ebola Virus Disease,0
11579,2018-W39,Japanese Encephalitis,0
11580,2018-W39,Tetanus,0
11581,2018-W39,Botulism,0
11582,2018-W39,Murine Typhus,0
11583,2018-W40,Cholera,0
11584,2018-W40,Paratyphoid,0
11585,2018-W40,Typhoid,0
11586,2018-W40,Acute Viral Hepatitis A,2
11587,2018-W40,Acute Viral Hepatitis E,0
11588,2018-W40,Poliomyelitis,0
11589,2018-W40,Plague,0
11590,2018-W40,Yellow Fever,0
11591,2018-W40,Dengue Fever,51
11592,2018-W40,Dengue Haemorrhagic Fever,0
11593,2018-W40,Malaria,1
11594,2018-W40,Chikungunya,0
11595,2018-W40,HFMD,586
11596,2018-W40,Diphtheria,0
11597,2018-W40,Measles,0
11598,2018-W40,Mumps,9
11599,2018-W40,Rubella,0
11600,2018-W40,SARS,0
11601,2018-W40,Nipah,0
11602,2018-W40,Acute Viral hepatitis B,2
11603,2018-W40,Encephalitis,0
11604,2018-W40,Legionellosis,0
11605,2018-W40,Campylobacter enteritis,8
11606,2018-W40,Acute Viral hepatitis C,0
11607,2018-W40,Leptospirosis,0
11608,2018-W40,Melioidosis,3
11609,2018-W40,Meningococcal Infection,0
11610,2018-W40,Pertussis,2
11611,2018-W40,Pneumococcal Disease (invasive),2
11612,2018-W40,Haemophilus influenzae type b,1
11613,2018-W40,Salmonellosis(non-enteric fevers),30
11614,2018-W40,Avian Influenza,0
11615,2018-W40,Zika,0
11616,2018-W40,Ebola Virus Disease,0
11617,2018-W40,Japanese Encephalitis,0
11618,2018-W40,Tetanus,0
11619,2018-W40,Botulism,0
11620,2018-W40,Murine Typhus,1
11621,2018-W41,Cholera,0
11622,2018-W41,Paratyphoid,0
11623,2018-W41,Typhoid,2
11624,2018-W41,Acute Viral Hepatitis A,0
11625,2018-W41,Acute Viral Hepatitis E,1
11626,2018-W41,Poliomyelitis,0
11627,2018-W41,Plague,0
11628,2018-W41,Yellow Fever,0
11629,2018-W41,Dengue Fever,51
11630,2018-W41,Dengue Haemorrhagic Fever,0
11631,2018-W41,Malaria,1
11632,2018-W41,Chikungunya,0
11633,2018-W41,HFMD,547
11634,2018-W41,Diphtheria,0
11635,2018-W41,Measles,0
11636,2018-W41,Mumps,8
11637,2018-W41,Rubella,0
11638,2018-W41,SARS,0
11639,2018-W41,Nipah,0
11640,2018-W41,Acute Viral hepatitis B,1
11641,2018-W41,Encephalitis,0
11642,2018-W41,Legionellosis,0
11643,2018-W41,Campylobacter enteritis,8
11644,2018-W41,Acute Viral hepatitis C,0
11645,2018-W41,Leptospirosis,1
11646,2018-W41,Melioidosis,1
11647,2018-W41,Meningococcal Infection,1
11648,2018-W41,Pertussis,4
11649,2018-W41,Pneumococcal Disease (invasive),3
11650,2018-W41,Haemophilus influenzae type b,0
11651,2018-W41,Salmonellosis(non-enteric fevers),36
11652,2018-W41,Avian Influenza,0
11653,2018-W41,Zika,0
11654,2018-W41,Ebola Virus Disease,0
11655,2018-W41,Japanese Encephalitis,0
11656,2018-W41,Tetanus,0
11657,2018-W41,Botulism,0
11658,2018-W41,Murine Typhus,0
11659,2018-W42,Cholera,0
11660,2018-W42,Paratyphoid,0
11661,2018-W42,Typhoid,2
11662,2018-W42,Acute Viral Hepatitis A,0
11663,2018-W42,Acute Viral Hepatitis E,0
11664,2018-W42,Poliomyelitis,0
11665,2018-W42,Plague,0
11666,2018-W42,Yellow Fever,0
11667,2018-W42,Dengue Fever,60
11668,2018-W42,Dengue Haemorrhagic Fever,2
11669,2018-W42,Malaria,1
11670,2018-W42,Chikungunya,0
11671,2018-W42,HFMD,543
11672,2018-W42,Diphtheria,0
11673,2018-W42,Measles,1
11674,2018-W42,Mumps,10
11675,2018-W42,Rubella,0
11676,2018-W42,SARS,0
11677,2018-W42,Nipah,0
11678,2018-W42,Acute Viral hepatitis B,4
11679,2018-W42,Encephalitis,0
11680,2018-W42,Legionellosis,0
11681,2018-W42,Campylobacter enteritis,8
11682,2018-W42,Acute Viral hepatitis C,0
11683,2018-W42,Leptospirosis,1
11684,2018-W42,Melioidosis,1
11685,2018-W42,Meningococcal Infection,0
11686,2018-W42,Pertussis,1
11687,2018-W42,Pneumococcal Disease (invasive),3
11688,2018-W42,Haemophilus influenzae type b,0
11689,2018-W42,Salmonellosis(non-enteric fevers),36
11690,2018-W42,Avian Influenza,0
11691,2018-W42,Zika,0
11692,2018-W42,Ebola Virus Disease,0
11693,2018-W42,Japanese Encephalitis,0
11694,2018-W42,Tetanus,0
11695,2018-W42,Botulism,0
11696,2018-W42,Murine Typhus,1
11697,2018-W43,Cholera,0
11698,2018-W43,Paratyphoid,0
11699,2018-W43,Typhoid,0
11700,2018-W43,Acute Viral Hepatitis A,1
11701,2018-W43,Acute Viral Hepatitis E,3
11702,2018-W43,Poliomyelitis,0
11703,2018-W43,Plague,0
11704,2018-W43,Yellow Fever,0
11705,2018-W43,Dengue Fever,78
11706,2018-W43,Dengue Haemorrhagic Fever,0
11707,2018-W43,Malaria,0
11708,2018-W43,Chikungunya,2
11709,2018-W43,HFMD,561
11710,2018-W43,Diphtheria,0
11711,2018-W43,Measles,0
11712,2018-W43,Mumps,5
11713,2018-W43,Rubella,0
11714,2018-W43,SARS,0
11715,2018-W43,Nipah,0
11716,2018-W43,Acute Viral hepatitis B,1
11717,2018-W43,Encephalitis,0
11718,2018-W43,Legionellosis,0
11719,2018-W43,Campylobacter enteritis,10
11720,2018-W43,Acute Viral hepatitis C,1
11721,2018-W43,Leptospirosis,1
11722,2018-W43,Melioidosis,2
11723,2018-W43,Meningococcal Infection,0
11724,2018-W43,Pertussis,2
11725,2018-W43,Pneumococcal Disease (invasive),3
11726,2018-W43,Haemophilus influenzae type b,0
11727,2018-W43,Salmonellosis(non-enteric fevers),40
11728,2018-W43,Avian Influenza,0
11729,2018-W43,Zika,0
11730,2018-W43,Ebola Virus Disease,0
11731,2018-W43,Japanese Encephalitis,0
11732,2018-W43,Tetanus,0
11733,2018-W43,Botulism,0
11734,2018-W43,Murine Typhus,1
11735,2018-W44,Cholera,0
11736,2018-W44,Paratyphoid,0
11737,2018-W44,Typhoid,3
11738,2018-W44,Acute Viral Hepatitis A,0
11739,2018-W44,Acute Viral Hepatitis E,0
11740,2018-W44,Poliomyelitis,0
11741,2018-W44,Plague,0
11742,2018-W44,Yellow Fever,0
11743,2018-W44,Dengue Fever,75
11744,2018-W44,Dengue Haemorrhagic Fever,0
11745,2018-W44,Malaria,2
11746,2018-W44,Chikungunya,2
11747,2018-W44,HFMD,565
11748,2018-W44,Diphtheria,0
11749,2018-W44,Measles,0
11750,2018-W44,Mumps,6
11751,2018-W44,Rubella,0
11752,2018-W44,SARS,0
11753,2018-W44,Nipah,0
11754,2018-W44,Acute Viral hepatitis B,0
11755,2018-W44,Encephalitis,0
11756,2018-W44,Legionellosis,0
11757,2018-W44,Campylobacter enteritis,6
11758,2018-W44,Acute Viral hepatitis C,1
11759,2018-W44,Leptospirosis,1
11760,2018-W44,Melioidosis,2
11761,2018-W44,Meningococcal Infection,0
11762,2018-W44,Pertussis,0
11763,2018-W44,Pneumococcal Disease (invasive),1
11764,2018-W44,Haemophilus influenzae type b,0
11765,2018-W44,Salmonellosis(non-enteric fevers),44
11766,2018-W44,Avian Influenza,0
11767,2018-W44,Zika,0
11768,2018-W44,Ebola Virus Disease,0
11769,2018-W44,Japanese Encephalitis,0
11770,2018-W44,Tetanus,0
11771,2018-W44,Botulism,0
11772,2018-W44,Murine Typhus,0
11773,2018-W45,Cholera,0
11774,2018-W45,Paratyphoid,0
11775,2018-W45,Typhoid,0
11776,2018-W45,Acute Viral Hepatitis A,1
11777,2018-W45,Acute Viral Hepatitis E,1
11778,2018-W45,Poliomyelitis,0
11779,2018-W45,Plague,0
11780,2018-W45,Yellow Fever,0
11781,2018-W45,Dengue Fever,71
11782,2018-W45,Dengue Haemorrhagic Fever,0
11783,2018-W45,Malaria,0
11784,2018-W45,Chikungunya,0
11785,2018-W45,HFMD,528
11786,2018-W45,Diphtheria,0
11787,2018-W45,Measles,1
11788,2018-W45,Mumps,11
11789,2018-W45,Rubella,0
11790,2018-W45,SARS,0
11791,2018-W45,Nipah,0
11792,2018-W45,Acute Viral hepatitis B,1
11793,2018-W45,Encephalitis,0
11794,2018-W45,Legionellosis,2
11795,2018-W45,Campylobacter enteritis,11
11796,2018-W45,Acute Viral hepatitis C,0
11797,2018-W45,Leptospirosis,2
11798,2018-W45,Melioidosis,2
11799,2018-W45,Meningococcal Infection,1
11800,2018-W45,Pertussis,0
11801,2018-W45,Pneumococcal Disease (invasive),3
11802,2018-W45,Haemophilus influenzae type b,0
11803,2018-W45,Salmonellosis(non-enteric fevers),34
11804,2018-W45,Avian Influenza,0
11805,2018-W45,Zika,0
11806,2018-W45,Ebola Virus Disease,0
11807,2018-W45,Japanese Encephalitis,0
11808,2018-W45,Tetanus,0
11809,2018-W45,Botulism,0
11810,2018-W45,Murine Typhus,0
11811,2018-W46,Cholera,0
11812,2018-W46,Paratyphoid,0
11813,2018-W46,Typhoid,1
11814,2018-W46,Acute Viral Hepatitis A,0
11815,2018-W46,Acute Viral Hepatitis E,1
11816,2018-W46,Poliomyelitis,0
11817,2018-W46,Plague,0
11818,2018-W46,Yellow Fever,0
11819,2018-W46,Dengue Fever,78
11820,2018-W46,Dengue Haemorrhagic Fever,0
11821,2018-W46,Malaria,1
11822,2018-W46,Chikungunya,0
11823,2018-W46,HFMD,587
11824,2018-W46,Diphtheria,0
11825,2018-W46,Measles,0
11826,2018-W46,Mumps,2
11827,2018-W46,Rubella,0
11828,2018-W46,SARS,0
11829,2018-W46,Nipah,0
11830,2018-W46,Acute Viral hepatitis B,2
11831,2018-W46,Encephalitis,0
11832,2018-W46,Legionellosis,2
11833,2018-W46,Campylobacter enteritis,12
11834,2018-W46,Acute Viral hepatitis C,0
11835,2018-W46,Leptospirosis,0
11836,2018-W46,Melioidosis,1
11837,2018-W46,Meningococcal Infection,0
11838,2018-W46,Pertussis,1
11839,2018-W46,Pneumococcal Disease (invasive),4
11840,2018-W46,Haemophilus influenzae type b,0
11841,2018-W46,Salmonellosis(non-enteric fevers),37
11842,2018-W46,Avian Influenza,0
11843,2018-W46,Zika,0
11844,2018-W46,Ebola Virus Disease,0
11845,2018-W46,Japanese Encephalitis,0
11846,2018-W46,Tetanus,0
11847,2018-W46,Botulism,0
11848,2018-W46,Murine Typhus,1
11849,2018-W47,Cholera,0
11850,2018-W47,Paratyphoid,1
11851,2018-W47,Typhoid,1
11852,2018-W47,Acute Viral Hepatitis A,0
11853,2018-W47,Acute Viral Hepatitis E,0
11854,2018-W47,Poliomyelitis,0
11855,2018-W47,Plague,0
11856,2018-W47,Yellow Fever,0
11857,2018-W47,Dengue Fever,97
11858,2018-W47,Dengue Haemorrhagic Fever,0
11859,2018-W47,Malaria,0
11860,2018-W47,Chikungunya,0
11861,2018-W47,HFMD,607
11862,2018-W47,Diphtheria,0
11863,2018-W47,Measles,2
11864,2018-W47,Mumps,10
11865,2018-W47,Rubella,0
11866,2018-W47,SARS,0
11867,2018-W47,Nipah,0
11868,2018-W47,Acute Viral hepatitis B,0
11869,2018-W47,Encephalitis,0
11870,2018-W47,Legionellosis,0
11871,2018-W47,Campylobacter enteritis,9
11872,2018-W47,Acute Viral hepatitis C,0
11873,2018-W47,Leptospirosis,1
11874,2018-W47,Melioidosis,0
11875,2018-W47,Meningococcal Infection,0
11876,2018-W47,Pertussis,2
11877,2018-W47,Pneumococcal Disease (invasive),1
11878,2018-W47,Haemophilus influenzae type b,0
11879,2018-W47,Salmonellosis(non-enteric fevers),31
11880,2018-W47,Avian Influenza,0
11881,2018-W47,Zika,0
11882,2018-W47,Ebola Virus Disease,0
11883,2018-W47,Japanese Encephalitis,0
11884,2018-W47,Tetanus,0
11885,2018-W47,Botulism,0
11886,2018-W47,Murine Typhus,1
11887,2018-W48,Cholera,0
11888,2018-W48,Paratyphoid,0
11889,2018-W48,Typhoid,2
11890,2018-W48,Acute Viral Hepatitis A,0
11891,2018-W48,Acute Viral Hepatitis E,1
11892,2018-W48,Poliomyelitis,0
11893,2018-W48,Plague,0
11894,2018-W48,Yellow Fever,0
11895,2018-W48,Dengue Fever,109
11896,2018-W48,Dengue Haemorrhagic Fever,0
11897,2018-W48,Malaria,0
11898,2018-W48,Chikungunya,4
11899,2018-W48,HFMD,533
11900,2018-W48,Diphtheria,0
11901,2018-W48,Measles,1
11902,2018-W48,Mumps,7
11903,2018-W48,Rubella,0
11904,2018-W48,SARS,0
11905,2018-W48,Nipah,0
11906,2018-W48,Acute Viral hepatitis B,1
11907,2018-W48,Encephalitis,0
11908,2018-W48,Legionellosis,1
11909,2018-W48,Campylobacter enteritis,11
11910,2018-W48,Acute Viral hepatitis C,0
11911,2018-W48,Leptospirosis,1
11912,2018-W48,Melioidosis,1
11913,2018-W48,Meningococcal Infection,0
11914,2018-W48,Pertussis,3
11915,2018-W48,Pneumococcal Disease (invasive),1
11916,2018-W48,Haemophilus influenzae type b,0
11917,2018-W48,Salmonellosis(non-enteric fevers),21
11918,2018-W48,Avian Influenza,0
11919,2018-W48,Zika,0
11920,2018-W48,Ebola Virus Disease,0
11921,2018-W48,Japanese Encephalitis,0
11922,2018-W48,Tetanus,0
11923,2018-W48,Botulism,0
11924,2018-W48,Murine Typhus,0
11925,2018-W49,Cholera,0
11926,2018-W49,Paratyphoid,0
11927,2018-W49,Typhoid,0
11928,2018-W49,Acute Viral Hepatitis A,2
11929,2018-W49,Acute Viral Hepatitis E,0
11930,2018-W49,Poliomyelitis,0
11931,2018-W49,Plague,0
11932,2018-W49,Yellow Fever,0
11933,2018-W49,Dengue Fever,114
11934,2018-W49,Dengue Haemorrhagic Fever,1
11935,2018-W49,Malaria,1
11936,2018-W49,Chikungunya,1
11937,2018-W49,HFMD,500
11938,2018-W49,Diphtheria,0
11939,2018-W49,Measles,0
11940,2018-W49,Mumps,3
11941,2018-W49,Rubella,0
11942,2018-W49,SARS,0
11943,2018-W49,Nipah,0
11944,2018-W49,Acute Viral hepatitis B,1
11945,2018-W49,Encephalitis,0
11946,2018-W49,Legionellosis,0
11947,2018-W49,Campylobacter enteritis,7
11948,2018-W49,Acute Viral hepatitis C,0
11949,2018-W49,Leptospirosis,0
11950,2018-W49,Melioidosis,2
11951,2018-W49,Meningococcal Infection,0
11952,2018-W49,Pertussis,2
11953,2018-W49,Pneumococcal Disease (invasive),3
11954,2018-W49,Haemophilus influenzae type b,0
11955,2018-W49,Salmonellosis(non-enteric fevers),31
11956,2018-W49,Avian Influenza,0
11957,2018-W49,Zika,0
11958,2018-W49,Ebola Virus Disease,0
11959,2018-W49,Japanese Encephalitis,0
11960,2018-W49,Tetanus,0
11961,2018-W49,Botulism,0
11962,2018-W49,Murine Typhus,0
11963,2018-W50,Cholera,0
11964,2018-W50,Paratyphoid,1
11965,2018-W50,Typhoid,0
11966,2018-W50,Acute Viral Hepatitis A,6
11967,2018-W50,Acute Viral Hepatitis E,0
11968,2018-W50,Poliomyelitis,0
11969,2018-W50,Plague,0
11970,2018-W50,Yellow Fever,0
11971,2018-W50,Dengue Fever,107
11972,2018-W50,Dengue Haemorrhagic Fever,1
11973,2018-W50,Malaria,0
11974,2018-W50,Chikungunya,0
11975,2018-W50,HFMD,461
11976,2018-W50,Diphtheria,0
11977,2018-W50,Measles,0
11978,2018-W50,Mumps,10
11979,2018-W50,Rubella,0
11980,2018-W50,SARS,0
11981,2018-W50,Nipah,0
11982,2018-W50,Acute Viral hepatitis B,1
11983,2018-W50,Encephalitis,0
11984,2018-W50,Legionellosis,0
11985,2018-W50,Campylobacter enteritis,9
11986,2018-W50,Acute Viral hepatitis C,1
11987,2018-W50,Leptospirosis,0
11988,2018-W50,Melioidosis,1
11989,2018-W50,Meningococcal Infection,1
11990,2018-W50,Pertussis,3
11991,2018-W50,Pneumococcal Disease (invasive),2
11992,2018-W50,Haemophilus influenzae type b,1
11993,2018-W50,Salmonellosis(non-enteric fevers),27
11994,2018-W50,Avian Influenza,0
11995,2018-W50,Zika,0
11996,2018-W50,Ebola Virus Disease,0
11997,2018-W50,Japanese Encephalitis,0
11998,2018-W50,Tetanus,0
11999,2018-W50,Botulism,0
12000,2018-W50,Murine Typhus,0
12001,2018-W51,Cholera,0
12002,2018-W51,Paratyphoid,0
12003,2018-W51,Typhoid,1
12004,2018-W51,Acute Viral Hepatitis A,6
12005,2018-W51,Acute Viral Hepatitis E,0
12006,2018-W51,Poliomyelitis,0
12007,2018-W51,Plague,0
12008,2018-W51,Yellow Fever,0
12009,2018-W51,Dengue Fever,127
12010,2018-W51,Dengue Haemorrhagic Fever,1
12011,2018-W51,Malaria,2
12012,2018-W51,Chikungunya,0
12013,2018-W51,HFMD,486
12014,2018-W51,Diphtheria,0
12015,2018-W51,Measles,0
12016,2018-W51,Mumps,4
12017,2018-W51,Rubella,0
12018,2018-W51,SARS,0
12019,2018-W51,Nipah,0
12020,2018-W51,Acute Viral hepatitis B,1
12021,2018-W51,Encephalitis,0
12022,2018-W51,Legionellosis,0
12023,2018-W51,Campylobacter enteritis,15
12024,2018-W51,Acute Viral hepatitis C,0
12025,2018-W51,Leptospirosis,1
12026,2018-W51,Melioidosis,0
12027,2018-W51,Meningococcal Infection,0
12028,2018-W51,Pertussis,1
12029,2018-W51,Pneumococcal Disease (invasive),1
12030,2018-W51,Haemophilus influenzae type b,0
12031,2018-W51,Salmonellosis(non-enteric fevers),33
12032,2018-W51,Avian Influenza,0
12033,2018-W51,Zika,0
12034,2018-W51,Ebola Virus Disease,0
12035,2018-W51,Japanese Encephalitis,0
12036,2018-W51,Tetanus,0
12037,2018-W51,Botulism,0
12038,2018-W51,Murine Typhus,0
12039,2018-W52,Cholera,1
12040,2018-W52,Paratyphoid,1
12041,2018-W52,Typhoid,0
12042,2018-W52,Acute Viral Hepatitis A,1
12043,2018-W52,Acute Viral Hepatitis E,1
12044,2018-W52,Poliomyelitis,0
12045,2018-W52,Plague,0
12046,2018-W52,Yellow Fever,0
12047,2018-W52,Dengue Fever,160
12048,2018-W52,Dengue Haemorrhagic Fever,0
12049,2018-W52,Malaria,2
12050,2018-W52,Chikungunya,0
12051,2018-W52,HFMD,439
12052,2018-W52,Diphtheria,0
12053,2018-W52,Measles,0
12054,2018-W52,Mumps,9
12055,2018-W52,Rubella,0
12056,2018-W52,SARS,0
12057,2018-W52,Nipah,0
12058,2018-W52,Acute Viral hepatitis B,1
12059,2018-W52,Encephalitis,0
12060,2018-W52,Legionellosis,1
12061,2018-W52,Campylobacter enteritis,5
12062,2018-W52,Acute Viral hepatitis C,0
12063,2018-W52,Leptospirosis,2
12064,2018-W52,Melioidosis,0
12065,2018-W52,Meningococcal Infection,0
12066,2018-W52,Pertussis,2
12067,2018-W52,Pneumococcal Disease (invasive),3
12068,2018-W52,Haemophilus influenzae type b,0
12069,2018-W52,Salmonellosis(non-enteric fevers),24
12070,2018-W52,Avian Influenza,0
12071,2018-W52,Zika,0
12072,2018-W52,Ebola Virus Disease,0
12073,2018-W52,Japanese Encephalitis,0
12074,2018-W52,Tetanus,0
12075,2018-W52,Botulism,0
12076,2018-W52,Murine Typhus,1
12077,2019-W01,Cholera,0
12078,2019-W01,Paratyphoid,0
12079,2019-W01,Typhoid,2
12080,2019-W01,Acute Viral Hepatitis A,5
12081,2019-W01,Acute Viral Hepatitis E,1
12082,2019-W01,Poliomyelitis,0
12083,2019-W01,Plague,0
12084,2019-W01,Yellow Fever,0
12085,2019-W01,Dengue Fever,205
12086,2019-W01,Dengue Haemorrhagic Fever,2
12087,2019-W01,Malaria,1
12088,2019-W01,Chikungunya,1
12089,2019-W01,HFMD,0
12090,2019-W01,Diphtheria,0
12091,2019-W01,Measles,0
12092,2019-W01,Mumps,5
12093,2019-W01,Rubella,0
12094,2019-W01,SARS,0
12095,2019-W01,Nipah,0
12096,2019-W01,Acute Viral hepatitis B,1
12097,2019-W01,Encephalitis,0
12098,2019-W01,Legionellosis,0
12099,2019-W01,Campylobacter enteritis,5
12100,2019-W01,Acute Viral hepatitis C,0
12101,2019-W01,Leptospirosis,0
12102,2019-W01,Melioidosis,0
12103,2019-W01,Meningococcal Infection,0
12104,2019-W01,Pertussis,1
12105,2019-W01,Pneumococcal Disease (invasive),0
12106,2019-W01,Haemophilus influenzae type b,0
12107,2019-W01,Salmonellosis(non-enteric fevers),43
12108,2019-W01,Avian Influenza,0
12109,2019-W01,Zika,0
12110,2019-W01,Ebola Virus Disease,0
12111,2019-W01,Japanese Encephalitis,0
12112,2019-W01,Tetanus,0
12113,2019-W01,Botulism,0
12114,2019-W01,Murine Typhus,0
12115,2019-W02,Cholera,0
12116,2019-W02,Paratyphoid,2
12117,2019-W02,Typhoid,6
12118,2019-W02,Acute Viral Hepatitis A,2
12119,2019-W02,Acute Viral Hepatitis E,0
12120,2019-W02,Poliomyelitis,0
12121,2019-W02,Plague,0
12122,2019-W02,Yellow Fever,0
12123,2019-W02,Dengue Fever,245
12124,2019-W02,Dengue Haemorrhagic Fever,0
12125,2019-W02,Malaria,0
12126,2019-W02,Chikungunya,0
12127,2019-W02,HFMD,0
12128,2019-W02,Diphtheria,0
12129,2019-W02,Measles,1
12130,2019-W02,Mumps,13
12131,2019-W02,Rubella,0
12132,2019-W02,SARS,0
12133,2019-W02,Nipah,0
12134,2019-W02,Acute Viral hepatitis B,1
12135,2019-W02,Encephalitis,0
12136,2019-W02,Legionellosis,0
12137,2019-W02,Campylobacter enteritis,5
12138,2019-W02,Acute Viral hepatitis C,1
12139,2019-W02,Leptospirosis,0
12140,2019-W02,Melioidosis,1
12141,2019-W02,Meningococcal Infection,0
12142,2019-W02,Pertussis,2
12143,2019-W02,Pneumococcal Disease (invasive),2
12144,2019-W02,Haemophilus influenzae type b,0
12145,2019-W02,Salmonellosis(non-enteric fevers),28
12146,2019-W02,Avian Influenza,0
12147,2019-W02,Zika,0
12148,2019-W02,Ebola Virus Disease,0
12149,2019-W02,Japanese Encephalitis,0
12150,2019-W02,Tetanus,0
12151,2019-W02,Botulism,0
12152,2019-W02,Murine Typhus,1
12153,2019-W03,Cholera,0
12154,2019-W03,Paratyphoid,0
12155,2019-W03,Typhoid,2
12156,2019-W03,Acute Viral Hepatitis A,1
12157,2019-W03,Acute Viral Hepatitis E,0
12158,2019-W03,Poliomyelitis,0
12159,2019-W03,Plague,0
12160,2019-W03,Yellow Fever,0
12161,2019-W03,Dengue Fever,207
12162,2019-W03,Dengue Haemorrhagic Fever,8
12163,2019-W03,Malaria,3
12164,2019-W03,Chikungunya,2
12165,2019-W03,HFMD,0
12166,2019-W03,Diphtheria,0
12167,2019-W03,Measles,5
12168,2019-W03,Mumps,7
12169,2019-W03,Rubella,0
12170,2019-W03,SARS,0
12171,2019-W03,Nipah,0
12172,2019-W03,Acute Viral hepatitis B,0
12173,2019-W03,Encephalitis,0
12174,2019-W03,Legionellosis,0
12175,2019-W03,Campylobacter enteritis,10
12176,2019-W03,Acute Viral hepatitis C,0
12177,2019-W03,Leptospirosis,0
12178,2019-W03,Melioidosis,2
12179,2019-W03,Meningococcal Infection,0
12180,2019-W03,Pertussis,0
12181,2019-W03,Pneumococcal Disease (invasive),3
12182,2019-W03,Haemophilus influenzae type b,0
12183,2019-W03,Salmonellosis(non-enteric fevers),55
12184,2019-W03,Avian Influenza,0
12185,2019-W03,Zika,2
12186,2019-W03,Ebola Virus Disease,0
12187,2019-W03,Japanese Encephalitis,0
12188,2019-W03,Tetanus,0
12189,2019-W03,Botulism,0
12190,2019-W03,Murine Typhus,0
12191,2019-W04,Cholera,0
12192,2019-W04,Paratyphoid,2
12193,2019-W04,Typhoid,2
12194,2019-W04,Acute Viral Hepatitis A,1
12195,2019-W04,Acute Viral Hepatitis E,0
12196,2019-W04,Poliomyelitis,0
12197,2019-W04,Plague,0
12198,2019-W04,Yellow Fever,0
12199,2019-W04,Dengue Fever,221
12200,2019-W04,Dengue Haemorrhagic Fever,1
12201,2019-W04,Malaria,0
12202,2019-W04,Chikungunya,1
12203,2019-W04,HFMD,0
12204,2019-W04,Diphtheria,0
12205,2019-W04,Measles,2
12206,2019-W04,Mumps,9
12207,2019-W04,Rubella,0
12208,2019-W04,SARS,0
12209,2019-W04,Nipah,0
12210,2019-W04,Acute Viral hepatitis B,2
12211,2019-W04,Encephalitis,0
12212,2019-W04,Legionellosis,0
12213,2019-W04,Campylobacter enteritis,7
12214,2019-W04,Acute Viral hepatitis C,0
12215,2019-W04,Leptospirosis,0
12216,2019-W04,Melioidosis,1
12217,2019-W04,Meningococcal Infection,1
12218,2019-W04,Pertussis,1
12219,2019-W04,Pneumococcal Disease (invasive),2
12220,2019-W04,Haemophilus influenzae type b,0
12221,2019-W04,Salmonellosis(non-enteric fevers),38
12222,2019-W04,Avian Influenza,0
12223,2019-W04,Zika,0
12224,2019-W04,Ebola Virus Disease,0
12225,2019-W04,Japanese Encephalitis,0
12226,2019-W04,Tetanus,0
12227,2019-W04,Botulism,0
12228,2019-W04,Murine Typhus,1
12229,2019-W05,Cholera,0
12230,2019-W05,Paratyphoid,0
12231,2019-W05,Typhoid,1
12232,2019-W05,Acute Viral Hepatitis A,1
12233,2019-W05,Acute Viral Hepatitis E,0
12234,2019-W05,Poliomyelitis,0
12235,2019-W05,Plague,0
12236,2019-W05,Yellow Fever,0
12237,2019-W05,Dengue Fever,179
12238,2019-W05,Dengue Haemorrhagic Fever,3
12239,2019-W05,Malaria,1
12240,2019-W05,Chikungunya,0
12241,2019-W05,HFMD,0
12242,2019-W05,Diphtheria,0
12243,2019-W05,Measles,3
12244,2019-W05,Mumps,9
12245,2019-W05,Rubella,0
12246,2019-W05,SARS,0
12247,2019-W05,Nipah,0
12248,2019-W05,Acute Viral hepatitis B,0
12249,2019-W05,Encephalitis,0
12250,2019-W05,Legionellosis,0
12251,2019-W05,Campylobacter enteritis,6
12252,2019-W05,Acute Viral hepatitis C,0
12253,2019-W05,Leptospirosis,0
12254,2019-W05,Melioidosis,1
12255,2019-W05,Meningococcal Infection,0
12256,2019-W05,Pertussis,3
12257,2019-W05,Pneumococcal Disease (invasive),6
12258,2019-W05,Haemophilus influenzae type b,0
12259,2019-W05,Salmonellosis(non-enteric fevers),34
12260,2019-W05,Avian Influenza,0
12261,2019-W05,Zika,0
12262,2019-W05,Ebola Virus Disease,0
12263,2019-W05,Japanese Encephalitis,0
12264,2019-W05,Tetanus,0
12265,2019-W05,Botulism,0
12266,2019-W05,Murine Typhus,0
12267,2019-W06,Cholera,0
12268,2019-W06,Paratyphoid,0
12269,2019-W06,Typhoid,1
12270,2019-W06,Acute Viral Hepatitis A,3
12271,2019-W06,Acute Viral Hepatitis E,0
12272,2019-W06,Poliomyelitis,0
12273,2019-W06,Plague,0
12274,2019-W06,Yellow Fever,0
12275,2019-W06,Dengue Fever,135
12276,2019-W06,Dengue Haemorrhagic Fever,3
12277,2019-W06,Malaria,0
12278,2019-W06,Chikungunya,0
12279,2019-W06,HFMD,0
12280,2019-W06,Diphtheria,0
12281,2019-W06,Measles,3
12282,2019-W06,Mumps,6
12283,2019-W06,Rubella,0
12284,2019-W06,SARS,0
12285,2019-W06,Nipah,0
12286,2019-W06,Acute Viral hepatitis B,1
12287,2019-W06,Encephalitis,0
12288,2019-W06,Legionellosis,1
12289,2019-W06,Campylobacter enteritis,6
12290,2019-W06,Acute Viral hepatitis C,0
12291,2019-W06,Leptospirosis,0
12292,2019-W06,Melioidosis,0
12293,2019-W06,Meningococcal Infection,0
12294,2019-W06,Pertussis,1
12295,2019-W06,Pneumococcal Disease (invasive),4
12296,2019-W06,Haemophilus influenzae type b,1
12297,2019-W06,Salmonellosis(non-enteric fevers),30
12298,2019-W06,Avian Influenza,0
12299,2019-W06,Zika,1
12300,2019-W06,Ebola Virus Disease,0
12301,2019-W06,Japanese Encephalitis,0
12302,2019-W06,Tetanus,0
12303,2019-W06,Botulism,0
12304,2019-W06,Murine Typhus,0
12305,2019-W07,Cholera,0
12306,2019-W07,Paratyphoid,0
12307,2019-W07,Typhoid,1
12308,2019-W07,Acute Viral Hepatitis A,0
12309,2019-W07,Acute Viral Hepatitis E,0
12310,2019-W07,Poliomyelitis,0
12311,2019-W07,Plague,0
12312,2019-W07,Yellow Fever,0
12313,2019-W07,Dengue Fever,232
12314,2019-W07,Dengue Haemorrhagic Fever,3
12315,2019-W07,Malaria,2
12316,2019-W07,Chikungunya,0
12317,2019-W07,HFMD,0
12318,2019-W07,Diphtheria,0
12319,2019-W07,Measles,4
12320,2019-W07,Mumps,6
12321,2019-W07,Rubella,0
12322,2019-W07,SARS,0
12323,2019-W07,Nipah,0
12324,2019-W07,Acute Viral hepatitis B,1
12325,2019-W07,Encephalitis,0
12326,2019-W07,Legionellosis,0
12327,2019-W07,Campylobacter enteritis,20
12328,2019-W07,Acute Viral hepatitis C,0
12329,2019-W07,Leptospirosis,0
12330,2019-W07,Melioidosis,2
12331,2019-W07,Meningococcal Infection,1
12332,2019-W07,Pertussis,5
12333,2019-W07,Pneumococcal Disease (invasive),1
12334,2019-W07,Haemophilus influenzae type b,0
12335,2019-W07,Salmonellosis(non-enteric fevers),40
12336,2019-W07,Avian Influenza,0
12337,2019-W07,Zika,0
12338,2019-W07,Ebola Virus Disease,0
12339,2019-W07,Japanese Encephalitis,0
12340,2019-W07,Tetanus,0
12341,2019-W07,Botulism,0
12342,2019-W07,Murine Typhus,0
12343,2019-W08,Cholera,0
12344,2019-W08,Paratyphoid,0
12345,2019-W08,Typhoid,0
12346,2019-W08,Acute Viral Hepatitis A,2
12347,2019-W08,Acute Viral Hepatitis E,2
12348,2019-W08,Poliomyelitis,0
12349,2019-W08,Plague,0
12350,2019-W08,Yellow Fever,0
12351,2019-W08,Dengue Fever,181
12352,2019-W08,Dengue Haemorrhagic Fever,1
12353,2019-W08,Malaria,0
12354,2019-W08,Chikungunya,1
12355,2019-W08,HFMD,0
12356,2019-W08,Diphtheria,0
12357,2019-W08,Measles,7
12358,2019-W08,Mumps,10
12359,2019-W08,Rubella,0
12360,2019-W08,SARS,0
12361,2019-W08,Nipah,0
12362,2019-W08,Acute Viral hepatitis B,1
12363,2019-W08,Encephalitis,0
12364,2019-W08,Legionellosis,0
12365,2019-W08,Campylobacter enteritis,9
12366,2019-W08,Acute Viral hepatitis C,0
12367,2019-W08,Leptospirosis,0
12368,2019-W08,Melioidosis,1
12369,2019-W08,Meningococcal Infection,0
12370,2019-W08,Pertussis,0
12371,2019-W08,Pneumococcal Disease (invasive),4
12372,2019-W08,Haemophilus influenzae type b,0
12373,2019-W08,Salmonellosis(non-enteric fevers),25
12374,2019-W08,Avian Influenza,0
12375,2019-W08,Zika,0
12376,2019-W08,Ebola Virus Disease,0
12377,2019-W08,Japanese Encephalitis,0
12378,2019-W08,Tetanus,0
12379,2019-W08,Botulism,0
12380,2019-W08,Murine Typhus,0
12381,2019-W09,Cholera,0
12382,2019-W09,Paratyphoid,0
12383,2019-W09,Typhoid,2
12384,2019-W09,Acute Viral Hepatitis A,1
12385,2019-W09,Acute Viral Hepatitis E,2
12386,2019-W09,Poliomyelitis,0
12387,2019-W09,Plague,0
12388,2019-W09,Yellow Fever,0
12389,2019-W09,Dengue Fever,156
12390,2019-W09,Dengue Haemorrhagic Fever,1
12391,2019-W09,Malaria,0
12392,2019-W09,Chikungunya,2
12393,2019-W09,HFMD,0
12394,2019-W09,Diphtheria,0
12395,2019-W09,Measles,7
12396,2019-W09,Mumps,6
12397,2019-W09,Rubella,0
12398,2019-W09,SARS,0
12399,2019-W09,Nipah,0
12400,2019-W09,Acute Viral hepatitis B,0
12401,2019-W09,Encephalitis,0
12402,2019-W09,Legionellosis,0
12403,2019-W09,Campylobacter enteritis,10
12404,2019-W09,Acute Viral hepatitis C,2
12405,2019-W09,Leptospirosis,0
12406,2019-W09,Melioidosis,1
12407,2019-W09,Meningococcal Infection,0
12408,2019-W09,Pertussis,4
12409,2019-W09,Pneumococcal Disease (invasive),2
12410,2019-W09,Haemophilus influenzae type b,0
12411,2019-W09,Salmonellosis(non-enteric fevers),50
12412,2019-W09,Avian Influenza,0
12413,2019-W09,Zika,0
12414,2019-W09,Ebola Virus Disease,0
12415,2019-W09,Japanese Encephalitis,0
12416,2019-W09,Tetanus,0
12417,2019-W09,Botulism,0
12418,2019-W09,Murine Typhus,0
12419,2019-W10,Cholera,1
12420,2019-W10,Paratyphoid,0
12421,2019-W10,Typhoid,0
12422,2019-W10,Acute Viral Hepatitis A,0
12423,2019-W10,Acute Viral Hepatitis E,1
12424,2019-W10,Poliomyelitis,0
12425,2019-W10,Plague,0
12426,2019-W10,Yellow Fever,0
12427,2019-W10,Dengue Fever,133
12428,2019-W10,Dengue Haemorrhagic Fever,1
12429,2019-W10,Malaria,0
12430,2019-W10,Chikungunya,0
12431,2019-W10,HFMD,0
12432,2019-W10,Diphtheria,0
12433,2019-W10,Measles,4
12434,2019-W10,Mumps,6
12435,2019-W10,Rubella,0
12436,2019-W10,SARS,0
12437,2019-W10,Nipah,0
12438,2019-W10,Acute Viral hepatitis B,0
12439,2019-W10,Encephalitis,0
12440,2019-W10,Legionellosis,0
12441,2019-W10,Campylobacter enteritis,8
12442,2019-W10,Acute Viral hepatitis C,2
12443,2019-W10,Leptospirosis,0
12444,2019-W10,Melioidosis,0
12445,2019-W10,Meningococcal Infection,0
12446,2019-W10,Pertussis,2
12447,2019-W10,Pneumococcal Disease (invasive),3
12448,2019-W10,Haemophilus influenzae type b,0
12449,2019-W10,Salmonellosis(non-enteric fevers),41
12450,2019-W10,Avian Influenza,0
12451,2019-W10,Zika,1
12452,2019-W10,Ebola Virus Disease,0
12453,2019-W10,Japanese Encephalitis,0
12454,2019-W10,Tetanus,0
12455,2019-W10,Botulism,0
12456,2019-W10,Murine Typhus,0
12457,2019-W11,Cholera,0
12458,2019-W11,Paratyphoid,0
12459,2019-W11,Typhoid,1
12460,2019-W11,Acute Viral Hepatitis A,1
12461,2019-W11,Acute Viral Hepatitis E,1
12462,2019-W11,Poliomyelitis,0
12463,2019-W11,Plague,0
12464,2019-W11,Yellow Fever,0
12465,2019-W11,Dengue Fever,109
12466,2019-W11,Dengue Haemorrhagic Fever,0
12467,2019-W11,Malaria,0
12468,2019-W11,Chikungunya,0
12469,2019-W11,HFMD,0
12470,2019-W11,Diphtheria,0
12471,2019-W11,Measles,2
12472,2019-W11,Mumps,5
12473,2019-W11,Rubella,0
12474,2019-W11,SARS,0
12475,2019-W11,Nipah,0
12476,2019-W11,Acute Viral hepatitis B,2
12477,2019-W11,Encephalitis,0
12478,2019-W11,Legionellosis,1
12479,2019-W11,Campylobacter enteritis,11
12480,2019-W11,Acute Viral hepatitis C,0
12481,2019-W11,Leptospirosis,0
12482,2019-W11,Melioidosis,0
12483,2019-W11,Meningococcal Infection,0
12484,2019-W11,Pertussis,3
12485,2019-W11,Pneumococcal Disease (invasive),3
12486,2019-W11,Haemophilus influenzae type b,0
12487,2019-W11,Salmonellosis(non-enteric fevers),39
12488,2019-W11,Avian Influenza,0
12489,2019-W11,Zika,0
12490,2019-W11,Ebola Virus Disease,0
12491,2019-W11,Japanese Encephalitis,0
12492,2019-W11,Tetanus,0
12493,2019-W11,Botulism,0
12494,2019-W11,Murine Typhus,0
12495,2019-W12,Cholera,0
12496,2019-W12,Paratyphoid,0
12497,2019-W12,Typhoid,1
12498,2019-W12,Acute Viral Hepatitis A,0
12499,2019-W12,Acute Viral Hepatitis E,0
12500,2019-W12,Poliomyelitis,0
12501,2019-W12,Plague,0
12502,2019-W12,Yellow Fever,0
12503,2019-W12,Dengue Fever,96
12504,2019-W12,Dengue Haemorrhagic Fever,1
12505,2019-W12,Malaria,1
12506,2019-W12,Chikungunya,0
12507,2019-W12,HFMD,0
12508,2019-W12,Diphtheria,0
12509,2019-W12,Measles,4
12510,2019-W12,Mumps,9
12511,2019-W12,Rubella,0
12512,2019-W12,SARS,0
12513,2019-W12,Nipah,0
12514,2019-W12,Acute Viral hepatitis B,2
12515,2019-W12,Encephalitis,0
12516,2019-W12,Legionellosis,0
12517,2019-W12,Campylobacter enteritis,9
12518,2019-W12,Acute Viral hepatitis C,1
12519,2019-W12,Leptospirosis,0
12520,2019-W12,Melioidosis,1
12521,2019-W12,Meningococcal Infection,0
12522,2019-W12,Pertussis,2
12523,2019-W12,Pneumococcal Disease (invasive),2
12524,2019-W12,Haemophilus influenzae type b,0
12525,2019-W12,Salmonellosis(non-enteric fevers),42
12526,2019-W12,Avian Influenza,0
12527,2019-W12,Zika,0
12528,2019-W12,Ebola Virus Disease,0
12529,2019-W12,Japanese Encephalitis,0
12530,2019-W12,Tetanus,0
12531,2019-W12,Botulism,0
12532,2019-W12,Murine Typhus,0
12533,2019-W13,Cholera,0
12534,2019-W13,Paratyphoid,0
12535,2019-W13,Typhoid,2
12536,2019-W13,Acute Viral Hepatitis A,1
12537,2019-W13,Acute Viral Hepatitis E,1
12538,2019-W13,Poliomyelitis,0
12539,2019-W13,Plague,0
12540,2019-W13,Yellow Fever,0
12541,2019-W13,Dengue Fever,99
12542,2019-W13,Dengue Haemorrhagic Fever,1
12543,2019-W13,Malaria,1
12544,2019-W13,Chikungunya,1
12545,2019-W13,HFMD,0
12546,2019-W13,Diphtheria,0
12547,2019-W13,Measles,1
12548,2019-W13,Mumps,12
12549,2019-W13,Rubella,0
12550,2019-W13,SARS,0
12551,2019-W13,Nipah,0
12552,2019-W13,Acute Viral hepatitis B,1
12553,2019-W13,Encephalitis,0
12554,2019-W13,Legionellosis,0
12555,2019-W13,Campylobacter enteritis,6
12556,2019-W13,Acute Viral hepatitis C,0
12557,2019-W13,Leptospirosis,1
12558,2019-W13,Melioidosis,2
12559,2019-W13,Meningococcal Infection,0
12560,2019-W13,Pertussis,2
12561,2019-W13,Pneumococcal Disease (invasive),4
12562,2019-W13,Haemophilus influenzae type b,0
12563,2019-W13,Salmonellosis(non-enteric fevers),66
12564,2019-W13,Avian Influenza,0
12565,2019-W13,Zika,0
12566,2019-W13,Ebola Virus Disease,0
12567,2019-W13,Japanese Encephalitis,0
12568,2019-W13,Tetanus,0
12569,2019-W13,Botulism,0
12570,2019-W13,Murine Typhus,0
12571,2019-W14,Cholera,0
12572,2019-W14,Paratyphoid,0
12573,2019-W14,Typhoid,0
12574,2019-W14,Acute Viral Hepatitis A,2
12575,2019-W14,Acute Viral Hepatitis E,4
12576,2019-W14,Poliomyelitis,0
12577,2019-W14,Plague,0
12578,2019-W14,Yellow Fever,0
12579,2019-W14,Dengue Fever,108
12580,2019-W14,Dengue Haemorrhagic Fever,0
12581,2019-W14,Malaria,0
12582,2019-W14,Chikungunya,0
12583,2019-W14,HFMD,0
12584,2019-W14,Diphtheria,0
12585,2019-W14,Measles,1
12586,2019-W14,Mumps,9
12587,2019-W14,Rubella,0
12588,2019-W14,SARS,0
12589,2019-W14,Nipah,0
12590,2019-W14,Acute Viral hepatitis B,1
12591,2019-W14,Encephalitis,0
12592,2019-W14,Legionellosis,1
12593,2019-W14,Campylobacter enteritis,7
12594,2019-W14,Acute Viral hepatitis C,1
12595,2019-W14,Leptospirosis,0
12596,2019-W14,Melioidosis,0
12597,2019-W14,Meningococcal Infection,0
12598,2019-W14,Pertussis,1
12599,2019-W14,Pneumococcal Disease (invasive),1
12600,2019-W14,Haemophilus influenzae type b,0
12601,2019-W14,Salmonellosis(non-enteric fevers),72
12602,2019-W14,Avian Influenza,0
12603,2019-W14,Zika,0
12604,2019-W14,Ebola Virus Disease,0
12605,2019-W14,Japanese Encephalitis,0
12606,2019-W14,Tetanus,0
12607,2019-W14,Botulism,0
12608,2019-W14,Murine Typhus,0
12609,2019-W15,Cholera,0
12610,2019-W15,Paratyphoid,0
12611,2019-W15,Typhoid,1
12612,2019-W15,Acute Viral Hepatitis A,2
12613,2019-W15,Acute Viral Hepatitis E,0
12614,2019-W15,Poliomyelitis,0
12615,2019-W15,Plague,0
12616,2019-W15,Yellow Fever,0
12617,2019-W15,Dengue Fever,125
12618,2019-W15,Dengue Haemorrhagic Fever,0
12619,2019-W15,Malaria,2
12620,2019-W15,Chikungunya,0
12621,2019-W15,HFMD,0
12622,2019-W15,Diphtheria,0
12623,2019-W15,Measles,0
12624,2019-W15,Mumps,17
12625,2019-W15,Rubella,0
12626,2019-W15,SARS,0
12627,2019-W15,Nipah,0
12628,2019-W15,Acute Viral hepatitis B,0
12629,2019-W15,Encephalitis,0
12630,2019-W15,Legionellosis,1
12631,2019-W15,Campylobacter enteritis,7
12632,2019-W15,Acute Viral hepatitis C,1
12633,2019-W15,Leptospirosis,0
12634,2019-W15,Melioidosis,2
12635,2019-W15,Meningococcal Infection,0
12636,2019-W15,Pertussis,0
12637,2019-W15,Pneumococcal Disease (invasive),0
12638,2019-W15,Haemophilus influenzae type b,0
12639,2019-W15,Salmonellosis(non-enteric fevers),36
12640,2019-W15,Avian Influenza,0
12641,2019-W15,Zika,0
12642,2019-W15,Ebola Virus Disease,0
12643,2019-W15,Japanese Encephalitis,0
12644,2019-W15,Tetanus,0
12645,2019-W15,Botulism,0
12646,2019-W15,Murine Typhus,0
12647,2019-W16,Cholera,0
12648,2019-W16,Paratyphoid,0
12649,2019-W16,Typhoid,0
12650,2019-W16,Acute Viral Hepatitis A,0
12651,2019-W16,Acute Viral Hepatitis E,0
12652,2019-W16,Poliomyelitis,0
12653,2019-W16,Plague,0
12654,2019-W16,Yellow Fever,0
12655,2019-W16,Dengue Fever,134
12656,2019-W16,Dengue Haemorrhagic Fever,1
12657,2019-W16,Malaria,1
12658,2019-W16,Chikungunya,0
12659,2019-W16,HFMD,0
12660,2019-W16,Diphtheria,0
12661,2019-W16,Measles,0
12662,2019-W16,Mumps,7
12663,2019-W16,Rubella,0
12664,2019-W16,SARS,0
12665,2019-W16,Nipah,0
12666,2019-W16,Acute Viral hepatitis B,2
12667,2019-W16,Encephalitis,0
12668,2019-W16,Legionellosis,1
12669,2019-W16,Campylobacter enteritis,2
12670,2019-W16,Acute Viral hepatitis C,0
12671,2019-W16,Leptospirosis,0
12672,2019-W16,Melioidosis,0
12673,2019-W16,Meningococcal Infection,0
12674,2019-W16,Pertussis,1
12675,2019-W16,Pneumococcal Disease (invasive),2
12676,2019-W16,Haemophilus influenzae type b,0
12677,2019-W16,Salmonellosis(non-enteric fevers),42
12678,2019-W16,Avian Influenza,0
12679,2019-W16,Zika,0
12680,2019-W16,Ebola Virus Disease,0
12681,2019-W16,Japanese Encephalitis,0
12682,2019-W16,Tetanus,0
12683,2019-W16,Botulism,0
12684,2019-W16,Murine Typhus,0
12685,2019-W17,Cholera,0
12686,2019-W17,Paratyphoid,0
12687,2019-W17,Typhoid,0
12688,2019-W17,Acute Viral Hepatitis A,1
12689,2019-W17,Acute Viral Hepatitis E,0
12690,2019-W17,Poliomyelitis,0
12691,2019-W17,Plague,0
12692,2019-W17,Yellow Fever,0
12693,2019-W17,Dengue Fever,156
12694,2019-W17,Dengue Haemorrhagic Fever,1
12695,2019-W17,Malaria,0
12696,2019-W17,Chikungunya,1
12697,2019-W17,HFMD,0
12698,2019-W17,Diphtheria,0
12699,2019-W17,Measles,1
12700,2019-W17,Mumps,5
12701,2019-W17,Rubella,0
12702,2019-W17,SARS,0
12703,2019-W17,Nipah,0
12704,2019-W17,Acute Viral hepatitis B,0
12705,2019-W17,Encephalitis,0
12706,2019-W17,Legionellosis,0
12707,2019-W17,Campylobacter enteritis,13
12708,2019-W17,Acute Viral hepatitis C,0
12709,2019-W17,Leptospirosis,3
12710,2019-W17,Melioidosis,1
12711,2019-W17,Meningococcal Infection,0
12712,2019-W17,Pertussis,3
12713,2019-W17,Pneumococcal Disease (invasive),2
12714,2019-W17,Haemophilus influenzae type b,0
12715,2019-W17,Salmonellosis(non-enteric fevers),37
12716,2019-W17,Avian Influenza,0
12717,2019-W17,Zika,0
12718,2019-W17,Ebola Virus Disease,0
12719,2019-W17,Japanese Encephalitis,0
12720,2019-W17,Tetanus,0
12721,2019-W17,Botulism,0
12722,2019-W17,Murine Typhus,0
12723,2019-W18,Cholera,0
12724,2019-W18,Paratyphoid,2
12725,2019-W18,Typhoid,1
12726,2019-W18,Acute Viral Hepatitis A,3
12727,2019-W18,Acute Viral Hepatitis E,0
12728,2019-W18,Poliomyelitis,0
12729,2019-W18,Plague,0
12730,2019-W18,Yellow Fever,0
12731,2019-W18,Dengue Fever,192
12732,2019-W18,Dengue Haemorrhagic Fever,2
12733,2019-W18,Malaria,0
12734,2019-W18,Chikungunya,0
12735,2019-W18,HFMD,0
12736,2019-W18,Diphtheria,0
12737,2019-W18,Measles,3
12738,2019-W18,Mumps,6
12739,2019-W18,Rubella,0
12740,2019-W18,SARS,0
12741,2019-W18,Nipah,0
12742,2019-W18,Acute Viral hepatitis B,0
12743,2019-W18,Encephalitis,0
12744,2019-W18,Legionellosis,0
12745,2019-W18,Campylobacter enteritis,5
12746,2019-W18,Acute Viral hepatitis C,0
12747,2019-W18,Leptospirosis,1
12748,2019-W18,Melioidosis,1
12749,2019-W18,Meningococcal Infection,0
12750,2019-W18,Pertussis,0
12751,2019-W18,Pneumococcal Disease (invasive),1
12752,2019-W18,Haemophilus influenzae type b,0
12753,2019-W18,Salmonellosis(non-enteric fevers),36
12754,2019-W18,Avian Influenza,0
12755,2019-W18,Zika,0
12756,2019-W18,Ebola Virus Disease,0
12757,2019-W18,Japanese Encephalitis,0
12758,2019-W18,Tetanus,0
12759,2019-W18,Botulism,0
12760,2019-W18,Murine Typhus,0
12761,2019-W19,Cholera,0
12762,2019-W19,Paratyphoid,0
12763,2019-W19,Typhoid,1
12764,2019-W19,Acute Viral Hepatitis A,1
12765,2019-W19,Acute Viral Hepatitis E,2
12766,2019-W19,Poliomyelitis,0
12767,2019-W19,Plague,0
12768,2019-W19,Yellow Fever,0
12769,2019-W19,Dengue Fever,287
12770,2019-W19,Dengue Haemorrhagic Fever,0
12771,2019-W19,Malaria,0
12772,2019-W19,Chikungunya,0
12773,2019-W19,HFMD,0
12774,2019-W19,Diphtheria,0
12775,2019-W19,Measles,1
12776,2019-W19,Mumps,13
12777,2019-W19,Rubella,0
12778,2019-W19,SARS,0
12779,2019-W19,Nipah,0
12780,2019-W19,Acute Viral hepatitis B,0
12781,2019-W19,Encephalitis,0
12782,2019-W19,Legionellosis,0
12783,2019-W19,Campylobacter enteritis,15
12784,2019-W19,Acute Viral hepatitis C,2
12785,2019-W19,Leptospirosis,3
12786,2019-W19,Melioidosis,3
12787,2019-W19,Meningococcal Infection,0
12788,2019-W19,Pertussis,3
12789,2019-W19,Pneumococcal Disease (invasive),4
12790,2019-W19,Haemophilus influenzae type b,1
12791,2019-W19,Salmonellosis(non-enteric fevers),41
12792,2019-W19,Avian Influenza,0
12793,2019-W19,Zika,1
12794,2019-W19,Ebola Virus Disease,0
12795,2019-W19,Japanese Encephalitis,0
12796,2019-W19,Tetanus,0
12797,2019-W19,Botulism,0
12798,2019-W19,Murine Typhus,0
12799,2019-W20,Cholera,0
12800,2019-W20,Paratyphoid,0
12801,2019-W20,Typhoid,2
12802,2019-W20,Acute Viral Hepatitis A,0
12803,2019-W20,Acute Viral Hepatitis E,0
12804,2019-W20,Poliomyelitis,0
12805,2019-W20,Plague,0
12806,2019-W20,Yellow Fever,0
12807,2019-W20,Dengue Fever,307
12808,2019-W20,Dengue Haemorrhagic Fever,2
12809,2019-W20,Malaria,1
12810,2019-W20,Chikungunya,0
12811,2019-W20,HFMD,0
12812,2019-W20,Diphtheria,0
12813,2019-W20,Measles,2
12814,2019-W20,Mumps,11
12815,2019-W20,Rubella,0
12816,2019-W20,SARS,0
12817,2019-W20,Nipah,0
12818,2019-W20,Acute Viral hepatitis B,2
12819,2019-W20,Encephalitis,0
12820,2019-W20,Legionellosis,0
12821,2019-W20,Campylobacter enteritis,11
12822,2019-W20,Acute Viral hepatitis C,0
12823,2019-W20,Leptospirosis,0
12824,2019-W20,Melioidosis,1
12825,2019-W20,Meningococcal Infection,0
12826,2019-W20,Pertussis,1
12827,2019-W20,Pneumococcal Disease (invasive),5
12828,2019-W20,Haemophilus influenzae type b,0
12829,2019-W20,Salmonellosis(non-enteric fevers),40
12830,2019-W20,Avian Influenza,0
12831,2019-W20,Zika,0
12832,2019-W20,Ebola Virus Disease,0
12833,2019-W20,Japanese Encephalitis,0
12834,2019-W20,Tetanus,0
12835,2019-W20,Botulism,0
12836,2019-W20,Murine Typhus,0
12837,2019-W21,Cholera,0
12838,2019-W21,Paratyphoid,0
12839,2019-W21,Typhoid,1
12840,2019-W21,Acute Viral Hepatitis A,1
12841,2019-W21,Acute Viral Hepatitis E,0
12842,2019-W21,Poliomyelitis,0
12843,2019-W21,Plague,0
12844,2019-W21,Yellow Fever,0
12845,2019-W21,Dengue Fever,376
12846,2019-W21,Dengue Haemorrhagic Fever,2
12847,2019-W21,Malaria,0
12848,2019-W21,Chikungunya,0
12849,2019-W21,HFMD,0
12850,2019-W21,Diphtheria,0
12851,2019-W21,Measles,4
12852,2019-W21,Mumps,10
12853,2019-W21,Rubella,0
12854,2019-W21,SARS,0
12855,2019-W21,Nipah,0
12856,2019-W21,Acute Viral hepatitis B,0
12857,2019-W21,Encephalitis,0
12858,2019-W21,Legionellosis,1
12859,2019-W21,Campylobacter enteritis,12
12860,2019-W21,Acute Viral hepatitis C,1
12861,2019-W21,Leptospirosis,0
12862,2019-W21,Melioidosis,2
12863,2019-W21,Meningococcal Infection,0
12864,2019-W21,Pertussis,0
12865,2019-W21,Pneumococcal Disease (invasive),3
12866,2019-W21,Haemophilus influenzae type b,0
12867,2019-W21,Salmonellosis(non-enteric fevers),55
12868,2019-W21,Avian Influenza,0
12869,2019-W21,Zika,0
12870,2019-W21,Ebola Virus Disease,0
12871,2019-W21,Japanese Encephalitis,0
12872,2019-W21,Tetanus,0
12873,2019-W21,Botulism,0
12874,2019-W21,Murine Typhus,0
12875,2019-W22,Cholera,0
12876,2019-W22,Paratyphoid,0
12877,2019-W22,Typhoid,1
12878,2019-W22,Acute Viral Hepatitis A,1
12879,2019-W22,Acute Viral Hepatitis E,0
12880,2019-W22,Poliomyelitis,0
12881,2019-W22,Plague,0
12882,2019-W22,Yellow Fever,0
12883,2019-W22,Dengue Fever,400
12884,2019-W22,Dengue Haemorrhagic Fever,1
12885,2019-W22,Malaria,0
12886,2019-W22,Chikungunya,0
12887,2019-W22,HFMD,0
12888,2019-W22,Diphtheria,0
12889,2019-W22,Measles,1
12890,2019-W22,Mumps,8
12891,2019-W22,Rubella,0
12892,2019-W22,SARS,0
12893,2019-W22,Nipah,0
12894,2019-W22,Acute Viral hepatitis B,1
12895,2019-W22,Encephalitis,0
12896,2019-W22,Legionellosis,1
12897,2019-W22,Campylobacter enteritis,9
12898,2019-W22,Acute Viral hepatitis C,0
12899,2019-W22,Leptospirosis,0
12900,2019-W22,Melioidosis,0
12901,2019-W22,Meningococcal Infection,0
12902,2019-W22,Pertussis,1
12903,2019-W22,Pneumococcal Disease (invasive),2
12904,2019-W22,Haemophilus influenzae type b,0
12905,2019-W22,Salmonellosis(non-enteric fevers),40
12906,2019-W22,Avian Influenza,0
12907,2019-W22,Zika,0
12908,2019-W22,Ebola Virus Disease,0
12909,2019-W22,Japanese Encephalitis,0
12910,2019-W22,Tetanus,0
12911,2019-W22,Botulism,0
12912,2019-W22,Murine Typhus,0
12913,2019-W23,Cholera,0
12914,2019-W23,Paratyphoid,0
12915,2019-W23,Typhoid,2
12916,2019-W23,Acute Viral Hepatitis A,0
12917,2019-W23,Acute Viral Hepatitis E,1
12918,2019-W23,Poliomyelitis,0
12919,2019-W23,Plague,0
12920,2019-W23,Yellow Fever,0
12921,2019-W23,Dengue Fever,396
12922,2019-W23,Dengue Haemorrhagic Fever,4
12923,2019-W23,Malaria,1
12924,2019-W23,Chikungunya,6
12925,2019-W23,HFMD,0
12926,2019-W23,Diphtheria,0
12927,2019-W23,Measles,2
12928,2019-W23,Mumps,8
12929,2019-W23,Rubella,0
12930,2019-W23,SARS,0
12931,2019-W23,Nipah,0
12932,2019-W23,Acute Viral hepatitis B,0
12933,2019-W23,Encephalitis,0
12934,2019-W23,Legionellosis,0
12935,2019-W23,Campylobacter enteritis,14
12936,2019-W23,Acute Viral hepatitis C,0
12937,2019-W23,Leptospirosis,0
12938,2019-W23,Melioidosis,1
12939,2019-W23,Meningococcal Infection,0
12940,2019-W23,Pertussis,0
12941,2019-W23,Pneumococcal Disease (invasive),3
12942,2019-W23,Haemophilus influenzae type b,0
12943,2019-W23,Salmonellosis(non-enteric fevers),41
12944,2019-W23,Avian Influenza,0
12945,2019-W23,Zika,0
12946,2019-W23,Ebola Virus Disease,0
12947,2019-W23,Japanese Encephalitis,0
12948,2019-W23,Tetanus,0
12949,2019-W23,Botulism,0
12950,2019-W23,Murine Typhus,0
12951,2019-W24,Cholera,0
12952,2019-W24,Paratyphoid,1
12953,2019-W24,Typhoid,1
12954,2019-W24,Acute Viral Hepatitis A,0
12955,2019-W24,Acute Viral Hepatitis E,0
12956,2019-W24,Poliomyelitis,0
12957,2019-W24,Plague,0
12958,2019-W24,Yellow Fever,0
12959,2019-W24,Dengue Fever,464
12960,2019-W24,Dengue Haemorrhagic Fever,3
12961,2019-W24,Malaria,1
12962,2019-W24,Chikungunya,3
12963,2019-W24,HFMD,0
12964,2019-W24,Diphtheria,0
12965,2019-W24,Measles,5
12966,2019-W24,Mumps,8
12967,2019-W24,Rubella,0
12968,2019-W24,SARS,0
12969,2019-W24,Nipah,0
12970,2019-W24,Acute Viral hepatitis B,1
12971,2019-W24,Encephalitis,0
12972,2019-W24,Legionellosis,1
12973,2019-W24,Campylobacter enteritis,17
12974,2019-W24,Acute Viral hepatitis C,0
12975,2019-W24,Leptospirosis,0
12976,2019-W24,Melioidosis,0
12977,2019-W24,Meningococcal Infection,0
12978,2019-W24,Pertussis,2
12979,2019-W24,Pneumococcal Disease (invasive),4
12980,2019-W24,Haemophilus influenzae type b,0
12981,2019-W24,Salmonellosis(non-enteric fevers),43
12982,2019-W24,Avian Influenza,0
12983,2019-W24,Zika,0
12984,2019-W24,Ebola Virus Disease,0
12985,2019-W24,Japanese Encephalitis,0
12986,2019-W24,Tetanus,0
12987,2019-W24,Botulism,0
12988,2019-W24,Murine Typhus,0
12989,2019-W25,Cholera,0
12990,2019-W25,Paratyphoid,0
12991,2019-W25,Typhoid,0
12992,2019-W25,Acute Viral Hepatitis A,0
12993,2019-W25,Acute Viral Hepatitis E,1
12994,2019-W25,Poliomyelitis,0
12995,2019-W25,Plague,0
12996,2019-W25,Yellow Fever,0
12997,2019-W25,Dengue Fever,430
12998,2019-W25,Dengue Haemorrhagic Fever,3
12999,2019-W25,Malaria,0
13000,2019-W25,Chikungunya,1
13001,2019-W25,HFMD,0
13002,2019-W25,Diphtheria,0
13003,2019-W25,Measles,7
13004,2019-W25,Mumps,5
13005,2019-W25,Rubella,0
13006,2019-W25,SARS,0
13007,2019-W25,Nipah,0
13008,2019-W25,Acute Viral hepatitis B,0
13009,2019-W25,Encephalitis,0
13010,2019-W25,Legionellosis,3
13011,2019-W25,Campylobacter enteritis,16
13012,2019-W25,Acute Viral hepatitis C,0
13013,2019-W25,Leptospirosis,0
13014,2019-W25,Melioidosis,0
13015,2019-W25,Meningococcal Infection,0
13016,2019-W25,Pertussis,1
13017,2019-W25,Pneumococcal Disease (invasive),1
13018,2019-W25,Haemophilus influenzae type b,0
13019,2019-W25,Salmonellosis(non-enteric fevers),37
13020,2019-W25,Avian Influenza,0
13021,2019-W25,Zika,0
13022,2019-W25,Ebola Virus Disease,0
13023,2019-W25,Japanese Encephalitis,0
13024,2019-W25,Tetanus,0
13025,2019-W25,Botulism,0
13026,2019-W25,Murine Typhus,0
13027,2019-W26,Cholera,0
13028,2019-W26,Paratyphoid,0
13029,2019-W26,Typhoid,1
13030,2019-W26,Acute Viral Hepatitis A,1
13031,2019-W26,Acute Viral Hepatitis E,1
13032,2019-W26,Poliomyelitis,0
13033,2019-W26,Plague,0
13034,2019-W26,Yellow Fever,0
13035,2019-W26,Dengue Fever,492
13036,2019-W26,Dengue Haemorrhagic Fever,5
13037,2019-W26,Malaria,1
13038,2019-W26,Chikungunya,1
13039,2019-W26,HFMD,0
13040,2019-W26,Diphtheria,0
13041,2019-W26,Measles,7
13042,2019-W26,Mumps,6
13043,2019-W26,Rubella,0
13044,2019-W26,SARS,0
13045,2019-W26,Nipah,0
13046,2019-W26,Acute Viral hepatitis B,0
13047,2019-W26,Encephalitis,0
13048,2019-W26,Legionellosis,2
13049,2019-W26,Campylobacter enteritis,6
13050,2019-W26,Acute Viral hepatitis C,0
13051,2019-W26,Leptospirosis,0
13052,2019-W26,Melioidosis,2
13053,2019-W26,Meningococcal Infection,0
13054,2019-W26,Pertussis,2
13055,2019-W26,Pneumococcal Disease (invasive),3
13056,2019-W26,Haemophilus influenzae type b,0
13057,2019-W26,Salmonellosis(non-enteric fevers),33
13058,2019-W26,Avian Influenza,0
13059,2019-W26,Zika,0
13060,2019-W26,Ebola Virus Disease,0
13061,2019-W26,Japanese Encephalitis,0
13062,2019-W26,Tetanus,0
13063,2019-W26,Botulism,0
13064,2019-W26,Murine Typhus,0
13065,2019-W27,Cholera,0
13066,2019-W27,Paratyphoid,0
13067,2019-W27,Typhoid,0
13068,2019-W27,Acute Viral Hepatitis A,3
13069,2019-W27,Acute Viral Hepatitis E,0
13070,2019-W27,Poliomyelitis,0
13071,2019-W27,Plague,0
13072,2019-W27,Yellow Fever,0
13073,2019-W27,Dengue Fever,591
13074,2019-W27,Dengue Haemorrhagic Fever,2
13075,2019-W27,Malaria,1
13076,2019-W27,Chikungunya,1
13077,2019-W27,HFMD,0
13078,2019-W27,Diphtheria,0
13079,2019-W27,Measles,8
13080,2019-W27,Mumps,6
13081,2019-W27,Rubella,0
13082,2019-W27,SARS,0
13083,2019-W27,Nipah,0
13084,2019-W27,Acute Viral hepatitis B,1
13085,2019-W27,Encephalitis,0
13086,2019-W27,Legionellosis,0
13087,2019-W27,Campylobacter enteritis,12
13088,2019-W27,Acute Viral hepatitis C,1
13089,2019-W27,Leptospirosis,0
13090,2019-W27,Melioidosis,2
13091,2019-W27,Meningococcal Infection,0
13092,2019-W27,Pertussis,1
13093,2019-W27,Pneumococcal Disease (invasive),4
13094,2019-W27,Haemophilus influenzae type b,1
13095,2019-W27,Salmonellosis(non-enteric fevers),43
13096,2019-W27,Avian Influenza,0
13097,2019-W27,Zika,0
13098,2019-W27,Ebola Virus Disease,0
13099,2019-W27,Japanese Encephalitis,0
13100,2019-W27,Tetanus,0
13101,2019-W27,Botulism,0
13102,2019-W27,Murine Typhus,2
13103,2019-W28,Cholera,0
13104,2019-W28,Paratyphoid,0
13105,2019-W28,Typhoid,0
13106,2019-W28,Acute Viral Hepatitis A,0
13107,2019-W28,Acute Viral Hepatitis E,0
13108,2019-W28,Poliomyelitis,0
13109,2019-W28,Plague,0
13110,2019-W28,Yellow Fever,0
13111,2019-W28,Dengue Fever,661
13112,2019-W28,Dengue Haemorrhagic Fever,2
13113,2019-W28,Malaria,1
13114,2019-W28,Chikungunya,3
13115,2019-W28,HFMD,0
13116,2019-W28,Diphtheria,0
13117,2019-W28,Measles,10
13118,2019-W28,Mumps,5
13119,2019-W28,Rubella,0
13120,2019-W28,SARS,0
13121,2019-W28,Nipah,0
13122,2019-W28,Acute Viral hepatitis B,1
13123,2019-W28,Encephalitis,0
13124,2019-W28,Legionellosis,1
13125,2019-W28,Campylobacter enteritis,8
13126,2019-W28,Acute Viral hepatitis C,0
13127,2019-W28,Leptospirosis,0
13128,2019-W28,Melioidosis,2
13129,2019-W28,Meningococcal Infection,1
13130,2019-W28,Pertussis,1
13131,2019-W28,Pneumococcal Disease (invasive),4
13132,2019-W28,Haemophilus influenzae type b,0
13133,2019-W28,Salmonellosis(non-enteric fevers),31
13134,2019-W28,Avian Influenza,0
13135,2019-W28,Zika,2
13136,2019-W28,Ebola Virus Disease,0
13137,2019-W28,Japanese Encephalitis,0
13138,2019-W28,Tetanus,0
13139,2019-W28,Botulism,0
13140,2019-W28,Murine Typhus,0
13141,2019-W29,Cholera,1
13142,2019-W29,Paratyphoid,1
13143,2019-W29,Typhoid,0
13144,2019-W29,Acute Viral Hepatitis A,0
13145,2019-W29,Acute Viral Hepatitis E,1
13146,2019-W29,Poliomyelitis,0
13147,2019-W29,Plague,0
13148,2019-W29,Yellow Fever,0
13149,2019-W29,Dengue Fever,644
13150,2019-W29,Dengue Haemorrhagic Fever,2
13151,2019-W29,Malaria,0
13152,2019-W29,Chikungunya,1
13153,2019-W29,HFMD,0
13154,2019-W29,Diphtheria,0
13155,2019-W29,Measles,17
13156,2019-W29,Mumps,10
13157,2019-W29,Rubella,0
13158,2019-W29,SARS,0
13159,2019-W29,Nipah,0
13160,2019-W29,Acute Viral hepatitis B,2
13161,2019-W29,Encephalitis,0
13162,2019-W29,Legionellosis,0
13163,2019-W29,Campylobacter enteritis,12
13164,2019-W29,Acute Viral hepatitis C,0
13165,2019-W29,Leptospirosis,1
13166,2019-W29,Melioidosis,2
13167,2019-W29,Meningococcal Infection,0
13168,2019-W29,Pertussis,1
13169,2019-W29,Pneumococcal Disease (invasive),7
13170,2019-W29,Haemophilus influenzae type b,0
13171,2019-W29,Salmonellosis(non-enteric fevers),47
13172,2019-W29,Avian Influenza,0
13173,2019-W29,Zika,0
13174,2019-W29,Ebola Virus Disease,0
13175,2019-W29,Japanese Encephalitis,0
13176,2019-W29,Tetanus,0
13177,2019-W29,Botulism,0
13178,2019-W29,Murine Typhus,0
13179,2019-W30,Cholera,0
13180,2019-W30,Paratyphoid,0
13181,2019-W30,Typhoid,2
13182,2019-W30,Acute Viral Hepatitis A,4
13183,2019-W30,Acute Viral Hepatitis E,2
13184,2019-W30,Poliomyelitis,0
13185,2019-W30,Plague,0
13186,2019-W30,Yellow Fever,0
13187,2019-W30,Dengue Fever,601
13188,2019-W30,Dengue Haemorrhagic Fever,4
13189,2019-W30,Malaria,0
13190,2019-W30,Chikungunya,3
13191,2019-W30,HFMD,0
13192,2019-W30,Diphtheria,0
13193,2019-W30,Measles,9
13194,2019-W30,Mumps,8
13195,2019-W30,Rubella,0
13196,2019-W30,SARS,0
13197,2019-W30,Nipah,0
13198,2019-W30,Acute Viral hepatitis B,0
13199,2019-W30,Encephalitis,0
13200,2019-W30,Legionellosis,0
13201,2019-W30,Campylobacter enteritis,7
13202,2019-W30,Acute Viral hepatitis C,0
13203,2019-W30,Leptospirosis,0
13204,2019-W30,Melioidosis,1
13205,2019-W30,Meningococcal Infection,0
13206,2019-W30,Pertussis,1
13207,2019-W30,Pneumococcal Disease (invasive),2
13208,2019-W30,Haemophilus influenzae type b,0
13209,2019-W30,Salmonellosis(non-enteric fevers),29
13210,2019-W30,Avian Influenza,0
13211,2019-W30,Zika,0
13212,2019-W30,Ebola Virus Disease,0
13213,2019-W30,Japanese Encephalitis,0
13214,2019-W30,Tetanus,0
13215,2019-W30,Botulism,0
13216,2019-W30,Murine Typhus,0
13217,2019-W31,Cholera,0
13218,2019-W31,Paratyphoid,0
13219,2019-W31,Typhoid,5
13220,2019-W31,Acute Viral Hepatitis A,0
13221,2019-W31,Acute Viral Hepatitis E,1
13222,2019-W31,Poliomyelitis,0
13223,2019-W31,Plague,0
13224,2019-W31,Yellow Fever,0
13225,2019-W31,Dengue Fever,597
13226,2019-W31,Dengue Haemorrhagic Fever,2
13227,2019-W31,Malaria,0
13228,2019-W31,Chikungunya,3
13229,2019-W31,HFMD,0
13230,2019-W31,Diphtheria,0
13231,2019-W31,Measles,10
13232,2019-W31,Mumps,7
13233,2019-W31,Rubella,0
13234,2019-W31,SARS,0
13235,2019-W31,Nipah,0
13236,2019-W31,Acute Viral hepatitis B,1
13237,2019-W31,Encephalitis,0
13238,2019-W31,Legionellosis,0
13239,2019-W31,Campylobacter enteritis,7
13240,2019-W31,Acute Viral hepatitis C,0
13241,2019-W31,Leptospirosis,0
13242,2019-W31,Melioidosis,1
13243,2019-W31,Meningococcal Infection,0
13244,2019-W31,Pertussis,2
13245,2019-W31,Pneumococcal Disease (invasive),4
13246,2019-W31,Haemophilus influenzae type b,0
13247,2019-W31,Salmonellosis(non-enteric fevers),37
13248,2019-W31,Avian Influenza,0
13249,2019-W31,Zika,0
13250,2019-W31,Ebola Virus Disease,0
13251,2019-W31,Japanese Encephalitis,0
13252,2019-W31,Tetanus,0
13253,2019-W31,Botulism,0
13254,2019-W31,Murine Typhus,0
13255,2019-W32,Cholera,0
13256,2019-W32,Paratyphoid,0
13257,2019-W32,Typhoid,11
13258,2019-W32,Acute Viral Hepatitis A,2
13259,2019-W32,Acute Viral Hepatitis E,0
13260,2019-W32,Poliomyelitis,0
13261,2019-W32,Plague,0
13262,2019-W32,Yellow Fever,0
13263,2019-W32,Dengue Fever,521
13264,2019-W32,Dengue Haemorrhagic Fever,2
13265,2019-W32,Malaria,0
13266,2019-W32,Chikungunya,0
13267,2019-W32,HFMD,0
13268,2019-W32,Diphtheria,0
13269,2019-W32,Measles,1
13270,2019-W32,Mumps,6
13271,2019-W32,Rubella,0
13272,2019-W32,SARS,0
13273,2019-W32,Nipah,0
13274,2019-W32,Acute Viral hepatitis B,0
13275,2019-W32,Encephalitis,0
13276,2019-W32,Legionellosis,0
13277,2019-W32,Campylobacter enteritis,5
13278,2019-W32,Acute Viral hepatitis C,0
13279,2019-W32,Leptospirosis,1
13280,2019-W32,Melioidosis,2
13281,2019-W32,Meningococcal Infection,0
13282,2019-W32,Pertussis,2
13283,2019-W32,Pneumococcal Disease (invasive),3
13284,2019-W32,Haemophilus influenzae type b,0
13285,2019-W32,Salmonellosis(non-enteric fevers),32
13286,2019-W32,Avian Influenza,0
13287,2019-W32,Zika,0
13288,2019-W32,Ebola Virus Disease,0
13289,2019-W32,Japanese Encephalitis,0
13290,2019-W32,Tetanus,0
13291,2019-W32,Botulism,0
13292,2019-W32,Murine Typhus,0
13293,2019-W33,Cholera,0
13294,2019-W33,Paratyphoid,0
13295,2019-W33,Typhoid,2
13296,2019-W33,Acute Viral Hepatitis A,2
13297,2019-W33,Acute Viral Hepatitis E,0
13298,2019-W33,Poliomyelitis,0
13299,2019-W33,Plague,0
13300,2019-W33,Yellow Fever,0
13301,2019-W33,Dengue Fever,522
13302,2019-W33,Dengue Haemorrhagic Fever,2
13303,2019-W33,Malaria,0
13304,2019-W33,Chikungunya,1
13305,2019-W33,HFMD,0
13306,2019-W33,Diphtheria,0
13307,2019-W33,Measles,3
13308,2019-W33,Mumps,8
13309,2019-W33,Rubella,0
13310,2019-W33,SARS,0
13311,2019-W33,Nipah,0
13312,2019-W33,Acute Viral hepatitis B,0
13313,2019-W33,Encephalitis,0
13314,2019-W33,Legionellosis,0
13315,2019-W33,Campylobacter enteritis,19
13316,2019-W33,Acute Viral hepatitis C,0
13317,2019-W33,Leptospirosis,0
13318,2019-W33,Melioidosis,0
13319,2019-W33,Meningococcal Infection,0
13320,2019-W33,Pertussis,0
13321,2019-W33,Pneumococcal Disease (invasive),2
13322,2019-W33,Haemophilus influenzae type b,0
13323,2019-W33,Salmonellosis(non-enteric fevers),35
13324,2019-W33,Avian Influenza,0
13325,2019-W33,Zika,0
13326,2019-W33,Ebola Virus Disease,0
13327,2019-W33,Japanese Encephalitis,0
13328,2019-W33,Tetanus,0
13329,2019-W33,Botulism,0
13330,2019-W33,Murine Typhus,0
13331,2019-W34,Cholera,0
13332,2019-W34,Paratyphoid,0
13333,2019-W34,Typhoid,3
13334,2019-W34,Acute Viral Hepatitis A,1
13335,2019-W34,Acute Viral Hepatitis E,2
13336,2019-W34,Poliomyelitis,0
13337,2019-W34,Plague,0
13338,2019-W34,Yellow Fever,0
13339,2019-W34,Dengue Fever,474
13340,2019-W34,Dengue Haemorrhagic Fever,0
13341,2019-W34,Malaria,0
13342,2019-W34,Chikungunya,6
13343,2019-W34,HFMD,0
13344,2019-W34,Diphtheria,0
13345,2019-W34,Measles,2
13346,2019-W34,Mumps,7
13347,2019-W34,Rubella,0
13348,2019-W34,SARS,0
13349,2019-W34,Nipah,0
13350,2019-W34,Acute Viral hepatitis B,1
13351,2019-W34,Encephalitis,0
13352,2019-W34,Legionellosis,0
13353,2019-W34,Campylobacter enteritis,9
13354,2019-W34,Acute Viral hepatitis C,0
13355,2019-W34,Leptospirosis,2
13356,2019-W34,Melioidosis,0
13357,2019-W34,Meningococcal Infection,2
13358,2019-W34,Pertussis,2
13359,2019-W34,Pneumococcal Disease (invasive),4
13360,2019-W34,Haemophilus influenzae type b,0
13361,2019-W34,Salmonellosis(non-enteric fevers),38
13362,2019-W34,Avian Influenza,0
13363,2019-W34,Zika,0
13364,2019-W34,Ebola Virus Disease,0
13365,2019-W34,Japanese Encephalitis,0
13366,2019-W34,Tetanus,0
13367,2019-W34,Botulism,0
13368,2019-W34,Murine Typhus,0
13369,2019-W35,Cholera,0
13370,2019-W35,Paratyphoid,1
13371,2019-W35,Typhoid,3
13372,2019-W35,Acute Viral Hepatitis A,3
13373,2019-W35,Acute Viral Hepatitis E,0
13374,2019-W35,Poliomyelitis,0
13375,2019-W35,Plague,0
13376,2019-W35,Yellow Fever,0
13377,2019-W35,Dengue Fever,412
13378,2019-W35,Dengue Haemorrhagic Fever,2
13379,2019-W35,Malaria,0
13380,2019-W35,Chikungunya,1
13381,2019-W35,HFMD,0
13382,2019-W35,Diphtheria,0
13383,2019-W35,Measles,5
13384,2019-W35,Mumps,11
13385,2019-W35,Rubella,0
13386,2019-W35,SARS,0
13387,2019-W35,Nipah,0
13388,2019-W35,Acute Viral hepatitis B,2
13389,2019-W35,Encephalitis,0
13390,2019-W35,Legionellosis,0
13391,2019-W35,Campylobacter enteritis,7
13392,2019-W35,Acute Viral hepatitis C,0
13393,2019-W35,Leptospirosis,0
13394,2019-W35,Melioidosis,0
13395,2019-W35,Meningococcal Infection,0
13396,2019-W35,Pertussis,3
13397,2019-W35,Pneumococcal Disease (invasive),2
13398,2019-W35,Haemophilus influenzae type b,0
13399,2019-W35,Salmonellosis(non-enteric fevers),31
13400,2019-W35,Avian Influenza,0
13401,2019-W35,Zika,0
13402,2019-W35,Ebola Virus Disease,0
13403,2019-W35,Japanese Encephalitis,0
13404,2019-W35,Tetanus,0
13405,2019-W35,Botulism,0
13406,2019-W35,Murine Typhus,0
13407,2019-W36,Cholera,0
13408,2019-W36,Paratyphoid,0
13409,2019-W36,Typhoid,0
13410,2019-W36,Acute Viral Hepatitis A,0
13411,2019-W36,Acute Viral Hepatitis E,1
13412,2019-W36,Poliomyelitis,0
13413,2019-W36,Plague,0
13414,2019-W36,Yellow Fever,0
13415,2019-W36,Dengue Fever,326
13416,2019-W36,Dengue Haemorrhagic Fever,1
13417,2019-W36,Malaria,0
13418,2019-W36,Chikungunya,1
13419,2019-W36,HFMD,0
13420,2019-W36,Diphtheria,0
13421,2019-W36,Measles,2
13422,2019-W36,Mumps,8
13423,2019-W36,Rubella,0
13424,2019-W36,SARS,0
13425,2019-W36,Nipah,0
13426,2019-W36,Acute Viral hepatitis B,1
13427,2019-W36,Encephalitis,0
13428,2019-W36,Legionellosis,0
13429,2019-W36,Campylobacter enteritis,6
13430,2019-W36,Acute Viral hepatitis C,0
13431,2019-W36,Leptospirosis,0
13432,2019-W36,Melioidosis,0
13433,2019-W36,Meningococcal Infection,0
13434,2019-W36,Pertussis,0
13435,2019-W36,Pneumococcal Disease (invasive),4
13436,2019-W36,Haemophilus influenzae type b,0
13437,2019-W36,Salmonellosis(non-enteric fevers),36
13438,2019-W36,Avian Influenza,0
13439,2019-W36,Zika,0
13440,2019-W36,Ebola Virus Disease,0
13441,2019-W36,Japanese Encephalitis,0
13442,2019-W36,Tetanus,0
13443,2019-W36,Botulism,0
13444,2019-W36,Murine Typhus,0
13445,2019-W37,Cholera,0
13446,2019-W37,Paratyphoid,0
13447,2019-W37,Typhoid,1
13448,2019-W37,Acute Viral Hepatitis A,1
13449,2019-W37,Acute Viral Hepatitis E,2
13450,2019-W37,Poliomyelitis,0
13451,2019-W37,Plague,0
13452,2019-W37,Yellow Fever,0
13453,2019-W37,Dengue Fever,314
13454,2019-W37,Dengue Haemorrhagic Fever,3
13455,2019-W37,Malaria,1
13456,2019-W37,Chikungunya,2
13457,2019-W37,HFMD,0
13458,2019-W37,Diphtheria,0
13459,2019-W37,Measles,2
13460,2019-W37,Mumps,8
13461,2019-W37,Rubella,0
13462,2019-W37,SARS,0
13463,2019-W37,Nipah,0
13464,2019-W37,Acute Viral hepatitis B,0
13465,2019-W37,Encephalitis,0
13466,2019-W37,Legionellosis,2
13467,2019-W37,Campylobacter enteritis,8
13468,2019-W37,Acute Viral hepatitis C,1
13469,2019-W37,Leptospirosis,1
13470,2019-W37,Melioidosis,0
13471,2019-W37,Meningococcal Infection,0
13472,2019-W37,Pertussis,1
13473,2019-W37,Pneumococcal Disease (invasive),2
13474,2019-W37,Haemophilus influenzae type b,0
13475,2019-W37,Salmonellosis(non-enteric fevers),29
13476,2019-W37,Avian Influenza,0
13477,2019-W37,Zika,3
13478,2019-W37,Ebola Virus Disease,0
13479,2019-W37,Japanese Encephalitis,0
13480,2019-W37,Tetanus,0
13481,2019-W37,Botulism,0
13482,2019-W37,Murine Typhus,0
13483,2019-W38,Cholera,0
13484,2019-W38,Paratyphoid,0
13485,2019-W38,Typhoid,0
13486,2019-W38,Acute Viral Hepatitis A,2
13487,2019-W38,Acute Viral Hepatitis E,1
13488,2019-W38,Poliomyelitis,0
13489,2019-W38,Plague,0
13490,2019-W38,Yellow Fever,0
13491,2019-W38,Dengue Fever,299
13492,2019-W38,Dengue Haemorrhagic Fever,2
13493,2019-W38,Malaria,2
13494,2019-W38,Chikungunya,2
13495,2019-W38,HFMD,0
13496,2019-W38,Diphtheria,0
13497,2019-W38,Measles,0
13498,2019-W38,Mumps,7
13499,2019-W38,Rubella,0
13500,2019-W38,SARS,0
13501,2019-W38,Nipah,0
13502,2019-W38,Acute Viral hepatitis B,0
13503,2019-W38,Encephalitis,0
13504,2019-W38,Legionellosis,0
13505,2019-W38,Campylobacter enteritis,9
13506,2019-W38,Acute Viral hepatitis C,0
13507,2019-W38,Leptospirosis,0
13508,2019-W38,Melioidosis,0
13509,2019-W38,Meningococcal Infection,1
13510,2019-W38,Pertussis,0
13511,2019-W38,Pneumococcal Disease (invasive),1
13512,2019-W38,Haemophilus influenzae type b,0
13513,2019-W38,Salmonellosis(non-enteric fevers),38
13514,2019-W38,Avian Influenza,0
13515,2019-W38,Zika,1
13516,2019-W38,Ebola Virus Disease,0
13517,2019-W38,Japanese Encephalitis,0
13518,2019-W38,Tetanus,0
13519,2019-W38,Botulism,0
13520,2019-W38,Murine Typhus,0
13521,2019-W39,Cholera,0
13522,2019-W39,Paratyphoid,0
13523,2019-W39,Typhoid,1
13524,2019-W39,Acute Viral Hepatitis A,2
13525,2019-W39,Acute Viral Hepatitis E,0
13526,2019-W39,Poliomyelitis,0
13527,2019-W39,Plague,0
13528,2019-W39,Yellow Fever,0
13529,2019-W39,Dengue Fever,258
13530,2019-W39,Dengue Haemorrhagic Fever,3
13531,2019-W39,Malaria,0
13532,2019-W39,Chikungunya,1
13533,2019-W39,HFMD,0
13534,2019-W39,Diphtheria,0
13535,2019-W39,Measles,2
13536,2019-W39,Mumps,8
13537,2019-W39,Rubella,0
13538,2019-W39,SARS,0
13539,2019-W39,Nipah,0
13540,2019-W39,Acute Viral hepatitis B,1
13541,2019-W39,Encephalitis,0
13542,2019-W39,Legionellosis,1
13543,2019-W39,Campylobacter enteritis,6
13544,2019-W39,Acute Viral hepatitis C,0
13545,2019-W39,Leptospirosis,1
13546,2019-W39,Melioidosis,0
13547,2019-W39,Meningococcal Infection,0
13548,2019-W39,Pertussis,1
13549,2019-W39,Pneumococcal Disease (invasive),1
13550,2019-W39,Haemophilus influenzae type b,0
13551,2019-W39,Salmonellosis(non-enteric fevers),43
13552,2019-W39,Avian Influenza,0
13553,2019-W39,Zika,0
13554,2019-W39,Ebola Virus Disease,0
13555,2019-W39,Japanese Encephalitis,0
13556,2019-W39,Tetanus,0
13557,2019-W39,Botulism,0
13558,2019-W39,Murine Typhus,0
13559,2019-W40,Cholera,0
13560,2019-W40,Paratyphoid,0
13561,2019-W40,Typhoid,2
13562,2019-W40,Acute Viral Hepatitis A,0
13563,2019-W40,Acute Viral Hepatitis E,2
13564,2019-W40,Poliomyelitis,0
13565,2019-W40,Plague,0
13566,2019-W40,Yellow Fever,0
13567,2019-W40,Dengue Fever,243
13568,2019-W40,Dengue Haemorrhagic Fever,3
13569,2019-W40,Malaria,0
13570,2019-W40,Chikungunya,2
13571,2019-W40,HFMD,0
13572,2019-W40,Diphtheria,0
13573,2019-W40,Measles,0
13574,2019-W40,Mumps,7
13575,2019-W40,Rubella,0
13576,2019-W40,SARS,0
13577,2019-W40,Nipah,0
13578,2019-W40,Acute Viral hepatitis B,1
13579,2019-W40,Encephalitis,0
13580,2019-W40,Legionellosis,0
13581,2019-W40,Campylobacter enteritis,6
13582,2019-W40,Acute Viral hepatitis C,0
13583,2019-W40,Leptospirosis,0
13584,2019-W40,Melioidosis,1
13585,2019-W40,Meningococcal Infection,0
13586,2019-W40,Pertussis,2
13587,2019-W40,Pneumococcal Disease (invasive),2
13588,2019-W40,Haemophilus influenzae type b,0
13589,2019-W40,Salmonellosis(non-enteric fevers),45
13590,2019-W40,Avian Influenza,0
13591,2019-W40,Zika,0
13592,2019-W40,Ebola Virus Disease,0
13593,2019-W40,Japanese Encephalitis,0
13594,2019-W40,Tetanus,0
13595,2019-W40,Botulism,0
13596,2019-W40,Murine Typhus,0
13597,2019-W41,Cholera,0
13598,2019-W41,Paratyphoid,0
13599,2019-W41,Typhoid,0
13600,2019-W41,Acute Viral Hepatitis A,1
13601,2019-W41,Acute Viral Hepatitis E,0
13602,2019-W41,Poliomyelitis,0
13603,2019-W41,Plague,0
13604,2019-W41,Yellow Fever,0
13605,2019-W41,Dengue Fever,226
13606,2019-W41,Dengue Haemorrhagic Fever,1
13607,2019-W41,Malaria,2
13608,2019-W41,Chikungunya,4
13609,2019-W41,HFMD,0
13610,2019-W41,Diphtheria,0
13611,2019-W41,Measles,2
13612,2019-W41,Mumps,6
13613,2019-W41,Rubella,0
13614,2019-W41,SARS,0
13615,2019-W41,Nipah,0
13616,2019-W41,Acute Viral hepatitis B,0
13617,2019-W41,Encephalitis,0
13618,2019-W41,Legionellosis,0
13619,2019-W41,Campylobacter enteritis,8
13620,2019-W41,Acute Viral hepatitis C,1
13621,2019-W41,Leptospirosis,1
13622,2019-W41,Melioidosis,0
13623,2019-W41,Meningococcal Infection,0
13624,2019-W41,Pertussis,0
13625,2019-W41,Pneumococcal Disease (invasive),2
13626,2019-W41,Haemophilus influenzae type b,0
13627,2019-W41,Salmonellosis(non-enteric fevers),37
13628,2019-W41,Avian Influenza,0
13629,2019-W41,Zika,0
13630,2019-W41,Ebola Virus Disease,0
13631,2019-W41,Japanese Encephalitis,0
13632,2019-W41,Tetanus,0
13633,2019-W41,Botulism,0
13634,2019-W41,Murine Typhus,0
13635,2019-W42,Cholera,0
13636,2019-W42,Paratyphoid,0
13637,2019-W42,Typhoid,0
13638,2019-W42,Acute Viral Hepatitis A,1
13639,2019-W42,Acute Viral Hepatitis E,0
13640,2019-W42,Poliomyelitis,0
13641,2019-W42,Plague,0
13642,2019-W42,Yellow Fever,0
13643,2019-W42,Dengue Fever,239
13644,2019-W42,Dengue Haemorrhagic Fever,0
13645,2019-W42,Malaria,0
13646,2019-W42,Chikungunya,0
13647,2019-W42,HFMD,0
13648,2019-W42,Diphtheria,0
13649,2019-W42,Measles,0
13650,2019-W42,Mumps,8
13651,2019-W42,Rubella,0
13652,2019-W42,SARS,0
13653,2019-W42,Nipah,0
13654,2019-W42,Acute Viral hepatitis B,0
13655,2019-W42,Encephalitis,0
13656,2019-W42,Legionellosis,0
13657,2019-W42,Campylobacter enteritis,14
13658,2019-W42,Acute Viral hepatitis C,0
13659,2019-W42,Leptospirosis,0
13660,2019-W42,Melioidosis,0
13661,2019-W42,Meningococcal Infection,0
13662,2019-W42,Pertussis,0
13663,2019-W42,Pneumococcal Disease (invasive),1
13664,2019-W42,Haemophilus influenzae type b,0
13665,2019-W42,Salmonellosis(non-enteric fevers),43
13666,2019-W42,Avian Influenza,0
13667,2019-W42,Zika,0
13668,2019-W42,Ebola Virus Disease,0
13669,2019-W42,Japanese Encephalitis,0
13670,2019-W42,Tetanus,0
13671,2019-W42,Botulism,0
13672,2019-W42,Murine Typhus,1
13673,2019-W43,Cholera,0
13674,2019-W43,Paratyphoid,0
13675,2019-W43,Typhoid,1
13676,2019-W43,Acute Viral Hepatitis A,2
13677,2019-W43,Acute Viral Hepatitis E,1
13678,2019-W43,Poliomyelitis,0
13679,2019-W43,Plague,0
13680,2019-W43,Yellow Fever,0
13681,2019-W43,Dengue Fever,241
13682,2019-W43,Dengue Haemorrhagic Fever,1
13683,2019-W43,Malaria,0
13684,2019-W43,Chikungunya,1
13685,2019-W43,HFMD,0
13686,2019-W43,Diphtheria,0
13687,2019-W43,Measles,0
13688,2019-W43,Mumps,11
13689,2019-W43,Rubella,0
13690,2019-W43,SARS,0
13691,2019-W43,Nipah,0
13692,2019-W43,Acute Viral hepatitis B,1
13693,2019-W43,Encephalitis,0
13694,2019-W43,Legionellosis,0
13695,2019-W43,Campylobacter enteritis,4
13696,2019-W43,Acute Viral hepatitis C,1
13697,2019-W43,Leptospirosis,1
13698,2019-W43,Melioidosis,0
13699,2019-W43,Meningococcal Infection,0
13700,2019-W43,Pertussis,1
13701,2019-W43,Pneumococcal Disease (invasive),1
13702,2019-W43,Haemophilus influenzae type b,0
13703,2019-W43,Salmonellosis(non-enteric fevers),36
13704,2019-W43,Avian Influenza,0
13705,2019-W43,Zika,1
13706,2019-W43,Ebola Virus Disease,0
13707,2019-W43,Japanese Encephalitis,0
13708,2019-W43,Tetanus,0
13709,2019-W43,Botulism,0
13710,2019-W43,Murine Typhus,0
13711,2019-W44,Cholera,0
13712,2019-W44,Paratyphoid,0
13713,2019-W44,Typhoid,0
13714,2019-W44,Acute Viral Hepatitis A,1
13715,2019-W44,Acute Viral Hepatitis E,0
13716,2019-W44,Poliomyelitis,0
13717,2019-W44,Plague,0
13718,2019-W44,Yellow Fever,0
13719,2019-W44,Dengue Fever,306
13720,2019-W44,Dengue Haemorrhagic Fever,2
13721,2019-W44,Malaria,2
13722,2019-W44,Chikungunya,1
13723,2019-W44,HFMD,0
13724,2019-W44,Diphtheria,0
13725,2019-W44,Measles,1
13726,2019-W44,Mumps,12
13727,2019-W44,Rubella,0
13728,2019-W44,SARS,0
13729,2019-W44,Nipah,0
13730,2019-W44,Acute Viral hepatitis B,0
13731,2019-W44,Encephalitis,0
13732,2019-W44,Legionellosis,0
13733,2019-W44,Campylobacter enteritis,6
13734,2019-W44,Acute Viral hepatitis C,0
13735,2019-W44,Leptospirosis,0
13736,2019-W44,Melioidosis,2
13737,2019-W44,Meningococcal Infection,0
13738,2019-W44,Pertussis,0
13739,2019-W44,Pneumococcal Disease (invasive),4
13740,2019-W44,Haemophilus influenzae type b,0
13741,2019-W44,Salmonellosis(non-enteric fevers),35
13742,2019-W44,Avian Influenza,0
13743,2019-W44,Zika,0
13744,2019-W44,Ebola Virus Disease,0
13745,2019-W44,Japanese Encephalitis,0
13746,2019-W44,Tetanus,0
13747,2019-W44,Botulism,0
13748,2019-W44,Murine Typhus,0
13749,2019-W45,Cholera,0
13750,2019-W45,Paratyphoid,0
13751,2019-W45,Typhoid,1
13752,2019-W45,Acute Viral Hepatitis A,3
13753,2019-W45,Acute Viral Hepatitis E,2
13754,2019-W45,Poliomyelitis,0
13755,2019-W45,Plague,0
13756,2019-W45,Yellow Fever,0
13757,2019-W45,Dengue Fever,321
13758,2019-W45,Dengue Haemorrhagic Fever,1
13759,2019-W45,Malaria,0
13760,2019-W45,Chikungunya,0
13761,2019-W45,HFMD,0
13762,2019-W45,Diphtheria,0
13763,2019-W45,Measles,0
13764,2019-W45,Mumps,10
13765,2019-W45,Rubella,0
13766,2019-W45,SARS,0
13767,2019-W45,Nipah,0
13768,2019-W45,Acute Viral hepatitis B,0
13769,2019-W45,Encephalitis,0
13770,2019-W45,Legionellosis,3
13771,2019-W45,Campylobacter enteritis,20
13772,2019-W45,Acute Viral hepatitis C,0
13773,2019-W45,Leptospirosis,4
13774,2019-W45,Melioidosis,2
13775,2019-W45,Meningococcal Infection,0
13776,2019-W45,Pertussis,0
13777,2019-W45,Pneumococcal Disease (invasive),2
13778,2019-W45,Haemophilus influenzae type b,0
13779,2019-W45,Salmonellosis(non-enteric fevers),52
13780,2019-W45,Avian Influenza,0
13781,2019-W45,Zika,0
13782,2019-W45,Ebola Virus Disease,0
13783,2019-W45,Japanese Encephalitis,0
13784,2019-W45,Tetanus,0
13785,2019-W45,Botulism,0
13786,2019-W45,Murine Typhus,0
13787,2019-W46,Cholera,0
13788,2019-W46,Paratyphoid,0
13789,2019-W46,Typhoid,1
13790,2019-W46,Acute Viral Hepatitis A,2
13791,2019-W46,Acute Viral Hepatitis E,1
13792,2019-W46,Poliomyelitis,0
13793,2019-W46,Plague,0
13794,2019-W46,Yellow Fever,0
13795,2019-W46,Dengue Fever,372
13796,2019-W46,Dengue Haemorrhagic Fever,1
13797,2019-W46,Malaria,0
13798,2019-W46,Chikungunya,0
13799,2019-W46,HFMD,0
13800,2019-W46,Diphtheria,0
13801,2019-W46,Measles,0
13802,2019-W46,Mumps,8
13803,2019-W46,Rubella,0
13804,2019-W46,SARS,0
13805,2019-W46,Nipah,0
13806,2019-W46,Acute Viral hepatitis B,0
13807,2019-W46,Encephalitis,0
13808,2019-W46,Legionellosis,0
13809,2019-W46,Campylobacter enteritis,9
13810,2019-W46,Acute Viral hepatitis C,0
13811,2019-W46,Leptospirosis,1
13812,2019-W46,Melioidosis,0
13813,2019-W46,Meningococcal Infection,0
13814,2019-W46,Pertussis,0
13815,2019-W46,Pneumococcal Disease (invasive),1
13816,2019-W46,Haemophilus influenzae type b,1
13817,2019-W46,Salmonellosis(non-enteric fevers),33
13818,2019-W46,Avian Influenza,0
13819,2019-W46,Zika,0
13820,2019-W46,Ebola Virus Disease,0
13821,2019-W46,Japanese Encephalitis,0
13822,2019-W46,Tetanus,0
13823,2019-W46,Botulism,0
13824,2019-W46,Murine Typhus,0
13825,2019-W47,Cholera,0
13826,2019-W47,Paratyphoid,1
13827,2019-W47,Typhoid,2
13828,2019-W47,Acute Viral Hepatitis A,1
13829,2019-W47,Acute Viral Hepatitis E,0
13830,2019-W47,Poliomyelitis,0
13831,2019-W47,Plague,0
13832,2019-W47,Yellow Fever,0
13833,2019-W47,Dengue Fever,329
13834,2019-W47,Dengue Haemorrhagic Fever,2
13835,2019-W47,Malaria,2
13836,2019-W47,Chikungunya,1
13837,2019-W47,HFMD,0
13838,2019-W47,Diphtheria,0
13839,2019-W47,Measles,1
13840,2019-W47,Mumps,5
13841,2019-W47,Rubella,0
13842,2019-W47,SARS,0
13843,2019-W47,Nipah,0
13844,2019-W47,Acute Viral hepatitis B,1
13845,2019-W47,Encephalitis,0
13846,2019-W47,Legionellosis,0
13847,2019-W47,Campylobacter enteritis,11
13848,2019-W47,Acute Viral hepatitis C,1
13849,2019-W47,Leptospirosis,0
13850,2019-W47,Melioidosis,2
13851,2019-W47,Meningococcal Infection,0
13852,2019-W47,Pertussis,0
13853,2019-W47,Pneumococcal Disease (invasive),4
13854,2019-W47,Haemophilus influenzae type b,0
13855,2019-W47,Salmonellosis(non-enteric fevers),37
13856,2019-W47,Avian Influenza,0
13857,2019-W47,Zika,0
13858,2019-W47,Ebola Virus Disease,0
13859,2019-W47,Japanese Encephalitis,0
13860,2019-W47,Tetanus,0
13861,2019-W47,Botulism,0
13862,2019-W47,Murine Typhus,0
13863,2019-W48,Cholera,0
13864,2019-W48,Paratyphoid,1
13865,2019-W48,Typhoid,1
13866,2019-W48,Acute Viral Hepatitis A,1
13867,2019-W48,Acute Viral Hepatitis E,0
13868,2019-W48,Poliomyelitis,0
13869,2019-W48,Plague,0
13870,2019-W48,Yellow Fever,0
13871,2019-W48,Dengue Fever,295
13872,2019-W48,Dengue Haemorrhagic Fever,0
13873,2019-W48,Malaria,1
13874,2019-W48,Chikungunya,0
13875,2019-W48,HFMD,0
13876,2019-W48,Diphtheria,0
13877,2019-W48,Measles,0
13878,2019-W48,Mumps,10
13879,2019-W48,Rubella,0
13880,2019-W48,SARS,0
13881,2019-W48,Nipah,0
13882,2019-W48,Acute Viral hepatitis B,1
13883,2019-W48,Encephalitis,0
13884,2019-W48,Legionellosis,2
13885,2019-W48,Campylobacter enteritis,10
13886,2019-W48,Acute Viral hepatitis C,1
13887,2019-W48,Leptospirosis,1
13888,2019-W48,Melioidosis,0
13889,2019-W48,Meningococcal Infection,1
13890,2019-W48,Pertussis,0
13891,2019-W48,Pneumococcal Disease (invasive),2
13892,2019-W48,Haemophilus influenzae type b,0
13893,2019-W48,Salmonellosis(non-enteric fevers),35
13894,2019-W48,Avian Influenza,0
13895,2019-W48,Zika,0
13896,2019-W48,Ebola Virus Disease,0
13897,2019-W48,Japanese Encephalitis,0
13898,2019-W48,Tetanus,0
13899,2019-W48,Botulism,0
13900,2019-W48,Murine Typhus,0
13901,2019-W49,Cholera,0
13902,2019-W49,Paratyphoid,1
13903,2019-W49,Typhoid,0
13904,2019-W49,Acute Viral Hepatitis A,2
13905,2019-W49,Acute Viral Hepatitis E,1
13906,2019-W49,Poliomyelitis,0
13907,2019-W49,Plague,0
13908,2019-W49,Yellow Fever,0
13909,2019-W49,Dengue Fever,280
13910,2019-W49,Dengue Haemorrhagic Fever,1
13911,2019-W49,Malaria,0
13912,2019-W49,Chikungunya,2
13913,2019-W49,HFMD,0
13914,2019-W49,Diphtheria,0
13915,2019-W49,Measles,1
13916,2019-W49,Mumps,11
13917,2019-W49,Rubella,1
13918,2019-W49,SARS,0
13919,2019-W49,Nipah,0
13920,2019-W49,Acute Viral hepatitis B,1
13921,2019-W49,Encephalitis,0
13922,2019-W49,Legionellosis,0
13923,2019-W49,Campylobacter enteritis,8
13924,2019-W49,Acute Viral hepatitis C,0
13925,2019-W49,Leptospirosis,0
13926,2019-W49,Melioidosis,0
13927,2019-W49,Meningococcal Infection,0
13928,2019-W49,Pertussis,0
13929,2019-W49,Pneumococcal Disease (invasive),3
13930,2019-W49,Haemophilus influenzae type b,0
13931,2019-W49,Salmonellosis(non-enteric fevers),35
13932,2019-W49,Avian Influenza,0
13933,2019-W49,Zika,0
13934,2019-W49,Ebola Virus Disease,0
13935,2019-W49,Japanese Encephalitis,0
13936,2019-W49,Tetanus,0
13937,2019-W49,Botulism,0
13938,2019-W49,Murine Typhus,0
13939,2019-W50,Cholera,0
13940,2019-W50,Paratyphoid,0
13941,2019-W50,Typhoid,5
13942,2019-W50,Acute Viral Hepatitis A,0
13943,2019-W50,Acute Viral Hepatitis E,1
13944,2019-W50,Poliomyelitis,0
13945,2019-W50,Plague,0
13946,2019-W50,Yellow Fever,0
13947,2019-W50,Dengue Fever,257
13948,2019-W50,Dengue Haemorrhagic Fever,0
13949,2019-W50,Malaria,2
13950,2019-W50,Chikungunya,0
13951,2019-W50,HFMD,0
13952,2019-W50,Diphtheria,0
13953,2019-W50,Measles,0
13954,2019-W50,Mumps,3
13955,2019-W50,Rubella,0
13956,2019-W50,SARS,0
13957,2019-W50,Nipah,0
13958,2019-W50,Acute Viral hepatitis B,0
13959,2019-W50,Encephalitis,0
13960,2019-W50,Legionellosis,0
13961,2019-W50,Campylobacter enteritis,3
13962,2019-W50,Acute Viral hepatitis C,0
13963,2019-W50,Leptospirosis,1
13964,2019-W50,Melioidosis,0
13965,2019-W50,Meningococcal Infection,1
13966,2019-W50,Pertussis,2
13967,2019-W50,Pneumococcal Disease (invasive),0
13968,2019-W50,Haemophilus influenzae type b,0
13969,2019-W50,Salmonellosis(non-enteric fevers),34
13970,2019-W50,Avian Influenza,0
13971,2019-W50,Zika,0
13972,2019-W50,Ebola Virus Disease,0
13973,2019-W50,Japanese Encephalitis,0
13974,2019-W50,Tetanus,0
13975,2019-W50,Botulism,0
13976,2019-W50,Murine Typhus,0
13977,2019-W51,Cholera,0
13978,2019-W51,Paratyphoid,0
13979,2019-W51,Typhoid,0
13980,2019-W51,Acute Viral Hepatitis A,2
13981,2019-W51,Acute Viral Hepatitis E,2
13982,2019-W51,Poliomyelitis,0
13983,2019-W51,Plague,0
13984,2019-W51,Yellow Fever,0
13985,2019-W51,Dengue Fever,226
13986,2019-W51,Dengue Haemorrhagic Fever,0
13987,2019-W51,Malaria,1
13988,2019-W51,Chikungunya,1
13989,2019-W51,HFMD,0
13990,2019-W51,Diphtheria,0
13991,2019-W51,Measles,0
13992,2019-W51,Mumps,10
13993,2019-W51,Rubella,0
13994,2019-W51,SARS,0
13995,2019-W51,Nipah,0
13996,2019-W51,Acute Viral hepatitis B,1
13997,2019-W51,Encephalitis,0
13998,2019-W51,Legionellosis,1
13999,2019-W51,Campylobacter enteritis,5
14000,2019-W51,Acute Viral hepatitis C,0
14001,2019-W51,Leptospirosis,2
14002,2019-W51,Melioidosis,3
14003,2019-W51,Meningococcal Infection,0
14004,2019-W51,Pertussis,1
14005,2019-W51,Pneumococcal Disease (invasive),3
14006,2019-W51,Haemophilus influenzae type b,0
14007,2019-W51,Salmonellosis(non-enteric fevers),36
14008,2019-W51,Avian Influenza,0
14009,2019-W51,Zika,0
14010,2019-W51,Ebola Virus Disease,0
14011,2019-W51,Japanese Encephalitis,0
14012,2019-W51,Tetanus,0
14013,2019-W51,Botulism,0
14014,2019-W51,Murine Typhus,0
14015,2019-W52,Cholera,0
14016,2019-W52,Paratyphoid,0
14017,2019-W52,Typhoid,0
14018,2019-W52,Acute Viral Hepatitis A,0
14019,2019-W52,Acute Viral Hepatitis E,0
14020,2019-W52,Poliomyelitis,0
14021,2019-W52,Plague,0
14022,2019-W52,Yellow Fever,0
14023,2019-W52,Dengue Fever,290
14024,2019-W52,Dengue Haemorrhagic Fever,0
14025,2019-W52,Malaria,2
14026,2019-W52,Chikungunya,1
14027,2019-W52,HFMD,0
14028,2019-W52,Diphtheria,0
14029,2019-W52,Measles,0
14030,2019-W52,Mumps,6
14031,2019-W52,Rubella,1
14032,2019-W52,SARS,0
14033,2019-W52,Nipah,0
14034,2019-W52,Acute Viral hepatitis B,0
14035,2019-W52,Encephalitis,0
14036,2019-W52,Legionellosis,0
14037,2019-W52,Campylobacter enteritis,19
14038,2019-W52,Acute Viral hepatitis C,1
14039,2019-W52,Leptospirosis,0
14040,2019-W52,Melioidosis,1
14041,2019-W52,Meningococcal Infection,0
14042,2019-W52,Pertussis,0
14043,2019-W52,Pneumococcal Disease (invasive),2
14044,2019-W52,Haemophilus influenzae type b,0
14045,2019-W52,Salmonellosis(non-enteric fevers),33
14046,2019-W52,Avian Influenza,0
14047,2019-W52,Zika,0
14048,2019-W52,Ebola Virus Disease,0
14049,2019-W52,Japanese Encephalitis,0
14050,2019-W52,Tetanus,0
14051,2019-W52,Botulism,0
14052,2019-W52,Murine Typhus,1
14053,2020-W01,Cholera,0
14054,2020-W01,Paratyphoid,0
14055,2020-W01,Typhoid,1
14056,2020-W01,Acute Viral Hepatitis A,2
14057,2020-W01,Acute Viral Hepatitis E,1
14058,2020-W01,Poliomyelitis,0
14059,2020-W01,Plague,0
14060,2020-W01,Yellow Fever,0
14061,2020-W01,Dengue Fever,302
14062,2020-W01,Dengue Haemorrhagic Fever,1
14063,2020-W01,Malaria,1
14064,2020-W01,Chikungunya,3
14065,2020-W01,HFMD,0
14066,2020-W01,Diphtheria,0
14067,2020-W01,Measles,0
14068,2020-W01,Mumps,7
14069,2020-W01,Rubella,0
14070,2020-W01,SARS,0
14071,2020-W01,Nipah,0
14072,2020-W01,Acute Viral hepatitis B,1
14073,2020-W01,Encephalitis,0
14074,2020-W01,Legionellosis,0
14075,2020-W01,Campylobacter enteritis,15
14076,2020-W01,Acute Viral hepatitis C,2
14077,2020-W01,Leptospirosis,0
14078,2020-W01,Melioidosis,0
14079,2020-W01,Meningococcal Infection,2
14080,2020-W01,Pertussis,1
14081,2020-W01,Pneumococcal Disease (invasive),3
14082,2020-W01,Haemophilus influenzae type b,0
14083,2020-W01,Salmonellosis(non-enteric fevers),19
14084,2020-W01,Avian Influenza,0
14085,2020-W01,Zika,0
14086,2020-W01,Ebola Virus Disease,0
14087,2020-W01,Japanese Encephalitis,0
14088,2020-W01,Tetanus,0
14089,2020-W01,Botulism,0
14090,2020-W01,Murine Typhus,0
14091,2020-W02,Cholera,0
14092,2020-W02,Paratyphoid,1
14093,2020-W02,Typhoid,2
14094,2020-W02,Acute Viral Hepatitis A,1
14095,2020-W02,Acute Viral Hepatitis E,0
14096,2020-W02,Poliomyelitis,0
14097,2020-W02,Plague,0
14098,2020-W02,Yellow Fever,0
14099,2020-W02,Dengue Fever,342
14100,2020-W02,Dengue Haemorrhagic Fever,1
14101,2020-W02,Malaria,1
14102,2020-W02,Chikungunya,1
14103,2020-W02,HFMD,0
14104,2020-W02,Diphtheria,0
14105,2020-W02,Measles,1
14106,2020-W02,Mumps,11
14107,2020-W02,Rubella,0
14108,2020-W02,SARS,0
14109,2020-W02,Nipah,0
14110,2020-W02,Acute Viral hepatitis B,2
14111,2020-W02,Encephalitis,0
14112,2020-W02,Legionellosis,0
14113,2020-W02,Campylobacter enteritis,9
14114,2020-W02,Acute Viral hepatitis C,1
14115,2020-W02,Leptospirosis,0
14116,2020-W02,Melioidosis,0
14117,2020-W02,Meningococcal Infection,0
14118,2020-W02,Pertussis,0
14119,2020-W02,Pneumococcal Disease (invasive),3
14120,2020-W02,Haemophilus influenzae type b,0
14121,2020-W02,Salmonellosis(non-enteric fevers),25
14122,2020-W02,Avian Influenza,0
14123,2020-W02,Zika,0
14124,2020-W02,Ebola Virus Disease,0
14125,2020-W02,Japanese Encephalitis,0
14126,2020-W02,Tetanus,0
14127,2020-W02,Botulism,0
14128,2020-W02,Murine Typhus,0
14129,2020-W03,Cholera,0
14130,2020-W03,Paratyphoid,0
14131,2020-W03,Typhoid,2
14132,2020-W03,Acute Viral Hepatitis A,1
14133,2020-W03,Acute Viral Hepatitis E,1
14134,2020-W03,Poliomyelitis,0
14135,2020-W03,Plague,0
14136,2020-W03,Yellow Fever,0
14137,2020-W03,Dengue Fever,402
14138,2020-W03,Dengue Haemorrhagic Fever,2
14139,2020-W03,Malaria,1
14140,2020-W03,Chikungunya,1
14141,2020-W03,HFMD,0
14142,2020-W03,Diphtheria,0
14143,2020-W03,Measles,2
14144,2020-W03,Mumps,9
14145,2020-W03,Rubella,1
14146,2020-W03,SARS,0
14147,2020-W03,Nipah,0
14148,2020-W03,Acute Viral hepatitis B,2
14149,2020-W03,Encephalitis,0
14150,2020-W03,Legionellosis,0
14151,2020-W03,Campylobacter enteritis,8
14152,2020-W03,Acute Viral hepatitis C,0
14153,2020-W03,Leptospirosis,0
14154,2020-W03,Melioidosis,2
14155,2020-W03,Meningococcal Infection,0
14156,2020-W03,Pertussis,1
14157,2020-W03,Pneumococcal Disease (invasive),2
14158,2020-W03,Haemophilus influenzae type b,0
14159,2020-W03,Salmonellosis(non-enteric fevers),26
14160,2020-W03,Avian Influenza,0
14161,2020-W03,Zika,0
14162,2020-W03,Ebola Virus Disease,0
14163,2020-W03,Japanese Encephalitis,0
14164,2020-W03,Tetanus,0
14165,2020-W03,Botulism,0
14166,2020-W03,Murine Typhus,0
14167,2020-W04,Cholera,0
14168,2020-W04,Paratyphoid,1
14169,2020-W04,Typhoid,3
14170,2020-W04,Acute Viral Hepatitis A,1
14171,2020-W04,Acute Viral Hepatitis E,0
14172,2020-W04,Poliomyelitis,0
14173,2020-W04,Plague,0
14174,2020-W04,Yellow Fever,0
14175,2020-W04,Dengue Fever,307
14176,2020-W04,Dengue Haemorrhagic Fever,2
14177,2020-W04,Malaria,0
14178,2020-W04,Chikungunya,0
14179,2020-W04,HFMD,0
14180,2020-W04,Diphtheria,0
14181,2020-W04,Measles,1
14182,2020-W04,Mumps,6
14183,2020-W04,Rubella,0
14184,2020-W04,SARS,0
14185,2020-W04,Nipah,0
14186,2020-W04,Acute Viral hepatitis B,1
14187,2020-W04,Encephalitis,0
14188,2020-W04,Legionellosis,1
14189,2020-W04,Campylobacter enteritis,10
14190,2020-W04,Acute Viral hepatitis C,0
14191,2020-W04,Leptospirosis,1
14192,2020-W04,Melioidosis,1
14193,2020-W04,Meningococcal Infection,1
14194,2020-W04,Pertussis,0
14195,2020-W04,Pneumococcal Disease (invasive),2
14196,2020-W04,Haemophilus influenzae type b,0
14197,2020-W04,Salmonellosis(non-enteric fevers),32
14198,2020-W04,Avian Influenza,0
14199,2020-W04,Zika,0
14200,2020-W04,Ebola Virus Disease,0
14201,2020-W04,Japanese Encephalitis,0
14202,2020-W04,Tetanus,0
14203,2020-W04,Botulism,0
14204,2020-W04,Murine Typhus,1
14205,2020-W05,Cholera,0
14206,2020-W05,Paratyphoid,0
14207,2020-W05,Typhoid,1
14208,2020-W05,Acute Viral Hepatitis A,0
14209,2020-W05,Acute Viral Hepatitis E,1
14210,2020-W05,Poliomyelitis,0
14211,2020-W05,Plague,0
14212,2020-W05,Yellow Fever,0
14213,2020-W05,Dengue Fever,370
14214,2020-W05,Dengue Haemorrhagic Fever,0
14215,2020-W05,Malaria,0
14216,2020-W05,Chikungunya,1
14217,2020-W05,HFMD,0
14218,2020-W05,Diphtheria,0
14219,2020-W05,Measles,0
14220,2020-W05,Mumps,5
14221,2020-W05,Rubella,0
14222,2020-W05,SARS,0
14223,2020-W05,Nipah,0
14224,2020-W05,Acute Viral hepatitis B,1
14225,2020-W05,Encephalitis,0
14226,2020-W05,Legionellosis,1
14227,2020-W05,Campylobacter enteritis,6
14228,2020-W05,Acute Viral hepatitis C,0
14229,2020-W05,Leptospirosis,0
14230,2020-W05,Melioidosis,0
14231,2020-W05,Meningococcal Infection,0
14232,2020-W05,Pertussis,0
14233,2020-W05,Pneumococcal Disease (invasive),6
14234,2020-W05,Haemophilus influenzae type b,1
14235,2020-W05,Salmonellosis(non-enteric fevers),33
14236,2020-W05,Avian Influenza,0
14237,2020-W05,Zika,0
14238,2020-W05,Ebola Virus Disease,0
14239,2020-W05,Japanese Encephalitis,0
14240,2020-W05,Tetanus,0
14241,2020-W05,Botulism,0
14242,2020-W05,Murine Typhus,0
14243,2020-W06,Cholera,0
14244,2020-W06,Paratyphoid,0
14245,2020-W06,Typhoid,1
14246,2020-W06,Acute Viral Hepatitis A,0
14247,2020-W06,Acute Viral Hepatitis E,3
14248,2020-W06,Poliomyelitis,0
14249,2020-W06,Plague,0
14250,2020-W06,Yellow Fever,0
14251,2020-W06,Dengue Fever,400
14252,2020-W06,Dengue Haemorrhagic Fever,0
14253,2020-W06,Malaria,0
14254,2020-W06,Chikungunya,1
14255,2020-W06,HFMD,0
14256,2020-W06,Diphtheria,0
14257,2020-W06,Measles,1
14258,2020-W06,Mumps,10
14259,2020-W06,Rubella,0
14260,2020-W06,SARS,0
14261,2020-W06,Nipah,0
14262,2020-W06,Acute Viral hepatitis B,2
14263,2020-W06,Encephalitis,0
14264,2020-W06,Legionellosis,1
14265,2020-W06,Campylobacter enteritis,9
14266,2020-W06,Acute Viral hepatitis C,0
14267,2020-W06,Leptospirosis,2
14268,2020-W06,Melioidosis,2
14269,2020-W06,Meningococcal Infection,0
14270,2020-W06,Pertussis,2
14271,2020-W06,Pneumococcal Disease (invasive),3
14272,2020-W06,Haemophilus influenzae type b,0
14273,2020-W06,Salmonellosis(non-enteric fevers),42
14274,2020-W06,Avian Influenza,0
14275,2020-W06,Zika,0
14276,2020-W06,Ebola Virus Disease,0
14277,2020-W06,Japanese Encephalitis,0
14278,2020-W06,Tetanus,0
14279,2020-W06,Botulism,0
14280,2020-W06,Murine Typhus,1
14281,2020-W07,Cholera,0
14282,2020-W07,Paratyphoid,0
14283,2020-W07,Typhoid,0
14284,2020-W07,Acute Viral Hepatitis A,0
14285,2020-W07,Acute Viral Hepatitis E,1
14286,2020-W07,Poliomyelitis,0
14287,2020-W07,Plague,0
14288,2020-W07,Yellow Fever,0
14289,2020-W07,Dengue Fever,378
14290,2020-W07,Dengue Haemorrhagic Fever,2
14291,2020-W07,Malaria,1
14292,2020-W07,Chikungunya,2
14293,2020-W07,HFMD,0
14294,2020-W07,Diphtheria,0
14295,2020-W07,Measles,2
14296,2020-W07,Mumps,7
14297,2020-W07,Rubella,0
14298,2020-W07,SARS,0
14299,2020-W07,Nipah,0
14300,2020-W07,Acute Viral hepatitis B,1
14301,2020-W07,Encephalitis,0
14302,2020-W07,Legionellosis,0
14303,2020-W07,Campylobacter enteritis,7
14304,2020-W07,Acute Viral hepatitis C,0
14305,2020-W07,Leptospirosis,2
14306,2020-W07,Melioidosis,1
14307,2020-W07,Meningococcal Infection,0
14308,2020-W07,Pertussis,0
14309,2020-W07,Pneumococcal Disease (invasive),3
14310,2020-W07,Haemophilus influenzae type b,0
14311,2020-W07,Salmonellosis(non-enteric fevers),26
14312,2020-W07,Avian Influenza,0
14313,2020-W07,Zika,0
14314,2020-W07,Ebola Virus Disease,0
14315,2020-W07,Japanese Encephalitis,0
14316,2020-W07,Tetanus,0
14317,2020-W07,Botulism,0
14318,2020-W07,Murine Typhus,0
14319,2020-W08,Cholera,0
14320,2020-W08,Paratyphoid,1
14321,2020-W08,Typhoid,1
14322,2020-W08,Acute Viral Hepatitis A,0
14323,2020-W08,Acute Viral Hepatitis E,1
14324,2020-W08,Poliomyelitis,0
14325,2020-W08,Plague,0
14326,2020-W08,Yellow Fever,0
14327,2020-W08,Dengue Fever,380
14328,2020-W08,Dengue Haemorrhagic Fever,1
14329,2020-W08,Malaria,0
14330,2020-W08,Chikungunya,0
14331,2020-W08,HFMD,0
14332,2020-W08,Diphtheria,0
14333,2020-W08,Measles,0
14334,2020-W08,Mumps,9
14335,2020-W08,Rubella,0
14336,2020-W08,SARS,0
14337,2020-W08,Nipah,0
14338,2020-W08,Acute Viral hepatitis B,0
14339,2020-W08,Encephalitis,0
14340,2020-W08,Legionellosis,0
14341,2020-W08,Campylobacter enteritis,9
14342,2020-W08,Acute Viral hepatitis C,0
14343,2020-W08,Leptospirosis,1
14344,2020-W08,Melioidosis,1
14345,2020-W08,Meningococcal Infection,0
14346,2020-W08,Pertussis,0
14347,2020-W08,Pneumococcal Disease (invasive),1
14348,2020-W08,Haemophilus influenzae type b,0
14349,2020-W08,Salmonellosis(non-enteric fevers),22
14350,2020-W08,Avian Influenza,0
14351,2020-W08,Zika,0
14352,2020-W08,Ebola Virus Disease,0
14353,2020-W08,Japanese Encephalitis,0
14354,2020-W08,Tetanus,0
14355,2020-W08,Botulism,0
14356,2020-W08,Murine Typhus,0
14357,2020-W09,Cholera,0
14358,2020-W09,Paratyphoid,2
14359,2020-W09,Typhoid,1
14360,2020-W09,Acute Viral Hepatitis A,1
14361,2020-W09,Acute Viral Hepatitis E,0
14362,2020-W09,Poliomyelitis,0
14363,2020-W09,Plague,0
14364,2020-W09,Yellow Fever,0
14365,2020-W09,Dengue Fever,373
14366,2020-W09,Dengue Haemorrhagic Fever,1
14367,2020-W09,Malaria,0
14368,2020-W09,Chikungunya,0
14369,2020-W09,HFMD,0
14370,2020-W09,Diphtheria,0
14371,2020-W09,Measles,0
14372,2020-W09,Mumps,7
14373,2020-W09,Rubella,0
14374,2020-W09,SARS,0
14375,2020-W09,Nipah,0
14376,2020-W09,Acute Viral hepatitis B,2
14377,2020-W09,Encephalitis,0
14378,2020-W09,Legionellosis,1
14379,2020-W09,Campylobacter enteritis,3
14380,2020-W09,Acute Viral hepatitis C,1
14381,2020-W09,Leptospirosis,0
14382,2020-W09,Melioidosis,0
14383,2020-W09,Meningococcal Infection,0
14384,2020-W09,Pertussis,0
14385,2020-W09,Pneumococcal Disease (invasive),2
14386,2020-W09,Haemophilus influenzae type b,0
14387,2020-W09,Salmonellosis(non-enteric fevers),38
14388,2020-W09,Avian Influenza,0
14389,2020-W09,Zika,0
14390,2020-W09,Ebola Virus Disease,0
14391,2020-W09,Japanese Encephalitis,0
14392,2020-W09,Tetanus,0
14393,2020-W09,Botulism,0
14394,2020-W09,Murine Typhus,0
14395,2020-W10,Cholera,0
14396,2020-W10,Paratyphoid,1
14397,2020-W10,Typhoid,1
14398,2020-W10,Acute Viral Hepatitis A,1
14399,2020-W10,Acute Viral Hepatitis E,3
14400,2020-W10,Poliomyelitis,0
14401,2020-W10,Plague,0
14402,2020-W10,Yellow Fever,0
14403,2020-W10,Dengue Fever,375
14404,2020-W10,Dengue Haemorrhagic Fever,0
14405,2020-W10,Malaria,0
14406,2020-W10,Chikungunya,0
14407,2020-W10,HFMD,0
14408,2020-W10,Diphtheria,0
14409,2020-W10,Measles,1
14410,2020-W10,Mumps,5
14411,2020-W10,Rubella,0
14412,2020-W10,SARS,0
14413,2020-W10,Nipah,0
14414,2020-W10,Acute Viral hepatitis B,0
14415,2020-W10,Encephalitis,0
14416,2020-W10,Legionellosis,0
14417,2020-W10,Campylobacter enteritis,8
14418,2020-W10,Acute Viral hepatitis C,1
14419,2020-W10,Leptospirosis,1
14420,2020-W10,Melioidosis,0
14421,2020-W10,Meningococcal Infection,0
14422,2020-W10,Pertussis,1
14423,2020-W10,Pneumococcal Disease (invasive),1
14424,2020-W10,Haemophilus influenzae type b,0
14425,2020-W10,Salmonellosis(non-enteric fevers),53
14426,2020-W10,Avian Influenza,0
14427,2020-W10,Zika,1
14428,2020-W10,Ebola Virus Disease,0
14429,2020-W10,Japanese Encephalitis,0
14430,2020-W10,Tetanus,0
14431,2020-W10,Botulism,0
14432,2020-W10,Murine Typhus,0
14433,2020-W11,Cholera,0
14434,2020-W11,Paratyphoid,1
14435,2020-W11,Typhoid,3
14436,2020-W11,Acute Viral Hepatitis A,1
14437,2020-W11,Acute Viral Hepatitis E,1
14438,2020-W11,Poliomyelitis,0
14439,2020-W11,Plague,0
14440,2020-W11,Yellow Fever,0
14441,2020-W11,Dengue Fever,389
14442,2020-W11,Dengue Haemorrhagic Fever,0
14443,2020-W11,Malaria,1
14444,2020-W11,Chikungunya,0
14445,2020-W11,HFMD,0
14446,2020-W11,Diphtheria,0
14447,2020-W11,Measles,0
14448,2020-W11,Mumps,4
14449,2020-W11,Rubella,0
14450,2020-W11,SARS,0
14451,2020-W11,Nipah,0
14452,2020-W11,Acute Viral hepatitis B,0
14453,2020-W11,Encephalitis,0
14454,2020-W11,Legionellosis,0
14455,2020-W11,Campylobacter enteritis,7
14456,2020-W11,Acute Viral hepatitis C,0
14457,2020-W11,Leptospirosis,0
14458,2020-W11,Melioidosis,1
14459,2020-W11,Meningococcal Infection,0
14460,2020-W11,Pertussis,3
14461,2020-W11,Pneumococcal Disease (invasive),0
14462,2020-W11,Haemophilus influenzae type b,0
14463,2020-W11,Salmonellosis(non-enteric fevers),41
14464,2020-W11,Avian Influenza,0
14465,2020-W11,Zika,0
14466,2020-W11,Ebola Virus Disease,0
14467,2020-W11,Japanese Encephalitis,0
14468,2020-W11,Tetanus,0
14469,2020-W11,Botulism,0
14470,2020-W11,Murine Typhus,1
14471,2020-W12,Cholera,0
14472,2020-W12,Paratyphoid,0
14473,2020-W12,Typhoid,2
14474,2020-W12,Acute Viral Hepatitis A,2
14475,2020-W12,Acute Viral Hepatitis E,1
14476,2020-W12,Poliomyelitis,0
14477,2020-W12,Plague,0
14478,2020-W12,Yellow Fever,0
14479,2020-W12,Dengue Fever,367
14480,2020-W12,Dengue Haemorrhagic Fever,1
14481,2020-W12,Malaria,1
14482,2020-W12,Chikungunya,1
14483,2020-W12,HFMD,0
14484,2020-W12,Diphtheria,0
14485,2020-W12,Measles,1
14486,2020-W12,Mumps,3
14487,2020-W12,Rubella,0
14488,2020-W12,SARS,0
14489,2020-W12,Nipah,0
14490,2020-W12,Acute Viral hepatitis B,2
14491,2020-W12,Encephalitis,0
14492,2020-W12,Legionellosis,0
14493,2020-W12,Campylobacter enteritis,9
14494,2020-W12,Acute Viral hepatitis C,0
14495,2020-W12,Leptospirosis,1
14496,2020-W12,Melioidosis,1
14497,2020-W12,Meningococcal Infection,1
14498,2020-W12,Pertussis,0
14499,2020-W12,Pneumococcal Disease (invasive),1
14500,2020-W12,Haemophilus influenzae type b,0
14501,2020-W12,Salmonellosis(non-enteric fevers),44
14502,2020-W12,Avian Influenza,0
14503,2020-W12,Zika,0
14504,2020-W12,Ebola Virus Disease,0
14505,2020-W12,Japanese Encephalitis,0
14506,2020-W12,Tetanus,0
14507,2020-W12,Botulism,0
14508,2020-W12,Murine Typhus,0
14509,2020-W13,Cholera,0
14510,2020-W13,Paratyphoid,0
14511,2020-W13,Typhoid,0
14512,2020-W13,Acute Viral Hepatitis A,0
14513,2020-W13,Acute Viral Hepatitis E,0
14514,2020-W13,Poliomyelitis,0
14515,2020-W13,Plague,0
14516,2020-W13,Yellow Fever,0
14517,2020-W13,Dengue Fever,377
14518,2020-W13,Dengue Haemorrhagic Fever,0
14519,2020-W13,Malaria,0
14520,2020-W13,Chikungunya,0
14521,2020-W13,HFMD,0
14522,2020-W13,Diphtheria,0
14523,2020-W13,Measles,1
14524,2020-W13,Mumps,7
14525,2020-W13,Rubella,0
14526,2020-W13,SARS,0
14527,2020-W13,Nipah,0
14528,2020-W13,Acute Viral hepatitis B,0
14529,2020-W13,Encephalitis,0
14530,2020-W13,Legionellosis,1
14531,2020-W13,Campylobacter enteritis,4
14532,2020-W13,Acute Viral hepatitis C,0
14533,2020-W13,Leptospirosis,2
14534,2020-W13,Melioidosis,1
14535,2020-W13,Meningococcal Infection,0
14536,2020-W13,Pertussis,0
14537,2020-W13,Pneumococcal Disease (invasive),1
14538,2020-W13,Haemophilus influenzae type b,0
14539,2020-W13,Salmonellosis(non-enteric fevers),32
14540,2020-W13,Avian Influenza,0
14541,2020-W13,Zika,0
14542,2020-W13,Ebola Virus Disease,0
14543,2020-W13,Japanese Encephalitis,0
14544,2020-W13,Tetanus,0
14545,2020-W13,Botulism,0
14546,2020-W13,Murine Typhus,0
14547,2020-W14,Cholera,0
14548,2020-W14,Paratyphoid,2
14549,2020-W14,Typhoid,3
14550,2020-W14,Acute Viral Hepatitis A,1
14551,2020-W14,Acute Viral Hepatitis E,1
14552,2020-W14,Poliomyelitis,0
14553,2020-W14,Plague,0
14554,2020-W14,Yellow Fever,0
14555,2020-W14,Dengue Fever,315
14556,2020-W14,Dengue Haemorrhagic Fever,0
14557,2020-W14,Malaria,0
14558,2020-W14,Chikungunya,0
14559,2020-W14,HFMD,0
14560,2020-W14,Diphtheria,0
14561,2020-W14,Measles,0
14562,2020-W14,Mumps,5
14563,2020-W14,Rubella,0
14564,2020-W14,SARS,0
14565,2020-W14,Nipah,0
14566,2020-W14,Acute Viral hepatitis B,3
14567,2020-W14,Encephalitis,0
14568,2020-W14,Legionellosis,0
14569,2020-W14,Campylobacter enteritis,11
14570,2020-W14,Acute Viral hepatitis C,0
14571,2020-W14,Leptospirosis,2
14572,2020-W14,Melioidosis,0
14573,2020-W14,Meningococcal Infection,0
14574,2020-W14,Pertussis,1
14575,2020-W14,Pneumococcal Disease (invasive),2
14576,2020-W14,Haemophilus influenzae type b,0
14577,2020-W14,Salmonellosis(non-enteric fevers),20
14578,2020-W14,Avian Influenza,0
14579,2020-W14,Zika,0
14580,2020-W14,Ebola Virus Disease,0
14581,2020-W14,Japanese Encephalitis,0
14582,2020-W14,Tetanus,0
14583,2020-W14,Botulism,0
14584,2020-W14,Murine Typhus,0
14585,2020-W15,Cholera,0
14586,2020-W15,Paratyphoid,0
14587,2020-W15,Typhoid,0
14588,2020-W15,Acute Viral Hepatitis A,0
14589,2020-W15,Acute Viral Hepatitis E,1
14590,2020-W15,Poliomyelitis,0
14591,2020-W15,Plague,0
14592,2020-W15,Yellow Fever,0
14593,2020-W15,Dengue Fever,341
14594,2020-W15,Dengue Haemorrhagic Fever,2
14595,2020-W15,Malaria,0
14596,2020-W15,Chikungunya,0
14597,2020-W15,HFMD,0
14598,2020-W15,Diphtheria,0
14599,2020-W15,Measles,0
14600,2020-W15,Mumps,2
14601,2020-W15,Rubella,0
14602,2020-W15,SARS,0
14603,2020-W15,Nipah,0
14604,2020-W15,Acute Viral hepatitis B,0
14605,2020-W15,Encephalitis,0
14606,2020-W15,Legionellosis,0
14607,2020-W15,Campylobacter enteritis,5
14608,2020-W15,Acute Viral hepatitis C,0
14609,2020-W15,Leptospirosis,0
14610,2020-W15,Melioidosis,0
14611,2020-W15,Meningococcal Infection,0
14612,2020-W15,Pertussis,0
14613,2020-W15,Pneumococcal Disease (invasive),0
14614,2020-W15,Haemophilus influenzae type b,0
14615,2020-W15,Salmonellosis(non-enteric fevers),17
14616,2020-W15,Avian Influenza,0
14617,2020-W15,Zika,0
14618,2020-W15,Ebola Virus Disease,0
14619,2020-W15,Japanese Encephalitis,0
14620,2020-W15,Tetanus,0
14621,2020-W15,Botulism,0
14622,2020-W15,Murine Typhus,0
14623,2020-W16,Cholera,0
14624,2020-W16,Paratyphoid,0
14625,2020-W16,Typhoid,2
14626,2020-W16,Acute Viral Hepatitis A,1
14627,2020-W16,Acute Viral Hepatitis E,1
14628,2020-W16,Poliomyelitis,0
14629,2020-W16,Plague,0
14630,2020-W16,Yellow Fever,0
14631,2020-W16,Dengue Fever,360
14632,2020-W16,Dengue Haemorrhagic Fever,0
14633,2020-W16,Malaria,1
14634,2020-W16,Chikungunya,0
14635,2020-W16,HFMD,0
14636,2020-W16,Diphtheria,0
14637,2020-W16,Measles,0
14638,2020-W16,Mumps,3
14639,2020-W16,Rubella,0
14640,2020-W16,SARS,0
14641,2020-W16,Nipah,0
14642,2020-W16,Acute Viral hepatitis B,0
14643,2020-W16,Encephalitis,0
14644,2020-W16,Legionellosis,0
14645,2020-W16,Campylobacter enteritis,9
14646,2020-W16,Acute Viral hepatitis C,0
14647,2020-W16,Leptospirosis,0
14648,2020-W16,Melioidosis,0
14649,2020-W16,Meningococcal Infection,0
14650,2020-W16,Pertussis,1
14651,2020-W16,Pneumococcal Disease (invasive),1
14652,2020-W16,Haemophilus influenzae type b,0
14653,2020-W16,Salmonellosis(non-enteric fevers),17
14654,2020-W16,Avian Influenza,0
14655,2020-W16,Zika,0
14656,2020-W16,Ebola Virus Disease,0
14657,2020-W16,Japanese Encephalitis,0
14658,2020-W16,Tetanus,0
14659,2020-W16,Botulism,0
14660,2020-W16,Murine Typhus,0
14661,2020-W17,Cholera,0
14662,2020-W17,Paratyphoid,1
14663,2020-W17,Typhoid,1
14664,2020-W17,Acute Viral Hepatitis A,0
14665,2020-W17,Acute Viral Hepatitis E,0
14666,2020-W17,Poliomyelitis,0
14667,2020-W17,Plague,0
14668,2020-W17,Yellow Fever,0
14669,2020-W17,Dengue Fever,399
14670,2020-W17,Dengue Haemorrhagic Fever,1
14671,2020-W17,Malaria,0
14672,2020-W17,Chikungunya,0
14673,2020-W17,HFMD,0
14674,2020-W17,Diphtheria,0
14675,2020-W17,Measles,0
14676,2020-W17,Mumps,0
14677,2020-W17,Rubella,0
14678,2020-W17,SARS,0
14679,2020-W17,Nipah,0
14680,2020-W17,Acute Viral hepatitis B,0
14681,2020-W17,Encephalitis,0
14682,2020-W17,Legionellosis,0
14683,2020-W17,Campylobacter enteritis,6
14684,2020-W17,Acute Viral hepatitis C,1
14685,2020-W17,Leptospirosis,1
14686,2020-W17,Melioidosis,0
14687,2020-W17,Meningococcal Infection,0
14688,2020-W17,Pertussis,0
14689,2020-W17,Pneumococcal Disease (invasive),1
14690,2020-W17,Haemophilus influenzae type b,0
14691,2020-W17,Salmonellosis(non-enteric fevers),29
14692,2020-W17,Avian Influenza,0
14693,2020-W17,Zika,0
14694,2020-W17,Ebola Virus Disease,0
14695,2020-W17,Japanese Encephalitis,0
14696,2020-W17,Tetanus,0
14697,2020-W17,Botulism,0
14698,2020-W17,Murine Typhus,0
14699,2020-W18,Cholera,0
14700,2020-W18,Paratyphoid,0
14701,2020-W18,Typhoid,1
14702,2020-W18,Acute Viral Hepatitis A,1
14703,2020-W18,Acute Viral Hepatitis E,1
14704,2020-W18,Poliomyelitis,0
14705,2020-W18,Plague,0
14706,2020-W18,Yellow Fever,0
14707,2020-W18,Dengue Fever,390
14708,2020-W18,Dengue Haemorrhagic Fever,0
14709,2020-W18,Malaria,0
14710,2020-W18,Chikungunya,0
14711,2020-W18,HFMD,0
14712,2020-W18,Diphtheria,0
14713,2020-W18,Measles,0
14714,2020-W18,Mumps,5
14715,2020-W18,Rubella,0
14716,2020-W18,SARS,0
14717,2020-W18,Nipah,0
14718,2020-W18,Acute Viral hepatitis B,1
14719,2020-W18,Encephalitis,0
14720,2020-W18,Legionellosis,0
14721,2020-W18,Campylobacter enteritis,4
14722,2020-W18,Acute Viral hepatitis C,0
14723,2020-W18,Leptospirosis,0
14724,2020-W18,Melioidosis,0
14725,2020-W18,Meningococcal Infection,0
14726,2020-W18,Pertussis,1
14727,2020-W18,Pneumococcal Disease (invasive),0
14728,2020-W18,Haemophilus influenzae type b,0
14729,2020-W18,Salmonellosis(non-enteric fevers),18
14730,2020-W18,Avian Influenza,0
14731,2020-W18,Zika,0
14732,2020-W18,Ebola Virus Disease,0
14733,2020-W18,Japanese Encephalitis,0
14734,2020-W18,Tetanus,0
14735,2020-W18,Botulism,0
14736,2020-W18,Murine Typhus,0
14737,2020-W19,Cholera,0
14738,2020-W19,Paratyphoid,0
14739,2020-W19,Typhoid,0
14740,2020-W19,Acute Viral Hepatitis A,0
14741,2020-W19,Acute Viral Hepatitis E,0
14742,2020-W19,Poliomyelitis,0
14743,2020-W19,Plague,0
14744,2020-W19,Yellow Fever,0
14745,2020-W19,Dengue Fever,502
14746,2020-W19,Dengue Haemorrhagic Fever,5
14747,2020-W19,Malaria,0
14748,2020-W19,Chikungunya,0
14749,2020-W19,HFMD,0
14750,2020-W19,Diphtheria,0
14751,2020-W19,Measles,0
14752,2020-W19,Mumps,7
14753,2020-W19,Rubella,0
14754,2020-W19,SARS,0
14755,2020-W19,Nipah,0
14756,2020-W19,Acute Viral hepatitis B,1
14757,2020-W19,Encephalitis,0
14758,2020-W19,Legionellosis,0
14759,2020-W19,Campylobacter enteritis,4
14760,2020-W19,Acute Viral hepatitis C,1
14761,2020-W19,Leptospirosis,0
14762,2020-W19,Melioidosis,0
14763,2020-W19,Meningococcal Infection,0
14764,2020-W19,Pertussis,0
14765,2020-W19,Pneumococcal Disease (invasive),1
14766,2020-W19,Haemophilus influenzae type b,0
14767,2020-W19,Salmonellosis(non-enteric fevers),23
14768,2020-W19,Avian Influenza,0
14769,2020-W19,Zika,0
14770,2020-W19,Ebola Virus Disease,0
14771,2020-W19,Japanese Encephalitis,0
14772,2020-W19,Tetanus,0
14773,2020-W19,Botulism,0
14774,2020-W19,Murine Typhus,0
14775,2020-W20,Cholera,0
14776,2020-W20,Paratyphoid,0
14777,2020-W20,Typhoid,0
14778,2020-W20,Acute Viral Hepatitis A,0
14779,2020-W20,Acute Viral Hepatitis E,1
14780,2020-W20,Poliomyelitis,0
14781,2020-W20,Plague,0
14782,2020-W20,Yellow Fever,0
14783,2020-W20,Dengue Fever,524
14784,2020-W20,Dengue Haemorrhagic Fever,2
14785,2020-W20,Malaria,0
14786,2020-W20,Chikungunya,0
14787,2020-W20,HFMD,0
14788,2020-W20,Diphtheria,0
14789,2020-W20,Measles,0
14790,2020-W20,Mumps,3
14791,2020-W20,Rubella,0
14792,2020-W20,SARS,0
14793,2020-W20,Nipah,0
14794,2020-W20,Acute Viral hepatitis B,0
14795,2020-W20,Encephalitis,0
14796,2020-W20,Legionellosis,0
14797,2020-W20,Campylobacter enteritis,8
14798,2020-W20,Acute Viral hepatitis C,0
14799,2020-W20,Leptospirosis,0
14800,2020-W20,Melioidosis,0
14801,2020-W20,Meningococcal Infection,0
14802,2020-W20,Pertussis,0
14803,2020-W20,Pneumococcal Disease (invasive),1
14804,2020-W20,Haemophilus influenzae type b,0
14805,2020-W20,Salmonellosis(non-enteric fevers),29
14806,2020-W20,Avian Influenza,0
14807,2020-W20,Zika,0
14808,2020-W20,Ebola Virus Disease,0
14809,2020-W20,Japanese Encephalitis,0
14810,2020-W20,Tetanus,0
14811,2020-W20,Botulism,0
14812,2020-W20,Murine Typhus,0
14813,2020-W21,Cholera,0
14814,2020-W21,Paratyphoid,0
14815,2020-W21,Typhoid,1
14816,2020-W21,Acute Viral Hepatitis A,0
14817,2020-W21,Acute Viral Hepatitis E,1
14818,2020-W21,Poliomyelitis,0
14819,2020-W21,Plague,0
14820,2020-W21,Yellow Fever,0
14821,2020-W21,Dengue Fever,618
14822,2020-W21,Dengue Haemorrhagic Fever,1
14823,2020-W21,Malaria,0
14824,2020-W21,Chikungunya,0
14825,2020-W21,HFMD,0
14826,2020-W21,Diphtheria,0
14827,2020-W21,Measles,0
14828,2020-W21,Mumps,3
14829,2020-W21,Rubella,0
14830,2020-W21,SARS,0
14831,2020-W21,Nipah,0
14832,2020-W21,Acute Viral hepatitis B,2
14833,2020-W21,Encephalitis,0
14834,2020-W21,Legionellosis,0
14835,2020-W21,Campylobacter enteritis,3
14836,2020-W21,Acute Viral hepatitis C,0
14837,2020-W21,Leptospirosis,0
14838,2020-W21,Melioidosis,1
14839,2020-W21,Meningococcal Infection,0
14840,2020-W21,Pertussis,0
14841,2020-W21,Pneumococcal Disease (invasive),0
14842,2020-W21,Haemophilus influenzae type b,0
14843,2020-W21,Salmonellosis(non-enteric fevers),43
14844,2020-W21,Avian Influenza,0
14845,2020-W21,Zika,0
14846,2020-W21,Ebola Virus Disease,0
14847,2020-W21,Japanese Encephalitis,0
14848,2020-W21,Tetanus,0
14849,2020-W21,Botulism,0
14850,2020-W21,Murine Typhus,0
14851,2020-W22,Cholera,0
14852,2020-W22,Paratyphoid,0
14853,2020-W22,Typhoid,0
14854,2020-W22,Acute Viral Hepatitis A,1
14855,2020-W22,Acute Viral Hepatitis E,2
14856,2020-W22,Poliomyelitis,0
14857,2020-W22,Plague,0
14858,2020-W22,Yellow Fever,0
14859,2020-W22,Dengue Fever,731
14860,2020-W22,Dengue Haemorrhagic Fever,1
14861,2020-W22,Malaria,0
14862,2020-W22,Chikungunya,0
14863,2020-W22,HFMD,0
14864,2020-W22,Diphtheria,0
14865,2020-W22,Measles,0
14866,2020-W22,Mumps,4
14867,2020-W22,Rubella,0
14868,2020-W22,SARS,0
14869,2020-W22,Nipah,0
14870,2020-W22,Acute Viral hepatitis B,1
14871,2020-W22,Encephalitis,0
14872,2020-W22,Legionellosis,0
14873,2020-W22,Campylobacter enteritis,8
14874,2020-W22,Acute Viral hepatitis C,0
14875,2020-W22,Leptospirosis,0
14876,2020-W22,Melioidosis,1
14877,2020-W22,Meningococcal Infection,0
14878,2020-W22,Pertussis,0
14879,2020-W22,Pneumococcal Disease (invasive),0
14880,2020-W22,Haemophilus influenzae type b,0
14881,2020-W22,Salmonellosis(non-enteric fevers),32
14882,2020-W22,Avian Influenza,0
14883,2020-W22,Zika,0
14884,2020-W22,Ebola Virus Disease,0
14885,2020-W22,Japanese Encephalitis,0
14886,2020-W22,Tetanus,0
14887,2020-W22,Botulism,1
14888,2020-W22,Murine Typhus,0
14889,2020-W23,Cholera,0
14890,2020-W23,Paratyphoid,0
14891,2020-W23,Typhoid,0
14892,2020-W23,Acute Viral Hepatitis A,1
14893,2020-W23,Acute Viral Hepatitis E,0
14894,2020-W23,Poliomyelitis,0
14895,2020-W23,Plague,0
14896,2020-W23,Yellow Fever,0
14897,2020-W23,Dengue Fever,868
14898,2020-W23,Dengue Haemorrhagic Fever,0
14899,2020-W23,Malaria,0
14900,2020-W23,Chikungunya,0
14901,2020-W23,HFMD,0
14902,2020-W23,Diphtheria,0
14903,2020-W23,Measles,0
14904,2020-W23,Mumps,6
14905,2020-W23,Rubella,0
14906,2020-W23,SARS,0
14907,2020-W23,Nipah,0
14908,2020-W23,Acute Viral hepatitis B,2
14909,2020-W23,Encephalitis,0
14910,2020-W23,Legionellosis,0
14911,2020-W23,Campylobacter enteritis,12
14912,2020-W23,Acute Viral hepatitis C,0
14913,2020-W23,Leptospirosis,1
14914,2020-W23,Melioidosis,0
14915,2020-W23,Meningococcal Infection,0
14916,2020-W23,Pertussis,0
14917,2020-W23,Pneumococcal Disease (invasive),0
14918,2020-W23,Haemophilus influenzae type b,0
14919,2020-W23,Salmonellosis(non-enteric fevers),29
14920,2020-W23,Avian Influenza,0
14921,2020-W23,Zika,0
14922,2020-W23,Ebola Virus Disease,0
14923,2020-W23,Japanese Encephalitis,0
14924,2020-W23,Tetanus,0
14925,2020-W23,Botulism,0
14926,2020-W23,Murine Typhus,1
14927,2020-W24,Cholera,0
14928,2020-W24,Paratyphoid,0
14929,2020-W24,Typhoid,0
14930,2020-W24,Acute Viral Hepatitis A,0
14931,2020-W24,Acute Viral Hepatitis E,0
14932,2020-W24,Poliomyelitis,0
14933,2020-W24,Plague,0
14934,2020-W24,Yellow Fever,0
14935,2020-W24,Dengue Fever,1151
14936,2020-W24,Dengue Haemorrhagic Fever,2
14937,2020-W24,Malaria,0
14938,2020-W24,Chikungunya,0
14939,2020-W24,HFMD,0
14940,2020-W24,Diphtheria,0
14941,2020-W24,Measles,0
14942,2020-W24,Mumps,5
14943,2020-W24,Rubella,0
14944,2020-W24,SARS,0
14945,2020-W24,Nipah,0
14946,2020-W24,Acute Viral hepatitis B,0
14947,2020-W24,Encephalitis,0
14948,2020-W24,Legionellosis,0
14949,2020-W24,Campylobacter enteritis,8
14950,2020-W24,Acute Viral hepatitis C,0
14951,2020-W24,Leptospirosis,1
14952,2020-W24,Melioidosis,0
14953,2020-W24,Meningococcal Infection,1
14954,2020-W24,Pertussis,0
14955,2020-W24,Pneumococcal Disease (invasive),0
14956,2020-W24,Haemophilus influenzae type b,0
14957,2020-W24,Salmonellosis(non-enteric fevers),37
14958,2020-W24,Avian Influenza,0
14959,2020-W24,Zika,0
14960,2020-W24,Ebola Virus Disease,0
14961,2020-W24,Japanese Encephalitis,0
14962,2020-W24,Tetanus,0
14963,2020-W24,Botulism,0
14964,2020-W24,Murine Typhus,0
14965,2020-W25,Cholera,0
14966,2020-W25,Paratyphoid,0
14967,2020-W25,Typhoid,0
14968,2020-W25,Acute Viral Hepatitis A,0
14969,2020-W25,Acute Viral Hepatitis E,1
14970,2020-W25,Poliomyelitis,0
14971,2020-W25,Plague,0
14972,2020-W25,Yellow Fever,0
14973,2020-W25,Dengue Fever,1369
14974,2020-W25,Dengue Haemorrhagic Fever,2
14975,2020-W25,Malaria,0
14976,2020-W25,Chikungunya,0
14977,2020-W25,HFMD,0
14978,2020-W25,Diphtheria,0
14979,2020-W25,Measles,0
14980,2020-W25,Mumps,4
14981,2020-W25,Rubella,0
14982,2020-W25,SARS,0
14983,2020-W25,Nipah,0
14984,2020-W25,Acute Viral hepatitis B,1
14985,2020-W25,Encephalitis,0
14986,2020-W25,Legionellosis,0
14987,2020-W25,Campylobacter enteritis,8
14988,2020-W25,Acute Viral hepatitis C,1
14989,2020-W25,Leptospirosis,1
14990,2020-W25,Melioidosis,0
14991,2020-W25,Meningococcal Infection,1
14992,2020-W25,Pertussis,0
14993,2020-W25,Pneumococcal Disease (invasive),0
14994,2020-W25,Haemophilus influenzae type b,0
14995,2020-W25,Salmonellosis(non-enteric fevers),41
14996,2020-W25,Avian Influenza,0
14997,2020-W25,Zika,0
14998,2020-W25,Ebola Virus Disease,0
14999,2020-W25,Japanese Encephalitis,0
15000,2020-W25,Tetanus,0
15001,2020-W25,Botulism,0
15002,2020-W25,Murine Typhus,0
15003,2020-W26,Cholera,0
15004,2020-W26,Paratyphoid,0
15005,2020-W26,Typhoid,0
15006,2020-W26,Acute Viral Hepatitis A,0
15007,2020-W26,Acute Viral Hepatitis E,0
15008,2020-W26,Poliomyelitis,0
15009,2020-W26,Plague,0
15010,2020-W26,Yellow Fever,0
15011,2020-W26,Dengue Fever,1460
15012,2020-W26,Dengue Haemorrhagic Fever,0
15013,2020-W26,Malaria,0
15014,2020-W26,Chikungunya,0
15015,2020-W26,HFMD,0
15016,2020-W26,Diphtheria,0
15017,2020-W26,Measles,0
15018,2020-W26,Mumps,8
15019,2020-W26,Rubella,0
15020,2020-W26,SARS,0
15021,2020-W26,Nipah,0
15022,2020-W26,Acute Viral hepatitis B,0
15023,2020-W26,Encephalitis,0
15024,2020-W26,Legionellosis,0
15025,2020-W26,Campylobacter enteritis,9
15026,2020-W26,Acute Viral hepatitis C,1
15027,2020-W26,Leptospirosis,0
15028,2020-W26,Melioidosis,1
15029,2020-W26,Meningococcal Infection,0
15030,2020-W26,Pertussis,0
15031,2020-W26,Pneumococcal Disease (invasive),0
15032,2020-W26,Haemophilus influenzae type b,0
15033,2020-W26,Salmonellosis(non-enteric fevers),34
15034,2020-W26,Avian Influenza,0
15035,2020-W26,Zika,0
15036,2020-W26,Ebola Virus Disease,0
15037,2020-W26,Japanese Encephalitis,0
15038,2020-W26,Tetanus,0
15039,2020-W26,Botulism,0
15040,2020-W26,Murine Typhus,0
15041,2020-W27,Cholera,0
15042,2020-W27,Paratyphoid,0
15043,2020-W27,Typhoid,0
15044,2020-W27,Acute Viral Hepatitis A,1
15045,2020-W27,Acute Viral Hepatitis E,1
15046,2020-W27,Poliomyelitis,0
15047,2020-W27,Plague,0
15048,2020-W27,Yellow Fever,0
15049,2020-W27,Dengue Fever,1444
15050,2020-W27,Dengue Haemorrhagic Fever,4
15051,2020-W27,Malaria,1
15052,2020-W27,Chikungunya,0
15053,2020-W27,HFMD,0
15054,2020-W27,Diphtheria,0
15055,2020-W27,Measles,0
15056,2020-W27,Mumps,9
15057,2020-W27,Rubella,0
15058,2020-W27,SARS,0
15059,2020-W27,Nipah,0
15060,2020-W27,Acute Viral hepatitis B,1
15061,2020-W27,Encephalitis,0
15062,2020-W27,Legionellosis,1
15063,2020-W27,Campylobacter enteritis,14
15064,2020-W27,Acute Viral hepatitis C,1
15065,2020-W27,Leptospirosis,0
15066,2020-W27,Melioidosis,3
15067,2020-W27,Meningococcal Infection,0
15068,2020-W27,Pertussis,0
15069,2020-W27,Pneumococcal Disease (invasive),0
15070,2020-W27,Haemophilus influenzae type b,0
15071,2020-W27,Salmonellosis(non-enteric fevers),32
15072,2020-W27,Avian Influenza,0
15073,2020-W27,Zika,0
15074,2020-W27,Ebola Virus Disease,0
15075,2020-W27,Japanese Encephalitis,0
15076,2020-W27,Tetanus,0
15077,2020-W27,Botulism,0
15078,2020-W27,Murine Typhus,0
15079,2020-W28,Cholera,0
15080,2020-W28,Paratyphoid,0
15081,2020-W28,Typhoid,0
15082,2020-W28,Acute Viral Hepatitis A,2
15083,2020-W28,Acute Viral Hepatitis E,1
15084,2020-W28,Poliomyelitis,0
15085,2020-W28,Plague,0
15086,2020-W28,Yellow Fever,0
15087,2020-W28,Dengue Fever,1665
15088,2020-W28,Dengue Haemorrhagic Fever,2
15089,2020-W28,Malaria,0
15090,2020-W28,Chikungunya,0
15091,2020-W28,HFMD,0
15092,2020-W28,Diphtheria,0
15093,2020-W28,Measles,0
15094,2020-W28,Mumps,5
15095,2020-W28,Rubella,0
15096,2020-W28,SARS,0
15097,2020-W28,Nipah,0
15098,2020-W28,Acute Viral hepatitis B,0
15099,2020-W28,Encephalitis,0
15100,2020-W28,Legionellosis,0
15101,2020-W28,Campylobacter enteritis,7
15102,2020-W28,Acute Viral hepatitis C,0
15103,2020-W28,Leptospirosis,0
15104,2020-W28,Melioidosis,1
15105,2020-W28,Meningococcal Infection,0
15106,2020-W28,Pertussis,0
15107,2020-W28,Pneumococcal Disease (invasive),0
15108,2020-W28,Haemophilus influenzae type b,0
15109,2020-W28,Salmonellosis(non-enteric fevers),25
15110,2020-W28,Avian Influenza,0
15111,2020-W28,Zika,0
15112,2020-W28,Ebola Virus Disease,0
15113,2020-W28,Japanese Encephalitis,0
15114,2020-W28,Tetanus,0
15115,2020-W28,Botulism,0
15116,2020-W28,Murine Typhus,0
15117,2020-W29,Cholera,0
15118,2020-W29,Paratyphoid,0
15119,2020-W29,Typhoid,0
15120,2020-W29,Acute Viral Hepatitis A,0
15121,2020-W29,Acute Viral Hepatitis E,0
15122,2020-W29,Poliomyelitis,0
15123,2020-W29,Plague,0
15124,2020-W29,Yellow Fever,0
15125,2020-W29,Dengue Fever,1725
15126,2020-W29,Dengue Haemorrhagic Fever,4
15127,2020-W29,Malaria,0
15128,2020-W29,Chikungunya,0
15129,2020-W29,HFMD,0
15130,2020-W29,Diphtheria,0
15131,2020-W29,Measles,0
15132,2020-W29,Mumps,7
15133,2020-W29,Rubella,0
15134,2020-W29,SARS,0
15135,2020-W29,Nipah,0
15136,2020-W29,Acute Viral hepatitis B,1
15137,2020-W29,Encephalitis,0
15138,2020-W29,Legionellosis,0
15139,2020-W29,Campylobacter enteritis,14
15140,2020-W29,Acute Viral hepatitis C,0
15141,2020-W29,Leptospirosis,1
15142,2020-W29,Melioidosis,1
15143,2020-W29,Meningococcal Infection,0
15144,2020-W29,Pertussis,0
15145,2020-W29,Pneumococcal Disease (invasive),0
15146,2020-W29,Haemophilus influenzae type b,0
15147,2020-W29,Salmonellosis(non-enteric fevers),34
15148,2020-W29,Avian Influenza,0
15149,2020-W29,Zika,0
15150,2020-W29,Ebola Virus Disease,0
15151,2020-W29,Japanese Encephalitis,0
15152,2020-W29,Tetanus,0
15153,2020-W29,Botulism,0
15154,2020-W29,Murine Typhus,0
15155,2020-W30,Cholera,0
15156,2020-W30,Paratyphoid,0
15157,2020-W30,Typhoid,0
15158,2020-W30,Acute Viral Hepatitis A,0
15159,2020-W30,Acute Viral Hepatitis E,0
15160,2020-W30,Poliomyelitis,0
15161,2020-W30,Plague,0
15162,2020-W30,Yellow Fever,0
15163,2020-W30,Dengue Fever,1791
15164,2020-W30,Dengue Haemorrhagic Fever,1
15165,2020-W30,Malaria,2
15166,2020-W30,Chikungunya,0
15167,2020-W30,HFMD,0
15168,2020-W30,Diphtheria,0
15169,2020-W30,Measles,0
15170,2020-W30,Mumps,7
15171,2020-W30,Rubella,0
15172,2020-W30,SARS,0
15173,2020-W30,Nipah,0
15174,2020-W30,Acute Viral hepatitis B,0
15175,2020-W30,Encephalitis,0
15176,2020-W30,Legionellosis,2
15177,2020-W30,Campylobacter enteritis,10
15178,2020-W30,Acute Viral hepatitis C,0
15179,2020-W30,Leptospirosis,1
15180,2020-W30,Melioidosis,1
15181,2020-W30,Meningococcal Infection,0
15182,2020-W30,Pertussis,0
15183,2020-W30,Pneumococcal Disease (invasive),1
15184,2020-W30,Haemophilus influenzae type b,0
15185,2020-W30,Salmonellosis(non-enteric fevers),32
15186,2020-W30,Avian Influenza,0
15187,2020-W30,Zika,0
15188,2020-W30,Ebola Virus Disease,0
15189,2020-W30,Japanese Encephalitis,0
15190,2020-W30,Tetanus,0
15191,2020-W30,Botulism,0
15192,2020-W30,Murine Typhus,0
15193,2020-W31,Cholera,0
15194,2020-W31,Paratyphoid,0
15195,2020-W31,Typhoid,0
15196,2020-W31,Acute Viral Hepatitis A,0
15197,2020-W31,Acute Viral Hepatitis E,1
15198,2020-W31,Poliomyelitis,0
15199,2020-W31,Plague,0
15200,2020-W31,Yellow Fever,0
15201,2020-W31,Dengue Fever,1376
15202,2020-W31,Dengue Haemorrhagic Fever,2
15203,2020-W31,Malaria,0
15204,2020-W31,Chikungunya,0
15205,2020-W31,HFMD,0
15206,2020-W31,Diphtheria,0
15207,2020-W31,Measles,0
15208,2020-W31,Mumps,2
15209,2020-W31,Rubella,0
15210,2020-W31,SARS,0
15211,2020-W31,Nipah,0
15212,2020-W31,Acute Viral hepatitis B,1
15213,2020-W31,Encephalitis,0
15214,2020-W31,Legionellosis,0
15215,2020-W31,Campylobacter enteritis,9
15216,2020-W31,Acute Viral hepatitis C,0
15217,2020-W31,Leptospirosis,1
15218,2020-W31,Melioidosis,0
15219,2020-W31,Meningococcal Infection,0
15220,2020-W31,Pertussis,0
15221,2020-W31,Pneumococcal Disease (invasive),1
15222,2020-W31,Haemophilus influenzae type b,0
15223,2020-W31,Salmonellosis(non-enteric fevers),26
15224,2020-W31,Avian Influenza,0
15225,2020-W31,Zika,0
15226,2020-W31,Ebola Virus Disease,0
15227,2020-W31,Japanese Encephalitis,0
15228,2020-W31,Tetanus,0
15229,2020-W31,Botulism,0
15230,2020-W31,Murine Typhus,0
15231,2020-W32,Cholera,0
15232,2020-W32,Paratyphoid,0
15233,2020-W32,Typhoid,1
15234,2020-W32,Acute Viral Hepatitis A,0
15235,2020-W32,Acute Viral Hepatitis E,0
15236,2020-W32,Poliomyelitis,0
15237,2020-W32,Plague,0
15238,2020-W32,Yellow Fever,0
15239,2020-W32,Dengue Fever,1667
15240,2020-W32,Dengue Haemorrhagic Fever,0
15241,2020-W32,Malaria,0
15242,2020-W32,Chikungunya,0
15243,2020-W32,HFMD,0
15244,2020-W32,Diphtheria,0
15245,2020-W32,Measles,0
15246,2020-W32,Mumps,3
15247,2020-W32,Rubella,0
15248,2020-W32,SARS,0
15249,2020-W32,Nipah,0
15250,2020-W32,Acute Viral hepatitis B,0
15251,2020-W32,Encephalitis,0
15252,2020-W32,Legionellosis,0
15253,2020-W32,Campylobacter enteritis,18
15254,2020-W32,Acute Viral hepatitis C,0
15255,2020-W32,Leptospirosis,0
15256,2020-W32,Melioidosis,1
15257,2020-W32,Meningococcal Infection,0
15258,2020-W32,Pertussis,0
15259,2020-W32,Pneumococcal Disease (invasive),0
15260,2020-W32,Haemophilus influenzae type b,0
15261,2020-W32,Salmonellosis(non-enteric fevers),27
15262,2020-W32,Avian Influenza,0
15263,2020-W32,Zika,0
15264,2020-W32,Ebola Virus Disease,0
15265,2020-W32,Japanese Encephalitis,0
15266,2020-W32,Tetanus,0
15267,2020-W32,Botulism,0
15268,2020-W32,Murine Typhus,0
15269,2020-W33,Cholera,0
15270,2020-W33,Paratyphoid,0
15271,2020-W33,Typhoid,0
15272,2020-W33,Acute Viral Hepatitis A,1
15273,2020-W33,Acute Viral Hepatitis E,0
15274,2020-W33,Poliomyelitis,0
15275,2020-W33,Plague,0
15276,2020-W33,Yellow Fever,0
15277,2020-W33,Dengue Fever,1336
15278,2020-W33,Dengue Haemorrhagic Fever,3
15279,2020-W33,Malaria,0
15280,2020-W33,Chikungunya,0
15281,2020-W33,HFMD,0
15282,2020-W33,Diphtheria,0
15283,2020-W33,Measles,0
15284,2020-W33,Mumps,6
15285,2020-W33,Rubella,0
15286,2020-W33,SARS,0
15287,2020-W33,Nipah,0
15288,2020-W33,Acute Viral hepatitis B,0
15289,2020-W33,Encephalitis,0
15290,2020-W33,Legionellosis,0
15291,2020-W33,Campylobacter enteritis,18
15292,2020-W33,Acute Viral hepatitis C,1
15293,2020-W33,Leptospirosis,2
15294,2020-W33,Melioidosis,0
15295,2020-W33,Meningococcal Infection,0
15296,2020-W33,Pertussis,0
15297,2020-W33,Pneumococcal Disease (invasive),1
15298,2020-W33,Haemophilus influenzae type b,0
15299,2020-W33,Salmonellosis(non-enteric fevers),27
15300,2020-W33,Avian Influenza,0
15301,2020-W33,Zika,0
15302,2020-W33,Ebola Virus Disease,0
15303,2020-W33,Japanese Encephalitis,0
15304,2020-W33,Tetanus,0
15305,2020-W33,Botulism,0
15306,2020-W33,Murine Typhus,0
15307,2020-W34,Cholera,0
15308,2020-W34,Paratyphoid,0
15309,2020-W34,Typhoid,1
15310,2020-W34,Acute Viral Hepatitis A,0
15311,2020-W34,Acute Viral Hepatitis E,0
15312,2020-W34,Poliomyelitis,0
15313,2020-W34,Plague,0
15314,2020-W34,Yellow Fever,0
15315,2020-W34,Dengue Fever,1285
15316,2020-W34,Dengue Haemorrhagic Fever,2
15317,2020-W34,Malaria,0
15318,2020-W34,Chikungunya,0
15319,2020-W34,HFMD,0
15320,2020-W34,Diphtheria,0
15321,2020-W34,Measles,0
15322,2020-W34,Mumps,5
15323,2020-W34,Rubella,0
15324,2020-W34,SARS,0
15325,2020-W34,Nipah,0
15326,2020-W34,Acute Viral hepatitis B,1
15327,2020-W34,Encephalitis,0
15328,2020-W34,Legionellosis,1
15329,2020-W34,Campylobacter enteritis,8
15330,2020-W34,Acute Viral hepatitis C,0
15331,2020-W34,Leptospirosis,2
15332,2020-W34,Melioidosis,1
15333,2020-W34,Meningococcal Infection,1
15334,2020-W34,Pertussis,0
15335,2020-W34,Pneumococcal Disease (invasive),1
15336,2020-W34,Haemophilus influenzae type b,0
15337,2020-W34,Salmonellosis(non-enteric fevers),35
15338,2020-W34,Avian Influenza,0
15339,2020-W34,Zika,0
15340,2020-W34,Ebola Virus Disease,0
15341,2020-W34,Japanese Encephalitis,0
15342,2020-W34,Tetanus,0
15343,2020-W34,Botulism,0
15344,2020-W34,Murine Typhus,0
15345,2020-W35,Cholera,0
15346,2020-W35,Paratyphoid,0
15347,2020-W35,Typhoid,0
15348,2020-W35,Acute Viral Hepatitis A,0
15349,2020-W35,Acute Viral Hepatitis E,2
15350,2020-W35,Poliomyelitis,0
15351,2020-W35,Plague,0
15352,2020-W35,Yellow Fever,0
15353,2020-W35,Dengue Fever,1153
15354,2020-W35,Dengue Haemorrhagic Fever,1
15355,2020-W35,Malaria,2
15356,2020-W35,Chikungunya,0
15357,2020-W35,HFMD,0
15358,2020-W35,Diphtheria,0
15359,2020-W35,Measles,0
15360,2020-W35,Mumps,4
15361,2020-W35,Rubella,0
15362,2020-W35,SARS,0
15363,2020-W35,Nipah,0
15364,2020-W35,Acute Viral hepatitis B,0
15365,2020-W35,Encephalitis,0
15366,2020-W35,Legionellosis,1
15367,2020-W35,Campylobacter enteritis,10
15368,2020-W35,Acute Viral hepatitis C,0
15369,2020-W35,Leptospirosis,0
15370,2020-W35,Melioidosis,1
15371,2020-W35,Meningococcal Infection,0
15372,2020-W35,Pertussis,0
15373,2020-W35,Pneumococcal Disease (invasive),0
15374,2020-W35,Haemophilus influenzae type b,0
15375,2020-W35,Salmonellosis(non-enteric fevers),22
15376,2020-W35,Avian Influenza,0
15377,2020-W35,Zika,0
15378,2020-W35,Ebola Virus Disease,0
15379,2020-W35,Japanese Encephalitis,0
15380,2020-W35,Tetanus,0
15381,2020-W35,Botulism,0
15382,2020-W35,Murine Typhus,0
15383,2020-W36,Cholera,0
15384,2020-W36,Paratyphoid,0
15385,2020-W36,Typhoid,0
15386,2020-W36,Acute Viral Hepatitis A,2
15387,2020-W36,Acute Viral Hepatitis E,2
15388,2020-W36,Poliomyelitis,0
15389,2020-W36,Plague,0
15390,2020-W36,Yellow Fever,0
15391,2020-W36,Dengue Fever,937
15392,2020-W36,Dengue Haemorrhagic Fever,1
15393,2020-W36,Malaria,1
15394,2020-W36,Chikungunya,1
15395,2020-W36,HFMD,0
15396,2020-W36,Diphtheria,0
15397,2020-W36,Measles,0
15398,2020-W36,Mumps,3
15399,2020-W36,Rubella,0
15400,2020-W36,SARS,0
15401,2020-W36,Nipah,0
15402,2020-W36,Acute Viral hepatitis B,0
15403,2020-W36,Encephalitis,0
15404,2020-W36,Legionellosis,0
15405,2020-W36,Campylobacter enteritis,12
15406,2020-W36,Acute Viral hepatitis C,0
15407,2020-W36,Leptospirosis,0
15408,2020-W36,Melioidosis,0
15409,2020-W36,Meningococcal Infection,0
15410,2020-W36,Pertussis,0
15411,2020-W36,Pneumococcal Disease (invasive),1
15412,2020-W36,Haemophilus influenzae type b,0
15413,2020-W36,Salmonellosis(non-enteric fevers),44
15414,2020-W36,Avian Influenza,0
15415,2020-W36,Zika,0
15416,2020-W36,Ebola Virus Disease,0
15417,2020-W36,Japanese Encephalitis,0
15418,2020-W36,Tetanus,0
15419,2020-W36,Botulism,0
15420,2020-W36,Murine Typhus,1
15421,2020-W37,Cholera,0
15422,2020-W37,Paratyphoid,0
15423,2020-W37,Typhoid,0
15424,2020-W37,Acute Viral Hepatitis A,0
15425,2020-W37,Acute Viral Hepatitis E,3
15426,2020-W37,Poliomyelitis,0
15427,2020-W37,Plague,0
15428,2020-W37,Yellow Fever,0
15429,2020-W37,Dengue Fever,725
15430,2020-W37,Dengue Haemorrhagic Fever,0
15431,2020-W37,Malaria,0
15432,2020-W37,Chikungunya,1
15433,2020-W37,HFMD,0
15434,2020-W37,Diphtheria,0
15435,2020-W37,Measles,0
15436,2020-W37,Mumps,6
15437,2020-W37,Rubella,0
15438,2020-W37,SARS,0
15439,2020-W37,Nipah,0
15440,2020-W37,Acute Viral hepatitis B,0
15441,2020-W37,Encephalitis,0
15442,2020-W37,Legionellosis,1
15443,2020-W37,Campylobacter enteritis,10
15444,2020-W37,Acute Viral hepatitis C,0
15445,2020-W37,Leptospirosis,0
15446,2020-W37,Melioidosis,0
15447,2020-W37,Meningococcal Infection,0
15448,2020-W37,Pertussis,0
15449,2020-W37,Pneumococcal Disease (invasive),0
15450,2020-W37,Haemophilus influenzae type b,0
15451,2020-W37,Salmonellosis(non-enteric fevers),29
15452,2020-W37,Avian Influenza,0
15453,2020-W37,Zika,0
15454,2020-W37,Ebola Virus Disease,0
15455,2020-W37,Japanese Encephalitis,0
15456,2020-W37,Tetanus,0
15457,2020-W37,Botulism,0
15458,2020-W37,Murine Typhus,0
15459,2020-W38,Cholera,0
15460,2020-W38,Paratyphoid,0
15461,2020-W38,Typhoid,0
15462,2020-W38,Acute Viral Hepatitis A,1
15463,2020-W38,Acute Viral Hepatitis E,1
15464,2020-W38,Poliomyelitis,0
15465,2020-W38,Plague,0
15466,2020-W38,Yellow Fever,0
15467,2020-W38,Dengue Fever,671
15468,2020-W38,Dengue Haemorrhagic Fever,0
15469,2020-W38,Malaria,0
15470,2020-W38,Chikungunya,0
15471,2020-W38,HFMD,0
15472,2020-W38,Diphtheria,0
15473,2020-W38,Measles,0
15474,2020-W38,Mumps,5
15475,2020-W38,Rubella,0
15476,2020-W38,SARS,0
15477,2020-W38,Nipah,0
15478,2020-W38,Acute Viral hepatitis B,1
15479,2020-W38,Encephalitis,0
15480,2020-W38,Legionellosis,1
15481,2020-W38,Campylobacter enteritis,11
15482,2020-W38,Acute Viral hepatitis C,1
15483,2020-W38,Leptospirosis,0
15484,2020-W38,Melioidosis,0
15485,2020-W38,Meningococcal Infection,0
15486,2020-W38,Pertussis,0
15487,2020-W38,Pneumococcal Disease (invasive),0
15488,2020-W38,Haemophilus influenzae type b,0
15489,2020-W38,Salmonellosis(non-enteric fevers),19
15490,2020-W38,Avian Influenza,0
15491,2020-W38,Zika,0
15492,2020-W38,Ebola Virus Disease,0
15493,2020-W38,Japanese Encephalitis,0
15494,2020-W38,Tetanus,0
15495,2020-W38,Botulism,0
15496,2020-W38,Murine Typhus,0
15497,2020-W39,Cholera,0
15498,2020-W39,Paratyphoid,0
15499,2020-W39,Typhoid,1
15500,2020-W39,Acute Viral Hepatitis A,1
15501,2020-W39,Acute Viral Hepatitis E,1
15502,2020-W39,Poliomyelitis,0
15503,2020-W39,Plague,0
15504,2020-W39,Yellow Fever,0
15505,2020-W39,Dengue Fever,590
15506,2020-W39,Dengue Haemorrhagic Fever,1
15507,2020-W39,Malaria,0
15508,2020-W39,Chikungunya,0
15509,2020-W39,HFMD,0
15510,2020-W39,Diphtheria,0
15511,2020-W39,Measles,0
15512,2020-W39,Mumps,2
15513,2020-W39,Rubella,0
15514,2020-W39,SARS,0
15515,2020-W39,Nipah,0
15516,2020-W39,Acute Viral hepatitis B,0
15517,2020-W39,Encephalitis,0
15518,2020-W39,Legionellosis,0
15519,2020-W39,Campylobacter enteritis,7
15520,2020-W39,Acute Viral hepatitis C,1
15521,2020-W39,Leptospirosis,0
15522,2020-W39,Melioidosis,1
15523,2020-W39,Meningococcal Infection,0
15524,2020-W39,Pertussis,0
15525,2020-W39,Pneumococcal Disease (invasive),0
15526,2020-W39,Haemophilus influenzae type b,0
15527,2020-W39,Salmonellosis(non-enteric fevers),26
15528,2020-W39,Avian Influenza,0
15529,2020-W39,Zika,0
15530,2020-W39,Ebola Virus Disease,0
15531,2020-W39,Japanese Encephalitis,0
15532,2020-W39,Tetanus,0
15533,2020-W39,Botulism,0
15534,2020-W39,Murine Typhus,0
15535,2020-W40,Cholera,0
15536,2020-W40,Paratyphoid,0
15537,2020-W40,Typhoid,1
15538,2020-W40,Acute Viral Hepatitis A,0
15539,2020-W40,Acute Viral Hepatitis E,0
15540,2020-W40,Poliomyelitis,0
15541,2020-W40,Plague,0
15542,2020-W40,Yellow Fever,0
15543,2020-W40,Dengue Fever,605
15544,2020-W40,Dengue Haemorrhagic Fever,0
15545,2020-W40,Malaria,0
15546,2020-W40,Chikungunya,0
15547,2020-W40,HFMD,0
15548,2020-W40,Diphtheria,0
15549,2020-W40,Measles,0
15550,2020-W40,Mumps,5
15551,2020-W40,Rubella,0
15552,2020-W40,SARS,0
15553,2020-W40,Nipah,0
15554,2020-W40,Acute Viral hepatitis B,1
15555,2020-W40,Encephalitis,0
15556,2020-W40,Legionellosis,0
15557,2020-W40,Campylobacter enteritis,8
15558,2020-W40,Acute Viral hepatitis C,0
15559,2020-W40,Leptospirosis,1
15560,2020-W40,Melioidosis,0
15561,2020-W40,Meningococcal Infection,0
15562,2020-W40,Pertussis,0
15563,2020-W40,Pneumococcal Disease (invasive),0
15564,2020-W40,Haemophilus influenzae type b,0
15565,2020-W40,Salmonellosis(non-enteric fevers),34
15566,2020-W40,Avian Influenza,0
15567,2020-W40,Zika,0
15568,2020-W40,Ebola Virus Disease,0
15569,2020-W40,Japanese Encephalitis,0
15570,2020-W40,Tetanus,0
15571,2020-W40,Botulism,0
15572,2020-W40,Murine Typhus,0
15573,2020-W41,Cholera,0
15574,2020-W41,Paratyphoid,0
15575,2020-W41,Typhoid,0
15576,2020-W41,Acute Viral Hepatitis A,0
15577,2020-W41,Acute Viral Hepatitis E,2
15578,2020-W41,Poliomyelitis,0
15579,2020-W41,Plague,0
15580,2020-W41,Yellow Fever,0
15581,2020-W41,Dengue Fever,528
15582,2020-W41,Dengue Haemorrhagic Fever,1
15583,2020-W41,Malaria,0
15584,2020-W41,Chikungunya,0
15585,2020-W41,HFMD,0
15586,2020-W41,Diphtheria,0
15587,2020-W41,Measles,0
15588,2020-W41,Mumps,7
15589,2020-W41,Rubella,0
15590,2020-W41,SARS,0
15591,2020-W41,Nipah,0
15592,2020-W41,Acute Viral hepatitis B,1
15593,2020-W41,Encephalitis,0
15594,2020-W41,Legionellosis,0
15595,2020-W41,Campylobacter enteritis,9
15596,2020-W41,Acute Viral hepatitis C,0
15597,2020-W41,Leptospirosis,0
15598,2020-W41,Melioidosis,1
15599,2020-W41,Meningococcal Infection,0
15600,2020-W41,Pertussis,0
15601,2020-W41,Pneumococcal Disease (invasive),1
15602,2020-W41,Haemophilus influenzae type b,0
15603,2020-W41,Salmonellosis(non-enteric fevers),30
15604,2020-W41,Avian Influenza,0
15605,2020-W41,Zika,0
15606,2020-W41,Ebola Virus Disease,0
15607,2020-W41,Japanese Encephalitis,0
15608,2020-W41,Tetanus,0
15609,2020-W41,Botulism,0
15610,2020-W41,Murine Typhus,0
15611,2020-W42,Cholera,0
15612,2020-W42,Paratyphoid,0
15613,2020-W42,Typhoid,0
15614,2020-W42,Acute Viral Hepatitis A,0
15615,2020-W42,Acute Viral Hepatitis E,0
15616,2020-W42,Poliomyelitis,0
15617,2020-W42,Plague,0
15618,2020-W42,Yellow Fever,0
15619,2020-W42,Dengue Fever,591
15620,2020-W42,Dengue Haemorrhagic Fever,1
15621,2020-W42,Malaria,0
15622,2020-W42,Chikungunya,0
15623,2020-W42,HFMD,0
15624,2020-W42,Diphtheria,0
15625,2020-W42,Measles,2
15626,2020-W42,Mumps,7
15627,2020-W42,Rubella,0
15628,2020-W42,SARS,0
15629,2020-W42,Nipah,0
15630,2020-W42,Acute Viral hepatitis B,1
15631,2020-W42,Encephalitis,0
15632,2020-W42,Legionellosis,0
15633,2020-W42,Campylobacter enteritis,17
15634,2020-W42,Acute Viral hepatitis C,0
15635,2020-W42,Leptospirosis,1
15636,2020-W42,Melioidosis,2
15637,2020-W42,Meningococcal Infection,0
15638,2020-W42,Pertussis,0
15639,2020-W42,Pneumococcal Disease (invasive),0
15640,2020-W42,Haemophilus influenzae type b,0
15641,2020-W42,Salmonellosis(non-enteric fevers),23
15642,2020-W42,Avian Influenza,0
15643,2020-W42,Zika,0
15644,2020-W42,Ebola Virus Disease,0
15645,2020-W42,Japanese Encephalitis,0
15646,2020-W42,Tetanus,0
15647,2020-W42,Botulism,0
15648,2020-W42,Murine Typhus,0
15649,2020-W43,Cholera,0
15650,2020-W43,Paratyphoid,0
15651,2020-W43,Typhoid,0
15652,2020-W43,Acute Viral Hepatitis A,0
15653,2020-W43,Acute Viral Hepatitis E,2
15654,2020-W43,Poliomyelitis,0
15655,2020-W43,Plague,0
15656,2020-W43,Yellow Fever,0
15657,2020-W43,Dengue Fever,563
15658,2020-W43,Dengue Haemorrhagic Fever,2
15659,2020-W43,Malaria,0
15660,2020-W43,Chikungunya,0
15661,2020-W43,HFMD,0
15662,2020-W43,Diphtheria,0
15663,2020-W43,Measles,0
15664,2020-W43,Mumps,9
15665,2020-W43,Rubella,0
15666,2020-W43,SARS,0
15667,2020-W43,Nipah,0
15668,2020-W43,Acute Viral hepatitis B,0
15669,2020-W43,Encephalitis,0
15670,2020-W43,Legionellosis,0
15671,2020-W43,Campylobacter enteritis,11
15672,2020-W43,Acute Viral hepatitis C,0
15673,2020-W43,Leptospirosis,3
15674,2020-W43,Melioidosis,1
15675,2020-W43,Meningococcal Infection,0
15676,2020-W43,Pertussis,0
15677,2020-W43,Pneumococcal Disease (invasive),0
15678,2020-W43,Haemophilus influenzae type b,0
15679,2020-W43,Salmonellosis(non-enteric fevers),25
15680,2020-W43,Avian Influenza,0
15681,2020-W43,Zika,0
15682,2020-W43,Ebola Virus Disease,0
15683,2020-W43,Japanese Encephalitis,0
15684,2020-W43,Tetanus,0
15685,2020-W43,Botulism,0
15686,2020-W43,Murine Typhus,0
15687,2020-W44,Cholera,0
15688,2020-W44,Paratyphoid,0
15689,2020-W44,Typhoid,0
15690,2020-W44,Acute Viral Hepatitis A,0
15691,2020-W44,Acute Viral Hepatitis E,4
15692,2020-W44,Poliomyelitis,0
15693,2020-W44,Plague,0
15694,2020-W44,Yellow Fever,0
15695,2020-W44,Dengue Fever,440
15696,2020-W44,Dengue Haemorrhagic Fever,0
15697,2020-W44,Malaria,0
15698,2020-W44,Chikungunya,0
15699,2020-W44,HFMD,0
15700,2020-W44,Diphtheria,0
15701,2020-W44,Measles,0
15702,2020-W44,Mumps,8
15703,2020-W44,Rubella,0
15704,2020-W44,SARS,0
15705,2020-W44,Nipah,0
15706,2020-W44,Acute Viral hepatitis B,0
15707,2020-W44,Encephalitis,0
15708,2020-W44,Legionellosis,0
15709,2020-W44,Campylobacter enteritis,14
15710,2020-W44,Acute Viral hepatitis C,1
15711,2020-W44,Leptospirosis,1
15712,2020-W44,Melioidosis,1
15713,2020-W44,Meningococcal Infection,0
15714,2020-W44,Pertussis,0
15715,2020-W44,Pneumococcal Disease (invasive),0
15716,2020-W44,Haemophilus influenzae type b,0
15717,2020-W44,Salmonellosis(non-enteric fevers),41
15718,2020-W44,Avian Influenza,0
15719,2020-W44,Zika,0
15720,2020-W44,Ebola Virus Disease,0
15721,2020-W44,Japanese Encephalitis,0
15722,2020-W44,Tetanus,0
15723,2020-W44,Botulism,0
15724,2020-W44,Murine Typhus,2
15725,2020-W45,Cholera,0
15726,2020-W45,Paratyphoid,0
15727,2020-W45,Typhoid,0
15728,2020-W45,Acute Viral Hepatitis A,0
15729,2020-W45,Acute Viral Hepatitis E,1
15730,2020-W45,Poliomyelitis,0
15731,2020-W45,Plague,0
15732,2020-W45,Yellow Fever,0
15733,2020-W45,Dengue Fever,408
15734,2020-W45,Dengue Haemorrhagic Fever,0
15735,2020-W45,Malaria,0
15736,2020-W45,Chikungunya,0
15737,2020-W45,HFMD,0
15738,2020-W45,Diphtheria,0
15739,2020-W45,Measles,0
15740,2020-W45,Mumps,2
15741,2020-W45,Rubella,0
15742,2020-W45,SARS,0
15743,2020-W45,Nipah,0
15744,2020-W45,Acute Viral hepatitis B,1
15745,2020-W45,Encephalitis,0
15746,2020-W45,Legionellosis,0
15747,2020-W45,Campylobacter enteritis,14
15748,2020-W45,Acute Viral hepatitis C,1
15749,2020-W45,Leptospirosis,2
15750,2020-W45,Melioidosis,0
15751,2020-W45,Meningococcal Infection,0
15752,2020-W45,Pertussis,0
15753,2020-W45,Pneumococcal Disease (invasive),1
15754,2020-W45,Haemophilus influenzae type b,0
15755,2020-W45,Salmonellosis(non-enteric fevers),13
15756,2020-W45,Avian Influenza,0
15757,2020-W45,Zika,0
15758,2020-W45,Ebola Virus Disease,0
15759,2020-W45,Japanese Encephalitis,0
15760,2020-W45,Tetanus,0
15761,2020-W45,Botulism,0
15762,2020-W45,Murine Typhus,0
15763,2020-W46,Cholera,0
15764,2020-W46,Paratyphoid,0
15765,2020-W46,Typhoid,0
15766,2020-W46,Acute Viral Hepatitis A,2
15767,2020-W46,Acute Viral Hepatitis E,0
15768,2020-W46,Poliomyelitis,0
15769,2020-W46,Plague,0
15770,2020-W46,Yellow Fever,0
15771,2020-W46,Dengue Fever,354
15772,2020-W46,Dengue Haemorrhagic Fever,1
15773,2020-W46,Malaria,0
15774,2020-W46,Chikungunya,0
15775,2020-W46,HFMD,0
15776,2020-W46,Diphtheria,0
15777,2020-W46,Measles,0
15778,2020-W46,Mumps,3
15779,2020-W46,Rubella,0
15780,2020-W46,SARS,0
15781,2020-W46,Nipah,0
15782,2020-W46,Acute Viral hepatitis B,0
15783,2020-W46,Encephalitis,0
15784,2020-W46,Legionellosis,0
15785,2020-W46,Campylobacter enteritis,7
15786,2020-W46,Acute Viral hepatitis C,1
15787,2020-W46,Leptospirosis,0
15788,2020-W46,Melioidosis,2
15789,2020-W46,Meningococcal Infection,0
15790,2020-W46,Pertussis,0
15791,2020-W46,Pneumococcal Disease (invasive),0
15792,2020-W46,Haemophilus influenzae type b,0
15793,2020-W46,Salmonellosis(non-enteric fevers),20
15794,2020-W46,Avian Influenza,0
15795,2020-W46,Zika,0
15796,2020-W46,Ebola Virus Disease,0
15797,2020-W46,Japanese Encephalitis,0
15798,2020-W46,Tetanus,0
15799,2020-W46,Botulism,0
15800,2020-W46,Murine Typhus,0
15801,2020-W47,Cholera,0
15802,2020-W47,Paratyphoid,0
15803,2020-W47,Typhoid,0
15804,2020-W47,Acute Viral Hepatitis A,0
15805,2020-W47,Acute Viral Hepatitis E,1
15806,2020-W47,Poliomyelitis,0
15807,2020-W47,Plague,0
15808,2020-W47,Yellow Fever,0
15809,2020-W47,Dengue Fever,258
15810,2020-W47,Dengue Haemorrhagic Fever,0
15811,2020-W47,Malaria,0
15812,2020-W47,Chikungunya,0
15813,2020-W47,HFMD,0
15814,2020-W47,Diphtheria,0
15815,2020-W47,Measles,0
15816,2020-W47,Mumps,6
15817,2020-W47,Rubella,0
15818,2020-W47,SARS,0
15819,2020-W47,Nipah,0
15820,2020-W47,Acute Viral hepatitis B,3
15821,2020-W47,Encephalitis,0
15822,2020-W47,Legionellosis,1
15823,2020-W47,Campylobacter enteritis,11
15824,2020-W47,Acute Viral hepatitis C,0
15825,2020-W47,Leptospirosis,1
15826,2020-W47,Melioidosis,0
15827,2020-W47,Meningococcal Infection,0
15828,2020-W47,Pertussis,0
15829,2020-W47,Pneumococcal Disease (invasive),2
15830,2020-W47,Haemophilus influenzae type b,0
15831,2020-W47,Salmonellosis(non-enteric fevers),19
15832,2020-W47,Avian Influenza,0
15833,2020-W47,Zika,0
15834,2020-W47,Ebola Virus Disease,0
15835,2020-W47,Japanese Encephalitis,0
15836,2020-W47,Tetanus,0
15837,2020-W47,Botulism,0
15838,2020-W47,Murine Typhus,0
15839,2020-W48,Cholera,0
15840,2020-W48,Paratyphoid,0
15841,2020-W48,Typhoid,0
15842,2020-W48,Acute Viral Hepatitis A,0
15843,2020-W48,Acute Viral Hepatitis E,0
15844,2020-W48,Poliomyelitis,0
15845,2020-W48,Plague,0
15846,2020-W48,Yellow Fever,0
15847,2020-W48,Dengue Fever,279
15848,2020-W48,Dengue Haemorrhagic Fever,0
15849,2020-W48,Malaria,0
15850,2020-W48,Chikungunya,0
15851,2020-W48,HFMD,0
15852,2020-W48,Diphtheria,0
15853,2020-W48,Measles,0
15854,2020-W48,Mumps,4
15855,2020-W48,Rubella,0
15856,2020-W48,SARS,0
15857,2020-W48,Nipah,0
15858,2020-W48,Acute Viral hepatitis B,1
15859,2020-W48,Encephalitis,0
15860,2020-W48,Legionellosis,1
15861,2020-W48,Campylobacter enteritis,7
15862,2020-W48,Acute Viral hepatitis C,0
15863,2020-W48,Leptospirosis,1
15864,2020-W48,Melioidosis,3
15865,2020-W48,Meningococcal Infection,0
15866,2020-W48,Pertussis,0
15867,2020-W48,Pneumococcal Disease (invasive),0
15868,2020-W48,Haemophilus influenzae type b,0
15869,2020-W48,Salmonellosis(non-enteric fevers),29
15870,2020-W48,Avian Influenza,0
15871,2020-W48,Zika,0
15872,2020-W48,Ebola Virus Disease,0
15873,2020-W48,Japanese Encephalitis,0
15874,2020-W48,Tetanus,0
15875,2020-W48,Botulism,0
15876,2020-W48,Murine Typhus,0
15877,2020-W49,Cholera,0
15878,2020-W49,Paratyphoid,0
15879,2020-W49,Typhoid,0
15880,2020-W49,Acute Viral Hepatitis A,0
15881,2020-W49,Acute Viral Hepatitis E,2
15882,2020-W49,Poliomyelitis,0
15883,2020-W49,Plague,0
15884,2020-W49,Yellow Fever,0
15885,2020-W49,Dengue Fever,228
15886,2020-W49,Dengue Haemorrhagic Fever,0
15887,2020-W49,Malaria,0
15888,2020-W49,Chikungunya,0
15889,2020-W49,HFMD,0
15890,2020-W49,Diphtheria,0
15891,2020-W49,Measles,0
15892,2020-W49,Mumps,7
15893,2020-W49,Rubella,0
15894,2020-W49,SARS,0
15895,2020-W49,Nipah,0
15896,2020-W49,Acute Viral hepatitis B,1
15897,2020-W49,Encephalitis,0
15898,2020-W49,Legionellosis,0
15899,2020-W49,Campylobacter enteritis,16
15900,2020-W49,Acute Viral hepatitis C,0
15901,2020-W49,Leptospirosis,1
15902,2020-W49,Melioidosis,1
15903,2020-W49,Meningococcal Infection,0
15904,2020-W49,Pertussis,0
15905,2020-W49,Pneumococcal Disease (invasive),1
15906,2020-W49,Haemophilus influenzae type b,0
15907,2020-W49,Salmonellosis(non-enteric fevers),36
15908,2020-W49,Avian Influenza,0
15909,2020-W49,Zika,0
15910,2020-W49,Ebola Virus Disease,0
15911,2020-W49,Japanese Encephalitis,0
15912,2020-W49,Tetanus,0
15913,2020-W49,Botulism,0
15914,2020-W49,Murine Typhus,0
15915,2020-W50,Cholera,0
15916,2020-W50,Paratyphoid,0
15917,2020-W50,Typhoid,0
15918,2020-W50,Acute Viral Hepatitis A,0
15919,2020-W50,Acute Viral Hepatitis E,0
15920,2020-W50,Poliomyelitis,0
15921,2020-W50,Plague,0
15922,2020-W50,Yellow Fever,0
15923,2020-W50,Dengue Fever,227
15924,2020-W50,Dengue Haemorrhagic Fever,0
15925,2020-W50,Malaria,0
15926,2020-W50,Chikungunya,0
15927,2020-W50,HFMD,0
15928,2020-W50,Diphtheria,0
15929,2020-W50,Measles,0
15930,2020-W50,Mumps,5
15931,2020-W50,Rubella,0
15932,2020-W50,SARS,0
15933,2020-W50,Nipah,0
15934,2020-W50,Acute Viral hepatitis B,0
15935,2020-W50,Encephalitis,0
15936,2020-W50,Legionellosis,0
15937,2020-W50,Campylobacter enteritis,10
15938,2020-W50,Acute Viral hepatitis C,1
15939,2020-W50,Leptospirosis,1
15940,2020-W50,Melioidosis,0
15941,2020-W50,Meningococcal Infection,0
15942,2020-W50,Pertussis,0
15943,2020-W50,Pneumococcal Disease (invasive),0
15944,2020-W50,Haemophilus influenzae type b,0
15945,2020-W50,Salmonellosis(non-enteric fevers),41
15946,2020-W50,Avian Influenza,0
15947,2020-W50,Zika,0
15948,2020-W50,Ebola Virus Disease,0
15949,2020-W50,Japanese Encephalitis,0
15950,2020-W50,Tetanus,0
15951,2020-W50,Botulism,0
15952,2020-W50,Murine Typhus,0
15953,2020-W51,Cholera,0
15954,2020-W51,Paratyphoid,0
15955,2020-W51,Typhoid,0
15956,2020-W51,Acute Viral Hepatitis A,0
15957,2020-W51,Acute Viral Hepatitis E,0
15958,2020-W51,Poliomyelitis,0
15959,2020-W51,Plague,0
15960,2020-W51,Yellow Fever,0
15961,2020-W51,Dengue Fever,236
15962,2020-W51,Dengue Haemorrhagic Fever,0
15963,2020-W51,Malaria,0
15964,2020-W51,Chikungunya,0
15965,2020-W51,HFMD,0
15966,2020-W51,Diphtheria,0
15967,2020-W51,Measles,0
15968,2020-W51,Mumps,4
15969,2020-W51,Rubella,0
15970,2020-W51,SARS,0
15971,2020-W51,Nipah,0
15972,2020-W51,Acute Viral hepatitis B,0
15973,2020-W51,Encephalitis,0
15974,2020-W51,Legionellosis,0
15975,2020-W51,Campylobacter enteritis,10
15976,2020-W51,Acute Viral hepatitis C,0
15977,2020-W51,Leptospirosis,2
15978,2020-W51,Melioidosis,3
15979,2020-W51,Meningococcal Infection,0
15980,2020-W51,Pertussis,0
15981,2020-W51,Pneumococcal Disease (invasive),0
15982,2020-W51,Haemophilus influenzae type b,0
15983,2020-W51,Salmonellosis(non-enteric fevers),40
15984,2020-W51,Avian Influenza,0
15985,2020-W51,Zika,0
15986,2020-W51,Ebola Virus Disease,0
15987,2020-W51,Japanese Encephalitis,0
15988,2020-W51,Tetanus,0
15989,2020-W51,Botulism,0
15990,2020-W51,Murine Typhus,0
15991,2020-W52,Cholera,0
15992,2020-W52,Paratyphoid,0
15993,2020-W52,Typhoid,0
15994,2020-W52,Acute Viral Hepatitis A,0
15995,2020-W52,Acute Viral Hepatitis E,1
15996,2020-W52,Poliomyelitis,0
15997,2020-W52,Plague,0
15998,2020-W52,Yellow Fever,0
15999,2020-W52,Dengue Fever,196
16000,2020-W52,Dengue Haemorrhagic Fever,0
16001,2020-W52,Malaria,0
16002,2020-W52,Chikungunya,0
16003,2020-W52,HFMD,0
16004,2020-W52,Diphtheria,0
16005,2020-W52,Measles,0
16006,2020-W52,Mumps,2
16007,2020-W52,Rubella,0
16008,2020-W52,SARS,0
16009,2020-W52,Nipah,0
16010,2020-W52,Acute Viral hepatitis B,1
16011,2020-W52,Encephalitis,0
16012,2020-W52,Legionellosis,1
16013,2020-W52,Campylobacter enteritis,8
16014,2020-W52,Acute Viral hepatitis C,0
16015,2020-W52,Leptospirosis,3
16016,2020-W52,Melioidosis,1
16017,2020-W52,Meningococcal Infection,0
16018,2020-W52,Pertussis,0
16019,2020-W52,Pneumococcal Disease (invasive),0
16020,2020-W52,Haemophilus influenzae type b,0
16021,2020-W52,Salmonellosis(non-enteric fevers),28
16022,2020-W52,Avian Influenza,0
16023,2020-W52,Zika,0
16024,2020-W52,Ebola Virus Disease,0
16025,2020-W52,Japanese Encephalitis,0
16026,2020-W52,Tetanus,0
16027,2020-W52,Botulism,0
16028,2020-W52,Murine Typhus,0
16029,2020-W53,Cholera,0
16030,2020-W53,Paratyphoid,0
16031,2020-W53,Typhoid,0
16032,2020-W53,Acute Viral Hepatitis A,1
16033,2020-W53,Acute Viral Hepatitis E,0
16034,2020-W53,Poliomyelitis,0
16035,2020-W53,Plague,0
16036,2020-W53,Yellow Fever,0
16037,2020-W53,Dengue Fever,193
16038,2020-W53,Dengue Haemorrhagic Fever,1
16039,2020-W53,Malaria,0
16040,2020-W53,Chikungunya,0
16041,2020-W53,HFMD,0
16042,2020-W53,Diphtheria,0
16043,2020-W53,Measles,0
16044,2020-W53,Mumps,6
16045,2020-W53,Rubella,0
16046,2020-W53,SARS,0
16047,2020-W53,Nipah,0
16048,2020-W53,Acute Viral hepatitis B,1
16049,2020-W53,Encephalitis,0
16050,2020-W53,Legionellosis,1
16051,2020-W53,Campylobacter enteritis,19
16052,2020-W53,Acute Viral hepatitis C,0
16053,2020-W53,Leptospirosis,1
16054,2020-W53,Melioidosis,0
16055,2020-W53,Meningococcal Infection,0
16056,2020-W53,Pertussis,0
16057,2020-W53,Pneumococcal Disease (invasive),0
16058,2020-W53,Haemophilus influenzae type b,0
16059,2020-W53,Salmonellosis(non-enteric fevers),44
16060,2020-W53,Avian Influenza,0
16061,2020-W53,Zika,0
16062,2020-W53,Ebola Virus Disease,0
16063,2020-W53,Japanese Encephalitis,0
16064,2020-W53,Tetanus,0
16065,2020-W53,Botulism,0
16066,2020-W53,Murine Typhus,0
16067,2021-W01,Cholera,0
16068,2021-W01,Paratyphoid,0
16069,2021-W01,Typhoid,0
16070,2021-W01,Acute Viral Hepatitis A,1
16071,2021-W01,Acute Viral Hepatitis E,5
16072,2021-W01,Poliomyelitis,0
16073,2021-W01,Plague,0
16074,2021-W01,Yellow Fever,0
16075,2021-W01,Dengue Fever,194
16076,2021-W01,Dengue Haemorrhagic Fever,0
16077,2021-W01,Malaria,0
16078,2021-W01,Chikungunya,0
16079,2021-W01,HFMD,0
16080,2021-W01,Diphtheria,0
16081,2021-W01,Measles,0
16082,2021-W01,Mumps,4
16083,2021-W01,Rubella,0
16084,2021-W01,SARS,0
16085,2021-W01,Nipah,0
16086,2021-W01,Acute Viral hepatitis B,0
16087,2021-W01,Encephalitis,0
16088,2021-W01,Legionellosis,1
16089,2021-W01,Campylobacter enteritis,14
16090,2021-W01,Acute Viral hepatitis C,0
16091,2021-W01,Leptospirosis,0
16092,2021-W01,Melioidosis,2
16093,2021-W01,Meningococcal Infection,0
16094,2021-W01,Pertussis,0
16095,2021-W01,Pneumococcal Disease (invasive),0
16096,2021-W01,Haemophilus influenzae type b,0
16097,2021-W01,Salmonellosis(non-enteric fevers),22
16098,2021-W01,Avian Influenza,0
16099,2021-W01,Zika,0
16100,2021-W01,Ebola Virus Disease,0
16101,2021-W01,Japanese Encephalitis,0
16102,2021-W01,Tetanus,0
16103,2021-W01,Botulism,0
16104,2021-W01,Murine Typhus,1
16105,2021-W02,Cholera,0
16106,2021-W02,Paratyphoid,0
16107,2021-W02,Typhoid,0
16108,2021-W02,Acute Viral Hepatitis A,0
16109,2021-W02,Acute Viral Hepatitis E,3
16110,2021-W02,Poliomyelitis,0
16111,2021-W02,Plague,0
16112,2021-W02,Yellow Fever,0
16113,2021-W02,Dengue Fever,165
16114,2021-W02,Dengue Haemorrhagic Fever,1
16115,2021-W02,Malaria,0
16116,2021-W02,Chikungunya,0
16117,2021-W02,HFMD,0
16118,2021-W02,Diphtheria,0
16119,2021-W02,Measles,0
16120,2021-W02,Mumps,7
16121,2021-W02,Rubella,0
16122,2021-W02,SARS,0
16123,2021-W02,Nipah,0
16124,2021-W02,Acute Viral hepatitis B,1
16125,2021-W02,Encephalitis,0
16126,2021-W02,Legionellosis,0
16127,2021-W02,Campylobacter enteritis,12
16128,2021-W02,Acute Viral hepatitis C,0
16129,2021-W02,Leptospirosis,0
16130,2021-W02,Melioidosis,4
16131,2021-W02,Meningococcal Infection,0
16132,2021-W02,Pertussis,0
16133,2021-W02,Pneumococcal Disease (invasive),1
16134,2021-W02,Haemophilus influenzae type b,0
16135,2021-W02,Salmonellosis(non-enteric fevers),35
16136,2021-W02,Avian Influenza,0
16137,2021-W02,Zika,0
16138,2021-W02,Ebola Virus Disease,0
16139,2021-W02,Japanese Encephalitis,0
16140,2021-W02,Tetanus,0
16141,2021-W02,Botulism,0
16142,2021-W02,Murine Typhus,0
16143,2021-W03,Cholera,0
16144,2021-W03,Paratyphoid,0
16145,2021-W03,Typhoid,0
16146,2021-W03,Acute Viral Hepatitis A,0
16147,2021-W03,Acute Viral Hepatitis E,1
16148,2021-W03,Poliomyelitis,0
16149,2021-W03,Plague,0
16150,2021-W03,Yellow Fever,0
16151,2021-W03,Dengue Fever,151
16152,2021-W03,Dengue Haemorrhagic Fever,1
16153,2021-W03,Malaria,0
16154,2021-W03,Chikungunya,0
16155,2021-W03,HFMD,0
16156,2021-W03,Diphtheria,0
16157,2021-W03,Measles,0
16158,2021-W03,Mumps,5
16159,2021-W03,Rubella,0
16160,2021-W03,SARS,0
16161,2021-W03,Nipah,0
16162,2021-W03,Acute Viral hepatitis B,0
16163,2021-W03,Encephalitis,0
16164,2021-W03,Legionellosis,0
16165,2021-W03,Campylobacter enteritis,13
16166,2021-W03,Acute Viral hepatitis C,0
16167,2021-W03,Leptospirosis,3
16168,2021-W03,Melioidosis,3
16169,2021-W03,Meningococcal Infection,0
16170,2021-W03,Pertussis,0
16171,2021-W03,Pneumococcal Disease (invasive),1
16172,2021-W03,Haemophilus influenzae type b,0
16173,2021-W03,Salmonellosis(non-enteric fevers),16
16174,2021-W03,Avian Influenza,0
16175,2021-W03,Zika,0
16176,2021-W03,Ebola Virus Disease,0
16177,2021-W03,Japanese Encephalitis,0
16178,2021-W03,Tetanus,0
16179,2021-W03,Botulism,0
16180,2021-W03,Murine Typhus,0
16181,2021-W04,Cholera,0
16182,2021-W04,Paratyphoid,0
16183,2021-W04,Typhoid,0
16184,2021-W04,Acute Viral Hepatitis A,0
16185,2021-W04,Acute Viral Hepatitis E,1
16186,2021-W04,Poliomyelitis,0
16187,2021-W04,Plague,0
16188,2021-W04,Yellow Fever,0
16189,2021-W04,Dengue Fever,135
16190,2021-W04,Dengue Haemorrhagic Fever,0
16191,2021-W04,Malaria,0
16192,2021-W04,Chikungunya,0
16193,2021-W04,HFMD,0
16194,2021-W04,Diphtheria,0
16195,2021-W04,Measles,0
16196,2021-W04,Mumps,5
16197,2021-W04,Rubella,0
16198,2021-W04,SARS,0
16199,2021-W04,Nipah,0
16200,2021-W04,Acute Viral hepatitis B,0
16201,2021-W04,Encephalitis,0
16202,2021-W04,Legionellosis,0
16203,2021-W04,Campylobacter enteritis,17
16204,2021-W04,Acute Viral hepatitis C,2
16205,2021-W04,Leptospirosis,2
16206,2021-W04,Melioidosis,0
16207,2021-W04,Meningococcal Infection,0
16208,2021-W04,Pertussis,0
16209,2021-W04,Pneumococcal Disease (invasive),0
16210,2021-W04,Haemophilus influenzae type b,0
16211,2021-W04,Salmonellosis(non-enteric fevers),18
16212,2021-W04,Avian Influenza,0
16213,2021-W04,Zika,0
16214,2021-W04,Ebola Virus Disease,0
16215,2021-W04,Japanese Encephalitis,0
16216,2021-W04,Tetanus,0
16217,2021-W04,Botulism,0
16218,2021-W04,Murine Typhus,0
16219,2021-W05,Cholera,0
16220,2021-W05,Paratyphoid,0
16221,2021-W05,Typhoid,2
16222,2021-W05,Acute Viral Hepatitis A,2
16223,2021-W05,Acute Viral Hepatitis E,1
16224,2021-W05,Poliomyelitis,0
16225,2021-W05,Plague,0
16226,2021-W05,Yellow Fever,0
16227,2021-W05,Dengue Fever,141
16228,2021-W05,Dengue Haemorrhagic Fever,0
16229,2021-W05,Malaria,0
16230,2021-W05,Chikungunya,0
16231,2021-W05,HFMD,0
16232,2021-W05,Diphtheria,0
16233,2021-W05,Measles,0
16234,2021-W05,Mumps,4
16235,2021-W05,Rubella,0
16236,2021-W05,SARS,0
16237,2021-W05,Nipah,0
16238,2021-W05,Acute Viral hepatitis B,2
16239,2021-W05,Encephalitis,0
16240,2021-W05,Legionellosis,0
16241,2021-W05,Campylobacter enteritis,11
16242,2021-W05,Acute Viral hepatitis C,0
16243,2021-W05,Leptospirosis,0
16244,2021-W05,Melioidosis,1
16245,2021-W05,Meningococcal Infection,0
16246,2021-W05,Pertussis,0
16247,2021-W05,Pneumococcal Disease (invasive),2
16248,2021-W05,Haemophilus influenzae type b,0
16249,2021-W05,Salmonellosis(non-enteric fevers),12
16250,2021-W05,Avian Influenza,0
16251,2021-W05,Zika,0
16252,2021-W05,Ebola Virus Disease,0
16253,2021-W05,Japanese Encephalitis,0
16254,2021-W05,Tetanus,0
16255,2021-W05,Botulism,0
16256,2021-W05,Murine Typhus,0
16257,2021-W06,Cholera,0
16258,2021-W06,Paratyphoid,0
16259,2021-W06,Typhoid,0
16260,2021-W06,Acute Viral Hepatitis A,1
16261,2021-W06,Acute Viral Hepatitis E,0
16262,2021-W06,Poliomyelitis,0
16263,2021-W06,Plague,0
16264,2021-W06,Yellow Fever,0
16265,2021-W06,Dengue Fever,142
16266,2021-W06,Dengue Haemorrhagic Fever,1
16267,2021-W06,Malaria,0
16268,2021-W06,Chikungunya,0
16269,2021-W06,HFMD,0
16270,2021-W06,Diphtheria,0
16271,2021-W06,Measles,0
16272,2021-W06,Mumps,3
16273,2021-W06,Rubella,0
16274,2021-W06,SARS,0
16275,2021-W06,Nipah,0
16276,2021-W06,Acute Viral hepatitis B,0
16277,2021-W06,Encephalitis,0
16278,2021-W06,Legionellosis,0
16279,2021-W06,Campylobacter enteritis,20
16280,2021-W06,Acute Viral hepatitis C,0
16281,2021-W06,Leptospirosis,0
16282,2021-W06,Melioidosis,1
16283,2021-W06,Meningococcal Infection,0
16284,2021-W06,Pertussis,0
16285,2021-W06,Pneumococcal Disease (invasive),0
16286,2021-W06,Haemophilus influenzae type b,0
16287,2021-W06,Salmonellosis(non-enteric fevers),17
16288,2021-W06,Avian Influenza,0
16289,2021-W06,Zika,0
16290,2021-W06,Ebola Virus Disease,0
16291,2021-W06,Japanese Encephalitis,0
16292,2021-W06,Tetanus,0
16293,2021-W06,Botulism,0
16294,2021-W06,Murine Typhus,1
16295,2021-W07,Cholera,0
16296,2021-W07,Paratyphoid,0
16297,2021-W07,Typhoid,0
16298,2021-W07,Acute Viral Hepatitis A,0
16299,2021-W07,Acute Viral Hepatitis E,2
16300,2021-W07,Poliomyelitis,0
16301,2021-W07,Plague,0
16302,2021-W07,Yellow Fever,0
16303,2021-W07,Dengue Fever,148
16304,2021-W07,Dengue Haemorrhagic Fever,0
16305,2021-W07,Malaria,0
16306,2021-W07,Chikungunya,0
16307,2021-W07,HFMD,0
16308,2021-W07,Diphtheria,0
16309,2021-W07,Measles,0
16310,2021-W07,Mumps,7
16311,2021-W07,Rubella,0
16312,2021-W07,SARS,0
16313,2021-W07,Nipah,0
16314,2021-W07,Acute Viral hepatitis B,2
16315,2021-W07,Encephalitis,0
16316,2021-W07,Legionellosis,1
16317,2021-W07,Campylobacter enteritis,21
16318,2021-W07,Acute Viral hepatitis C,0
16319,2021-W07,Leptospirosis,0
16320,2021-W07,Melioidosis,1
16321,2021-W07,Meningococcal Infection,0
16322,2021-W07,Pertussis,0
16323,2021-W07,Pneumococcal Disease (invasive),2
16324,2021-W07,Haemophilus influenzae type b,0
16325,2021-W07,Salmonellosis(non-enteric fevers),18
16326,2021-W07,Avian Influenza,0
16327,2021-W07,Zika,0
16328,2021-W07,Ebola Virus Disease,0
16329,2021-W07,Japanese Encephalitis,0
16330,2021-W07,Tetanus,0
16331,2021-W07,Botulism,0
16332,2021-W07,Murine Typhus,0
16333,2021-W08,Cholera,0
16334,2021-W08,Paratyphoid,0
16335,2021-W08,Typhoid,0
16336,2021-W08,Acute Viral Hepatitis A,1
16337,2021-W08,Acute Viral Hepatitis E,0
16338,2021-W08,Poliomyelitis,0
16339,2021-W08,Plague,0
16340,2021-W08,Yellow Fever,0
16341,2021-W08,Dengue Fever,145
16342,2021-W08,Dengue Haemorrhagic Fever,1
16343,2021-W08,Malaria,0
16344,2021-W08,Chikungunya,0
16345,2021-W08,HFMD,0
16346,2021-W08,Diphtheria,0
16347,2021-W08,Measles,0
16348,2021-W08,Mumps,5
16349,2021-W08,Rubella,0
16350,2021-W08,SARS,0
16351,2021-W08,Nipah,0
16352,2021-W08,Acute Viral hepatitis B,0
16353,2021-W08,Encephalitis,0
16354,2021-W08,Legionellosis,0
16355,2021-W08,Campylobacter enteritis,12
16356,2021-W08,Acute Viral hepatitis C,0
16357,2021-W08,Leptospirosis,1
16358,2021-W08,Melioidosis,1
16359,2021-W08,Meningococcal Infection,0
16360,2021-W08,Pertussis,0
16361,2021-W08,Pneumococcal Disease (invasive),0
16362,2021-W08,Haemophilus influenzae type b,0
16363,2021-W08,Salmonellosis(non-enteric fevers),17
16364,2021-W08,Avian Influenza,0
16365,2021-W08,Zika,0
16366,2021-W08,Ebola Virus Disease,0
16367,2021-W08,Japanese Encephalitis,0
16368,2021-W08,Tetanus,0
16369,2021-W08,Botulism,0
16370,2021-W08,Murine Typhus,0
16371,2021-W09,Cholera,0
16372,2021-W09,Paratyphoid,0
16373,2021-W09,Typhoid,0
16374,2021-W09,Acute Viral Hepatitis A,0
16375,2021-W09,Acute Viral Hepatitis E,1
16376,2021-W09,Poliomyelitis,0
16377,2021-W09,Plague,0
16378,2021-W09,Yellow Fever,0
16379,2021-W09,Dengue Fever,139
16380,2021-W09,Dengue Haemorrhagic Fever,1
16381,2021-W09,Malaria,0
16382,2021-W09,Chikungunya,0
16383,2021-W09,HFMD,0
16384,2021-W09,Diphtheria,0
16385,2021-W09,Measles,0
16386,2021-W09,Mumps,3
16387,2021-W09,Rubella,0
16388,2021-W09,SARS,0
16389,2021-W09,Nipah,0
16390,2021-W09,Acute Viral hepatitis B,0
16391,2021-W09,Encephalitis,0
16392,2021-W09,Legionellosis,0
16393,2021-W09,Campylobacter enteritis,16
16394,2021-W09,Acute Viral hepatitis C,0
16395,2021-W09,Leptospirosis,0
16396,2021-W09,Melioidosis,1
16397,2021-W09,Meningococcal Infection,0
16398,2021-W09,Pertussis,0
16399,2021-W09,Pneumococcal Disease (invasive),0
16400,2021-W09,Haemophilus influenzae type b,0
16401,2021-W09,Salmonellosis(non-enteric fevers),20
16402,2021-W09,Avian Influenza,0
16403,2021-W09,Zika,0
16404,2021-W09,Ebola Virus Disease,0
16405,2021-W09,Japanese Encephalitis,0
16406,2021-W09,Tetanus,0
16407,2021-W09,Botulism,0
16408,2021-W09,Murine Typhus,0
16409,2021-W10,Cholera,0
16410,2021-W10,Paratyphoid,0
16411,2021-W10,Typhoid,0
16412,2021-W10,Acute Viral Hepatitis A,0
16413,2021-W10,Acute Viral Hepatitis E,1
16414,2021-W10,Poliomyelitis,0
16415,2021-W10,Plague,0
16416,2021-W10,Yellow Fever,0
16417,2021-W10,Dengue Fever,145
16418,2021-W10,Dengue Haemorrhagic Fever,0
16419,2021-W10,Malaria,0
16420,2021-W10,Chikungunya,0
16421,2021-W10,HFMD,0
16422,2021-W10,Diphtheria,0
16423,2021-W10,Measles,0
16424,2021-W10,Mumps,2
16425,2021-W10,Rubella,0
16426,2021-W10,SARS,0
16427,2021-W10,Nipah,0
16428,2021-W10,Acute Viral hepatitis B,0
16429,2021-W10,Encephalitis,0
16430,2021-W10,Legionellosis,0
16431,2021-W10,Campylobacter enteritis,14
16432,2021-W10,Acute Viral hepatitis C,1
16433,2021-W10,Leptospirosis,0
16434,2021-W10,Melioidosis,1
16435,2021-W10,Meningococcal Infection,2
16436,2021-W10,Pertussis,0
16437,2021-W10,Pneumococcal Disease (invasive),0
16438,2021-W10,Haemophilus influenzae type b,0
16439,2021-W10,Salmonellosis(non-enteric fevers),23
16440,2021-W10,Avian Influenza,0
16441,2021-W10,Zika,0
16442,2021-W10,Ebola Virus Disease,0
16443,2021-W10,Japanese Encephalitis,0
16444,2021-W10,Tetanus,0
16445,2021-W10,Botulism,0
16446,2021-W10,Murine Typhus,0
16447,2021-W11,Cholera,0
16448,2021-W11,Paratyphoid,0
16449,2021-W11,Typhoid,0
16450,2021-W11,Acute Viral Hepatitis A,0
16451,2021-W11,Acute Viral Hepatitis E,1
16452,2021-W11,Poliomyelitis,0
16453,2021-W11,Plague,0
16454,2021-W11,Yellow Fever,0
16455,2021-W11,Dengue Fever,129
16456,2021-W11,Dengue Haemorrhagic Fever,0
16457,2021-W11,Malaria,0
16458,2021-W11,Chikungunya,0
16459,2021-W11,HFMD,0
16460,2021-W11,Diphtheria,0
16461,2021-W11,Measles,0
16462,2021-W11,Mumps,0
16463,2021-W11,Rubella,0
16464,2021-W11,SARS,0
16465,2021-W11,Nipah,0
16466,2021-W11,Acute Viral hepatitis B,0
16467,2021-W11,Encephalitis,0
16468,2021-W11,Legionellosis,0
16469,2021-W11,Campylobacter enteritis,8
16470,2021-W11,Acute Viral hepatitis C,0
16471,2021-W11,Leptospirosis,0
16472,2021-W11,Melioidosis,1
16473,2021-W11,Meningococcal Infection,0
16474,2021-W11,Pertussis,0
16475,2021-W11,Pneumococcal Disease (invasive),0
16476,2021-W11,Haemophilus influenzae type b,0
16477,2021-W11,Salmonellosis(non-enteric fevers),32
16478,2021-W11,Avian Influenza,0
16479,2021-W11,Zika,0
16480,2021-W11,Ebola Virus Disease,0
16481,2021-W11,Japanese Encephalitis,0
16482,2021-W11,Tetanus,0
16483,2021-W11,Botulism,0
16484,2021-W11,Murine Typhus,0
16485,2021-W12,Cholera,0
16486,2021-W12,Paratyphoid,0
16487,2021-W12,Typhoid,0
16488,2021-W12,Acute Viral Hepatitis A,0
16489,2021-W12,Acute Viral Hepatitis E,1
16490,2021-W12,Poliomyelitis,0
16491,2021-W12,Plague,0
16492,2021-W12,Yellow Fever,0
16493,2021-W12,Dengue Fever,120
16494,2021-W12,Dengue Haemorrhagic Fever,0
16495,2021-W12,Malaria,0
16496,2021-W12,Chikungunya,0
16497,2021-W12,HFMD,0
16498,2021-W12,Diphtheria,0
16499,2021-W12,Measles,0
16500,2021-W12,Mumps,2
16501,2021-W12,Rubella,0
16502,2021-W12,SARS,0
16503,2021-W12,Nipah,0
16504,2021-W12,Acute Viral hepatitis B,1
16505,2021-W12,Encephalitis,0
16506,2021-W12,Legionellosis,0
16507,2021-W12,Campylobacter enteritis,15
16508,2021-W12,Acute Viral hepatitis C,0
16509,2021-W12,Leptospirosis,1
16510,2021-W12,Melioidosis,0
16511,2021-W12,Meningococcal Infection,0
16512,2021-W12,Pertussis,0
16513,2021-W12,Pneumococcal Disease (invasive),0
16514,2021-W12,Haemophilus influenzae type b,0
16515,2021-W12,Salmonellosis(non-enteric fevers),21
16516,2021-W12,Avian Influenza,0
16517,2021-W12,Zika,0
16518,2021-W12,Ebola Virus Disease,0
16519,2021-W12,Japanese Encephalitis,0
16520,2021-W12,Tetanus,0
16521,2021-W12,Botulism,0
16522,2021-W12,Murine Typhus,1
16523,2021-W13,Cholera,0
16524,2021-W13,Paratyphoid,0
16525,2021-W13,Typhoid,0
16526,2021-W13,Acute Viral Hepatitis A,0
16527,2021-W13,Acute Viral Hepatitis E,0
16528,2021-W13,Poliomyelitis,0
16529,2021-W13,Plague,0
16530,2021-W13,Yellow Fever,0
16531,2021-W13,Dengue Fever,113
16532,2021-W13,Dengue Haemorrhagic Fever,0
16533,2021-W13,Malaria,0
16534,2021-W13,Chikungunya,0
16535,2021-W13,HFMD,0
16536,2021-W13,Diphtheria,0
16537,2021-W13,Measles,0
16538,2021-W13,Mumps,1
16539,2021-W13,Rubella,0
16540,2021-W13,SARS,0
16541,2021-W13,Nipah,0
16542,2021-W13,Acute Viral hepatitis B,0
16543,2021-W13,Encephalitis,0
16544,2021-W13,Legionellosis,0
16545,2021-W13,Campylobacter enteritis,7
16546,2021-W13,Acute Viral hepatitis C,0
16547,2021-W13,Leptospirosis,1
16548,2021-W13,Melioidosis,0
16549,2021-W13,Meningococcal Infection,0
16550,2021-W13,Pertussis,0
16551,2021-W13,Pneumococcal Disease (invasive),0
16552,2021-W13,Haemophilus influenzae type b,0
16553,2021-W13,Salmonellosis(non-enteric fevers),22
16554,2021-W13,Avian Influenza,0
16555,2021-W13,Zika,0
16556,2021-W13,Ebola Virus Disease,0
16557,2021-W13,Japanese Encephalitis,0
16558,2021-W13,Tetanus,0
16559,2021-W13,Botulism,0
16560,2021-W13,Murine Typhus,0
16561,2021-W14,Cholera,0
16562,2021-W14,Paratyphoid,0
16563,2021-W14,Typhoid,0
16564,2021-W14,Acute Viral Hepatitis A,1
16565,2021-W14,Acute Viral Hepatitis E,1
16566,2021-W14,Poliomyelitis,0
16567,2021-W14,Plague,0
16568,2021-W14,Yellow Fever,0
16569,2021-W14,Dengue Fever,102
16570,2021-W14,Dengue Haemorrhagic Fever,0
16571,2021-W14,Malaria,0
16572,2021-W14,Chikungunya,0
16573,2021-W14,HFMD,0
16574,2021-W14,Diphtheria,0
16575,2021-W14,Measles,0
16576,2021-W14,Mumps,4
16577,2021-W14,Rubella,0
16578,2021-W14,SARS,0
16579,2021-W14,Nipah,0
16580,2021-W14,Acute Viral hepatitis B,0
16581,2021-W14,Encephalitis,0
16582,2021-W14,Legionellosis,0
16583,2021-W14,Campylobacter enteritis,16
16584,2021-W14,Acute Viral hepatitis C,0
16585,2021-W14,Leptospirosis,0
16586,2021-W14,Melioidosis,0
16587,2021-W14,Meningococcal Infection,0
16588,2021-W14,Pertussis,0
16589,2021-W14,Pneumococcal Disease (invasive),1
16590,2021-W14,Haemophilus influenzae type b,0
16591,2021-W14,Salmonellosis(non-enteric fevers),25
16592,2021-W14,Avian Influenza,0
16593,2021-W14,Zika,0
16594,2021-W14,Ebola Virus Disease,0
16595,2021-W14,Japanese Encephalitis,0
16596,2021-W14,Tetanus,0
16597,2021-W14,Botulism,0
16598,2021-W14,Murine Typhus,0
16599,2021-W15,Cholera,0
16600,2021-W15,Paratyphoid,1
16601,2021-W15,Typhoid,0
16602,2021-W15,Acute Viral Hepatitis A,0
16603,2021-W15,Acute Viral Hepatitis E,0
16604,2021-W15,Poliomyelitis,0
16605,2021-W15,Plague,0
16606,2021-W15,Yellow Fever,0
16607,2021-W15,Dengue Fever,112
16608,2021-W15,Dengue Haemorrhagic Fever,0
16609,2021-W15,Malaria,0
16610,2021-W15,Chikungunya,0
16611,2021-W15,HFMD,0
16612,2021-W15,Diphtheria,0
16613,2021-W15,Measles,0
16614,2021-W15,Mumps,2
16615,2021-W15,Rubella,0
16616,2021-W15,SARS,0
16617,2021-W15,Nipah,0
16618,2021-W15,Acute Viral hepatitis B,0
16619,2021-W15,Encephalitis,0
16620,2021-W15,Legionellosis,0
16621,2021-W15,Campylobacter enteritis,12
16622,2021-W15,Acute Viral hepatitis C,0
16623,2021-W15,Leptospirosis,1
16624,2021-W15,Melioidosis,4
16625,2021-W15,Meningococcal Infection,0
16626,2021-W15,Pertussis,0
16627,2021-W15,Pneumococcal Disease (invasive),0
16628,2021-W15,Haemophilus influenzae type b,0
16629,2021-W15,Salmonellosis(non-enteric fevers),20
16630,2021-W15,Avian Influenza,0
16631,2021-W15,Zika,0
16632,2021-W15,Ebola Virus Disease,0
16633,2021-W15,Japanese Encephalitis,0
16634,2021-W15,Tetanus,0
16635,2021-W15,Botulism,0
16636,2021-W15,Murine Typhus,0
16637,2021-W16,Cholera,0
16638,2021-W16,Paratyphoid,1
16639,2021-W16,Typhoid,0
16640,2021-W16,Acute Viral Hepatitis A,0
16641,2021-W16,Acute Viral Hepatitis E,0
16642,2021-W16,Poliomyelitis,0
16643,2021-W16,Plague,0
16644,2021-W16,Yellow Fever,0
16645,2021-W16,Dengue Fever,128
16646,2021-W16,Dengue Haemorrhagic Fever,1
16647,2021-W16,Malaria,0
16648,2021-W16,Chikungunya,0
16649,2021-W16,HFMD,0
16650,2021-W16,Diphtheria,0
16651,2021-W16,Measles,0
16652,2021-W16,Mumps,4
16653,2021-W16,Rubella,0
16654,2021-W16,SARS,0
16655,2021-W16,Nipah,0
16656,2021-W16,Acute Viral hepatitis B,2
16657,2021-W16,Encephalitis,0
16658,2021-W16,Legionellosis,0
16659,2021-W16,Campylobacter enteritis,10
16660,2021-W16,Acute Viral hepatitis C,0
16661,2021-W16,Leptospirosis,1
16662,2021-W16,Melioidosis,2
16663,2021-W16,Meningococcal Infection,0
16664,2021-W16,Pertussis,0
16665,2021-W16,Pneumococcal Disease (invasive),0
16666,2021-W16,Haemophilus influenzae type b,0
16667,2021-W16,Salmonellosis(non-enteric fevers),29
16668,2021-W16,Avian Influenza,0
16669,2021-W16,Zika,0
16670,2021-W16,Ebola Virus Disease,0
16671,2021-W16,Japanese Encephalitis,0
16672,2021-W16,Tetanus,0
16673,2021-W16,Botulism,0
16674,2021-W16,Murine Typhus,0
16675,2021-W17,Cholera,0
16676,2021-W17,Paratyphoid,0
16677,2021-W17,Typhoid,0
16678,2021-W17,Acute Viral Hepatitis A,0
16679,2021-W17,Acute Viral Hepatitis E,2
16680,2021-W17,Poliomyelitis,0
16681,2021-W17,Plague,0
16682,2021-W17,Yellow Fever,0
16683,2021-W17,Dengue Fever,84
16684,2021-W17,Dengue Haemorrhagic Fever,0
16685,2021-W17,Malaria,0
16686,2021-W17,Chikungunya,0
16687,2021-W17,HFMD,0
16688,2021-W17,Diphtheria,0
16689,2021-W17,Measles,0
16690,2021-W17,Mumps,5
16691,2021-W17,Rubella,0
16692,2021-W17,SARS,0
16693,2021-W17,Nipah,0
16694,2021-W17,Acute Viral hepatitis B,0
16695,2021-W17,Encephalitis,0
16696,2021-W17,Legionellosis,0
16697,2021-W17,Campylobacter enteritis,13
16698,2021-W17,Acute Viral hepatitis C,1
16699,2021-W17,Leptospirosis,0
16700,2021-W17,Melioidosis,1
16701,2021-W17,Meningococcal Infection,0
16702,2021-W17,Pertussis,0
16703,2021-W17,Pneumococcal Disease (invasive),0
16704,2021-W17,Haemophilus influenzae type b,0
16705,2021-W17,Salmonellosis(non-enteric fevers),29
16706,2021-W17,Avian Influenza,0
16707,2021-W17,Zika,0
16708,2021-W17,Ebola Virus Disease,0
16709,2021-W17,Japanese Encephalitis,0
16710,2021-W17,Tetanus,0
16711,2021-W17,Botulism,0
16712,2021-W17,Murine Typhus,0
16713,2021-W18,Cholera,0
16714,2021-W18,Paratyphoid,0
16715,2021-W18,Typhoid,0
16716,2021-W18,Acute Viral Hepatitis A,1
16717,2021-W18,Acute Viral Hepatitis E,0
16718,2021-W18,Poliomyelitis,0
16719,2021-W18,Plague,0
16720,2021-W18,Yellow Fever,0
16721,2021-W18,Dengue Fever,117
16722,2021-W18,Dengue Haemorrhagic Fever,0
16723,2021-W18,Malaria,0
16724,2021-W18,Chikungunya,0
16725,2021-W18,HFMD,0
16726,2021-W18,Diphtheria,0
16727,2021-W18,Measles,0
16728,2021-W18,Mumps,7
16729,2021-W18,Rubella,0
16730,2021-W18,SARS,0
16731,2021-W18,Nipah,0
16732,2021-W18,Acute Viral hepatitis B,0
16733,2021-W18,Encephalitis,0
16734,2021-W18,Legionellosis,1
16735,2021-W18,Campylobacter enteritis,17
16736,2021-W18,Acute Viral hepatitis C,0
16737,2021-W18,Leptospirosis,1
16738,2021-W18,Melioidosis,3
16739,2021-W18,Meningococcal Infection,0
16740,2021-W18,Pertussis,0
16741,2021-W18,Pneumococcal Disease (invasive),0
16742,2021-W18,Haemophilus influenzae type b,0
16743,2021-W18,Salmonellosis(non-enteric fevers),23
16744,2021-W18,Avian Influenza,0
16745,2021-W18,Zika,0
16746,2021-W18,Ebola Virus Disease,0
16747,2021-W18,Japanese Encephalitis,0
16748,2021-W18,Tetanus,0
16749,2021-W18,Botulism,0
16750,2021-W18,Murine Typhus,0
16751,2021-W19,Cholera,0
16752,2021-W19,Paratyphoid,0
16753,2021-W19,Typhoid,0
16754,2021-W19,Acute Viral Hepatitis A,0
16755,2021-W19,Acute Viral Hepatitis E,3
16756,2021-W19,Poliomyelitis,0
16757,2021-W19,Plague,0
16758,2021-W19,Yellow Fever,0
16759,2021-W19,Dengue Fever,92
16760,2021-W19,Dengue Haemorrhagic Fever,0
16761,2021-W19,Malaria,0
16762,2021-W19,Chikungunya,0
16763,2021-W19,HFMD,0
16764,2021-W19,Diphtheria,0
16765,2021-W19,Measles,0
16766,2021-W19,Mumps,6
16767,2021-W19,Rubella,0
16768,2021-W19,SARS,0
16769,2021-W19,Nipah,0
16770,2021-W19,Acute Viral hepatitis B,1
16771,2021-W19,Encephalitis,0
16772,2021-W19,Legionellosis,0
16773,2021-W19,Campylobacter enteritis,8
16774,2021-W19,Acute Viral hepatitis C,0
16775,2021-W19,Leptospirosis,0
16776,2021-W19,Melioidosis,1
16777,2021-W19,Meningococcal Infection,0
16778,2021-W19,Pertussis,0
16779,2021-W19,Pneumococcal Disease (invasive),3
16780,2021-W19,Haemophilus influenzae type b,0
16781,2021-W19,Salmonellosis(non-enteric fevers),24
16782,2021-W19,Avian Influenza,0
16783,2021-W19,Zika,0
16784,2021-W19,Ebola Virus Disease,0
16785,2021-W19,Japanese Encephalitis,0
16786,2021-W19,Tetanus,0
16787,2021-W19,Botulism,0
16788,2021-W19,Murine Typhus,0
16789,2021-W20,Cholera,0
16790,2021-W20,Paratyphoid,0
16791,2021-W20,Typhoid,0
16792,2021-W20,Acute Viral Hepatitis A,0
16793,2021-W20,Acute Viral Hepatitis E,1
16794,2021-W20,Poliomyelitis,0
16795,2021-W20,Plague,0
16796,2021-W20,Yellow Fever,0
16797,2021-W20,Dengue Fever,116
16798,2021-W20,Dengue Haemorrhagic Fever,3
16799,2021-W20,Malaria,0
16800,2021-W20,Chikungunya,0
16801,2021-W20,HFMD,0
16802,2021-W20,Diphtheria,0
16803,2021-W20,Measles,0
16804,2021-W20,Mumps,6
16805,2021-W20,Rubella,0
16806,2021-W20,SARS,0
16807,2021-W20,Nipah,0
16808,2021-W20,Acute Viral hepatitis B,0
16809,2021-W20,Encephalitis,0
16810,2021-W20,Legionellosis,1
16811,2021-W20,Campylobacter enteritis,13
16812,2021-W20,Acute Viral hepatitis C,1
16813,2021-W20,Leptospirosis,1
16814,2021-W20,Melioidosis,1
16815,2021-W20,Meningococcal Infection,0
16816,2021-W20,Pertussis,0
16817,2021-W20,Pneumococcal Disease (invasive),0
16818,2021-W20,Haemophilus influenzae type b,0
16819,2021-W20,Salmonellosis(non-enteric fevers),17
16820,2021-W20,Avian Influenza,0
16821,2021-W20,Zika,0
16822,2021-W20,Ebola Virus Disease,0
16823,2021-W20,Japanese Encephalitis,0
16824,2021-W20,Tetanus,0
16825,2021-W20,Botulism,0
16826,2021-W20,Murine Typhus,0
16827,2021-W21,Cholera,0
16828,2021-W21,Paratyphoid,0
16829,2021-W21,Typhoid,0
16830,2021-W21,Acute Viral Hepatitis A,0
16831,2021-W21,Acute Viral Hepatitis E,0
16832,2021-W21,Poliomyelitis,0
16833,2021-W21,Plague,0
16834,2021-W21,Yellow Fever,0
16835,2021-W21,Dengue Fever,130
16836,2021-W21,Dengue Haemorrhagic Fever,0
16837,2021-W21,Malaria,0
16838,2021-W21,Chikungunya,0
16839,2021-W21,HFMD,0
16840,2021-W21,Diphtheria,0
16841,2021-W21,Measles,0
16842,2021-W21,Mumps,3
16843,2021-W21,Rubella,0
16844,2021-W21,SARS,0
16845,2021-W21,Nipah,0
16846,2021-W21,Acute Viral hepatitis B,1
16847,2021-W21,Encephalitis,0
16848,2021-W21,Legionellosis,0
16849,2021-W21,Campylobacter enteritis,12
16850,2021-W21,Acute Viral hepatitis C,1
16851,2021-W21,Leptospirosis,0
16852,2021-W21,Melioidosis,1
16853,2021-W21,Meningococcal Infection,0
16854,2021-W21,Pertussis,0
16855,2021-W21,Pneumococcal Disease (invasive),0
16856,2021-W21,Haemophilus influenzae type b,0
16857,2021-W21,Salmonellosis(non-enteric fevers),16
16858,2021-W21,Avian Influenza,0
16859,2021-W21,Zika,0
16860,2021-W21,Ebola Virus Disease,0
16861,2021-W21,Japanese Encephalitis,0
16862,2021-W21,Tetanus,0
16863,2021-W21,Botulism,0
16864,2021-W21,Murine Typhus,0
16865,2021-W22,Cholera,0
16866,2021-W22,Paratyphoid,0
16867,2021-W22,Typhoid,1
16868,2021-W22,Acute Viral Hepatitis A,0
16869,2021-W22,Acute Viral Hepatitis E,0
16870,2021-W22,Poliomyelitis,0
16871,2021-W22,Plague,0
16872,2021-W22,Yellow Fever,0
16873,2021-W22,Dengue Fever,118
16874,2021-W22,Dengue Haemorrhagic Fever,0
16875,2021-W22,Malaria,0
16876,2021-W22,Chikungunya,0
16877,2021-W22,HFMD,0
16878,2021-W22,Diphtheria,0
16879,2021-W22,Measles,0
16880,2021-W22,Mumps,3
16881,2021-W22,Rubella,0
16882,2021-W22,SARS,0
16883,2021-W22,Nipah,0
16884,2021-W22,Acute Viral hepatitis B,2
16885,2021-W22,Encephalitis,0
16886,2021-W22,Legionellosis,0
16887,2021-W22,Campylobacter enteritis,11
16888,2021-W22,Acute Viral hepatitis C,0
16889,2021-W22,Leptospirosis,1
16890,2021-W22,Melioidosis,1
16891,2021-W22,Meningococcal Infection,0
16892,2021-W22,Pertussis,0
16893,2021-W22,Pneumococcal Disease (invasive),0
16894,2021-W22,Haemophilus influenzae type b,0
16895,2021-W22,Salmonellosis(non-enteric fevers),30
16896,2021-W22,Avian Influenza,0
16897,2021-W22,Zika,0
16898,2021-W22,Ebola Virus Disease,0
16899,2021-W22,Japanese Encephalitis,0
16900,2021-W22,Tetanus,0
16901,2021-W22,Botulism,0
16902,2021-W22,Murine Typhus,0
16903,2021-W23,Cholera,0
16904,2021-W23,Paratyphoid,0
16905,2021-W23,Typhoid,0
16906,2021-W23,Acute Viral Hepatitis A,0
16907,2021-W23,Acute Viral Hepatitis E,1
16908,2021-W23,Poliomyelitis,0
16909,2021-W23,Plague,0
16910,2021-W23,Yellow Fever,0
16911,2021-W23,Dengue Fever,137
16912,2021-W23,Dengue Haemorrhagic Fever,0
16913,2021-W23,Malaria,0
16914,2021-W23,Chikungunya,0
16915,2021-W23,HFMD,0
16916,2021-W23,Diphtheria,0
16917,2021-W23,Measles,0
16918,2021-W23,Mumps,2
16919,2021-W23,Rubella,0
16920,2021-W23,SARS,0
16921,2021-W23,Nipah,0
16922,2021-W23,Acute Viral hepatitis B,0
16923,2021-W23,Encephalitis,0
16924,2021-W23,Legionellosis,0
16925,2021-W23,Campylobacter enteritis,16
16926,2021-W23,Acute Viral hepatitis C,0
16927,2021-W23,Leptospirosis,0
16928,2021-W23,Melioidosis,1
16929,2021-W23,Meningococcal Infection,0
16930,2021-W23,Pertussis,0
16931,2021-W23,Pneumococcal Disease (invasive),0
16932,2021-W23,Haemophilus influenzae type b,0
16933,2021-W23,Salmonellosis(non-enteric fevers),28
16934,2021-W23,Avian Influenza,0
16935,2021-W23,Zika,0
16936,2021-W23,Ebola Virus Disease,0
16937,2021-W23,Japanese Encephalitis,0
16938,2021-W23,Tetanus,0
16939,2021-W23,Botulism,0
16940,2021-W23,Murine Typhus,1
16941,2021-W24,Cholera,0
16942,2021-W24,Paratyphoid,0
16943,2021-W24,Typhoid,0
16944,2021-W24,Acute Viral Hepatitis A,0
16945,2021-W24,Acute Viral Hepatitis E,1
16946,2021-W24,Poliomyelitis,0
16947,2021-W24,Plague,0
16948,2021-W24,Yellow Fever,0
16949,2021-W24,Dengue Fever,135
16950,2021-W24,Dengue Haemorrhagic Fever,0
16951,2021-W24,Malaria,1
16952,2021-W24,Chikungunya,0
16953,2021-W24,HFMD,0
16954,2021-W24,Diphtheria,0
16955,2021-W24,Measles,0
16956,2021-W24,Mumps,4
16957,2021-W24,Rubella,0
16958,2021-W24,SARS,0
16959,2021-W24,Nipah,0
16960,2021-W24,Acute Viral hepatitis B,0
16961,2021-W24,Encephalitis,0
16962,2021-W24,Legionellosis,0
16963,2021-W24,Campylobacter enteritis,9
16964,2021-W24,Acute Viral hepatitis C,0
16965,2021-W24,Leptospirosis,2
16966,2021-W24,Melioidosis,0
16967,2021-W24,Meningococcal Infection,0
16968,2021-W24,Pertussis,0
16969,2021-W24,Pneumococcal Disease (invasive),0
16970,2021-W24,Haemophilus influenzae type b,0
16971,2021-W24,Salmonellosis(non-enteric fevers),17
16972,2021-W24,Avian Influenza,0
16973,2021-W24,Zika,0
16974,2021-W24,Ebola Virus Disease,0
16975,2021-W24,Japanese Encephalitis,0
16976,2021-W24,Tetanus,0
16977,2021-W24,Botulism,0
16978,2021-W24,Murine Typhus,0
16979,2021-W25,Cholera,0
16980,2021-W25,Paratyphoid,0
16981,2021-W25,Typhoid,0
16982,2021-W25,Acute Viral Hepatitis A,0
16983,2021-W25,Acute Viral Hepatitis E,0
16984,2021-W25,Poliomyelitis,0
16985,2021-W25,Plague,0
16986,2021-W25,Yellow Fever,0
16987,2021-W25,Dengue Fever,126
16988,2021-W25,Dengue Haemorrhagic Fever,1
16989,2021-W25,Malaria,0
16990,2021-W25,Chikungunya,0
16991,2021-W25,HFMD,0
16992,2021-W25,Diphtheria,0
16993,2021-W25,Measles,0
16994,2021-W25,Mumps,4
16995,2021-W25,Rubella,0
16996,2021-W25,SARS,0
16997,2021-W25,Nipah,0
16998,2021-W25,Acute Viral hepatitis B,0
16999,2021-W25,Encephalitis,0
17000,2021-W25,Legionellosis,0
17001,2021-W25,Campylobacter enteritis,7
17002,2021-W25,Acute Viral hepatitis C,0
17003,2021-W25,Leptospirosis,0
17004,2021-W25,Melioidosis,0
17005,2021-W25,Meningococcal Infection,0
17006,2021-W25,Pertussis,0
17007,2021-W25,Pneumococcal Disease (invasive),0
17008,2021-W25,Haemophilus influenzae type b,0
17009,2021-W25,Salmonellosis(non-enteric fevers),26
17010,2021-W25,Avian Influenza,0
17011,2021-W25,Zika,0
17012,2021-W25,Ebola Virus Disease,0
17013,2021-W25,Japanese Encephalitis,0
17014,2021-W25,Tetanus,0
17015,2021-W25,Botulism,0
17016,2021-W25,Murine Typhus,0
17017,2021-W26,Cholera,0
17018,2021-W26,Paratyphoid,0
17019,2021-W26,Typhoid,0
17020,2021-W26,Acute Viral Hepatitis A,1
17021,2021-W26,Acute Viral Hepatitis E,2
17022,2021-W26,Poliomyelitis,0
17023,2021-W26,Plague,0
17024,2021-W26,Yellow Fever,0
17025,2021-W26,Dengue Fever,112
17026,2021-W26,Dengue Haemorrhagic Fever,0
17027,2021-W26,Malaria,0
17028,2021-W26,Chikungunya,0
17029,2021-W26,HFMD,0
17030,2021-W26,Diphtheria,0
17031,2021-W26,Measles,0
17032,2021-W26,Mumps,2
17033,2021-W26,Rubella,0
17034,2021-W26,SARS,0
17035,2021-W26,Nipah,0
17036,2021-W26,Acute Viral hepatitis B,1
17037,2021-W26,Encephalitis,0
17038,2021-W26,Legionellosis,0
17039,2021-W26,Campylobacter enteritis,15
17040,2021-W26,Acute Viral hepatitis C,0
17041,2021-W26,Leptospirosis,0
17042,2021-W26,Melioidosis,0
17043,2021-W26,Meningococcal Infection,0
17044,2021-W26,Pertussis,0
17045,2021-W26,Pneumococcal Disease (invasive),0
17046,2021-W26,Haemophilus influenzae type b,0
17047,2021-W26,Salmonellosis(non-enteric fevers),25
17048,2021-W26,Avian Influenza,0
17049,2021-W26,Zika,0
17050,2021-W26,Ebola Virus Disease,0
17051,2021-W26,Japanese Encephalitis,0
17052,2021-W26,Tetanus,0
17053,2021-W26,Botulism,0
17054,2021-W26,Murine Typhus,0
17055,2021-W27,Cholera,0
17056,2021-W27,Paratyphoid,0
17057,2021-W27,Typhoid,1
17058,2021-W27,Acute Viral Hepatitis A,0
17059,2021-W27,Acute Viral Hepatitis E,0
17060,2021-W27,Poliomyelitis,0
17061,2021-W27,Plague,0
17062,2021-W27,Yellow Fever,0
17063,2021-W27,Dengue Fever,104
17064,2021-W27,Dengue Haemorrhagic Fever,0
17065,2021-W27,Malaria,1
17066,2021-W27,Chikungunya,0
17067,2021-W27,HFMD,0
17068,2021-W27,Diphtheria,0
17069,2021-W27,Measles,0
17070,2021-W27,Mumps,2
17071,2021-W27,Rubella,0
17072,2021-W27,SARS,0
17073,2021-W27,Nipah,0
17074,2021-W27,Acute Viral hepatitis B,0
17075,2021-W27,Encephalitis,0
17076,2021-W27,Legionellosis,1
17077,2021-W27,Campylobacter enteritis,20
17078,2021-W27,Acute Viral hepatitis C,0
17079,2021-W27,Leptospirosis,0
17080,2021-W27,Melioidosis,1
17081,2021-W27,Meningococcal Infection,0
17082,2021-W27,Pertussis,0
17083,2021-W27,Pneumococcal Disease (invasive),1
17084,2021-W27,Haemophilus influenzae type b,0
17085,2021-W27,Salmonellosis(non-enteric fevers),26
17086,2021-W27,Avian Influenza,0
17087,2021-W27,Zika,0
17088,2021-W27,Ebola Virus Disease,0
17089,2021-W27,Japanese Encephalitis,0
17090,2021-W27,Tetanus,0
17091,2021-W27,Botulism,0
17092,2021-W27,Murine Typhus,0
17093,2021-W28,Cholera,0
17094,2021-W28,Paratyphoid,0
17095,2021-W28,Typhoid,3
17096,2021-W28,Acute Viral Hepatitis A,0
17097,2021-W28,Acute Viral Hepatitis E,1
17098,2021-W28,Poliomyelitis,0
17099,2021-W28,Plague,0
17100,2021-W28,Yellow Fever,0
17101,2021-W28,Dengue Fever,75
17102,2021-W28,Dengue Haemorrhagic Fever,0
17103,2021-W28,Malaria,0
17104,2021-W28,Chikungunya,0
17105,2021-W28,HFMD,0
17106,2021-W28,Diphtheria,0
17107,2021-W28,Measles,0
17108,2021-W28,Mumps,5
17109,2021-W28,Rubella,0
17110,2021-W28,SARS,0
17111,2021-W28,Nipah,0
17112,2021-W28,Acute Viral hepatitis B,1
17113,2021-W28,Encephalitis,0
17114,2021-W28,Legionellosis,1
17115,2021-W28,Campylobacter enteritis,17
17116,2021-W28,Acute Viral hepatitis C,1
17117,2021-W28,Leptospirosis,3
17118,2021-W28,Melioidosis,1
17119,2021-W28,Meningococcal Infection,0
17120,2021-W28,Pertussis,0
17121,2021-W28,Pneumococcal Disease (invasive),0
17122,2021-W28,Haemophilus influenzae type b,0
17123,2021-W28,Salmonellosis(non-enteric fevers),12
17124,2021-W28,Avian Influenza,0
17125,2021-W28,Zika,0
17126,2021-W28,Ebola Virus Disease,0
17127,2021-W28,Japanese Encephalitis,0
17128,2021-W28,Tetanus,0
17129,2021-W28,Botulism,0
17130,2021-W28,Murine Typhus,0
17131,2021-W29,Cholera,0
17132,2021-W29,Paratyphoid,0
17133,2021-W29,Typhoid,0
17134,2021-W29,Acute Viral Hepatitis A,0
17135,2021-W29,Acute Viral Hepatitis E,2
17136,2021-W29,Poliomyelitis,0
17137,2021-W29,Plague,0
17138,2021-W29,Yellow Fever,0
17139,2021-W29,Dengue Fever,80
17140,2021-W29,Dengue Haemorrhagic Fever,0
17141,2021-W29,Malaria,0
17142,2021-W29,Chikungunya,0
17143,2021-W29,HFMD,0
17144,2021-W29,Diphtheria,0
17145,2021-W29,Measles,0
17146,2021-W29,Mumps,5
17147,2021-W29,Rubella,0
17148,2021-W29,SARS,0
17149,2021-W29,Nipah,0
17150,2021-W29,Acute Viral hepatitis B,1
17151,2021-W29,Encephalitis,0
17152,2021-W29,Legionellosis,0
17153,2021-W29,Campylobacter enteritis,12
17154,2021-W29,Acute Viral hepatitis C,0
17155,2021-W29,Leptospirosis,0
17156,2021-W29,Melioidosis,1
17157,2021-W29,Meningococcal Infection,0
17158,2021-W29,Pertussis,0
17159,2021-W29,Pneumococcal Disease (invasive),0
17160,2021-W29,Haemophilus influenzae type b,0
17161,2021-W29,Salmonellosis(non-enteric fevers),19
17162,2021-W29,Avian Influenza,0
17163,2021-W29,Zika,0
17164,2021-W29,Ebola Virus Disease,0
17165,2021-W29,Japanese Encephalitis,0
17166,2021-W29,Tetanus,0
17167,2021-W29,Botulism,0
17168,2021-W29,Murine Typhus,1
17169,2021-W30,Cholera,0
17170,2021-W30,Paratyphoid,0
17171,2021-W30,Typhoid,2
17172,2021-W30,Acute Viral Hepatitis A,0
17173,2021-W30,Acute Viral Hepatitis E,2
17174,2021-W30,Poliomyelitis,0
17175,2021-W30,Plague,0
17176,2021-W30,Yellow Fever,0
17177,2021-W30,Dengue Fever,82
17178,2021-W30,Dengue Haemorrhagic Fever,0
17179,2021-W30,Malaria,0
17180,2021-W30,Chikungunya,0
17181,2021-W30,HFMD,0
17182,2021-W30,Diphtheria,0
17183,2021-W30,Measles,0
17184,2021-W30,Mumps,6
17185,2021-W30,Rubella,0
17186,2021-W30,SARS,0
17187,2021-W30,Nipah,0
17188,2021-W30,Acute Viral hepatitis B,0
17189,2021-W30,Encephalitis,0
17190,2021-W30,Legionellosis,2
17191,2021-W30,Campylobacter enteritis,21
17192,2021-W30,Acute Viral hepatitis C,0
17193,2021-W30,Leptospirosis,0
17194,2021-W30,Melioidosis,3
17195,2021-W30,Meningococcal Infection,0
17196,2021-W30,Pertussis,0
17197,2021-W30,Pneumococcal Disease (invasive),0
17198,2021-W30,Haemophilus influenzae type b,0
17199,2021-W30,Salmonellosis(non-enteric fevers),23
17200,2021-W30,Avian Influenza,0
17201,2021-W30,Zika,0
17202,2021-W30,Ebola Virus Disease,0
17203,2021-W30,Japanese Encephalitis,0
17204,2021-W30,Tetanus,0
17205,2021-W30,Botulism,0
17206,2021-W30,Murine Typhus,0
17207,2021-W31,Cholera,0
17208,2021-W31,Paratyphoid,0
17209,2021-W31,Typhoid,0
17210,2021-W31,Acute Viral Hepatitis A,0
17211,2021-W31,Acute Viral Hepatitis E,1
17212,2021-W31,Poliomyelitis,0
17213,2021-W31,Plague,0
17214,2021-W31,Yellow Fever,0
17215,2021-W31,Dengue Fever,70
17216,2021-W31,Dengue Haemorrhagic Fever,0
17217,2021-W31,Malaria,0
17218,2021-W31,Chikungunya,0
17219,2021-W31,HFMD,0
17220,2021-W31,Diphtheria,0
17221,2021-W31,Measles,0
17222,2021-W31,Mumps,0
17223,2021-W31,Rubella,0
17224,2021-W31,SARS,0
17225,2021-W31,Nipah,0
17226,2021-W31,Acute Viral hepatitis B,0
17227,2021-W31,Encephalitis,0
17228,2021-W31,Legionellosis,0
17229,2021-W31,Campylobacter enteritis,11
17230,2021-W31,Acute Viral hepatitis C,0
17231,2021-W31,Leptospirosis,1
17232,2021-W31,Melioidosis,1
17233,2021-W31,Meningococcal Infection,0
17234,2021-W31,Pertussis,0
17235,2021-W31,Pneumococcal Disease (invasive),1
17236,2021-W31,Haemophilus influenzae type b,0
17237,2021-W31,Salmonellosis(non-enteric fevers),29
17238,2021-W31,Avian Influenza,0
17239,2021-W31,Zika,0
17240,2021-W31,Ebola Virus Disease,0
17241,2021-W31,Japanese Encephalitis,0
17242,2021-W31,Tetanus,0
17243,2021-W31,Botulism,0
17244,2021-W31,Murine Typhus,0
17245,2021-W32,Cholera,0
17246,2021-W32,Paratyphoid,0
17247,2021-W32,Typhoid,1
17248,2021-W32,Acute Viral Hepatitis A,0
17249,2021-W32,Acute Viral Hepatitis E,0
17250,2021-W32,Poliomyelitis,0
17251,2021-W32,Plague,0
17252,2021-W32,Yellow Fever,0
17253,2021-W32,Dengue Fever,81
17254,2021-W32,Dengue Haemorrhagic Fever,0
17255,2021-W32,Malaria,0
17256,2021-W32,Chikungunya,0
17257,2021-W32,HFMD,0
17258,2021-W32,Diphtheria,0
17259,2021-W32,Measles,0
17260,2021-W32,Mumps,3
17261,2021-W32,Rubella,0
17262,2021-W32,SARS,0
17263,2021-W32,Nipah,0
17264,2021-W32,Acute Viral hepatitis B,0
17265,2021-W32,Encephalitis,0
17266,2021-W32,Legionellosis,1
17267,2021-W32,Campylobacter enteritis,9
17268,2021-W32,Acute Viral hepatitis C,0
17269,2021-W32,Leptospirosis,1
17270,2021-W32,Melioidosis,0
17271,2021-W32,Meningococcal Infection,0
17272,2021-W32,Pertussis,0
17273,2021-W32,Pneumococcal Disease (invasive),0
17274,2021-W32,Haemophilus influenzae type b,0
17275,2021-W32,Salmonellosis(non-enteric fevers),29
17276,2021-W32,Avian Influenza,0
17277,2021-W32,Zika,0
17278,2021-W32,Ebola Virus Disease,0
17279,2021-W32,Japanese Encephalitis,0
17280,2021-W32,Tetanus,0
17281,2021-W32,Botulism,0
17282,2021-W32,Murine Typhus,0
17283,2021-W33,Cholera,0
17284,2021-W33,Paratyphoid,0
17285,2021-W33,Typhoid,0
17286,2021-W33,Acute Viral Hepatitis A,1
17287,2021-W33,Acute Viral Hepatitis E,1
17288,2021-W33,Poliomyelitis,0
17289,2021-W33,Plague,0
17290,2021-W33,Yellow Fever,0
17291,2021-W33,Dengue Fever,56
17292,2021-W33,Dengue Haemorrhagic Fever,0
17293,2021-W33,Malaria,0
17294,2021-W33,Chikungunya,0
17295,2021-W33,HFMD,0
17296,2021-W33,Diphtheria,0
17297,2021-W33,Measles,0
17298,2021-W33,Mumps,3
17299,2021-W33,Rubella,0
17300,2021-W33,SARS,0
17301,2021-W33,Nipah,0
17302,2021-W33,Acute Viral hepatitis B,0
17303,2021-W33,Encephalitis,0
17304,2021-W33,Legionellosis,2
17305,2021-W33,Campylobacter enteritis,17
17306,2021-W33,Acute Viral hepatitis C,0
17307,2021-W33,Leptospirosis,0
17308,2021-W33,Melioidosis,0
17309,2021-W33,Meningococcal Infection,0
17310,2021-W33,Pertussis,0
17311,2021-W33,Pneumococcal Disease (invasive),0
17312,2021-W33,Haemophilus influenzae type b,0
17313,2021-W33,Salmonellosis(non-enteric fevers),30
17314,2021-W33,Avian Influenza,0
17315,2021-W33,Zika,0
17316,2021-W33,Ebola Virus Disease,0
17317,2021-W33,Japanese Encephalitis,0
17318,2021-W33,Tetanus,0
17319,2021-W33,Botulism,0
17320,2021-W33,Murine Typhus,0
17321,2021-W34,Cholera,0
17322,2021-W34,Paratyphoid,0
17323,2021-W34,Typhoid,0
17324,2021-W34,Acute Viral Hepatitis A,0
17325,2021-W34,Acute Viral Hepatitis E,1
17326,2021-W34,Poliomyelitis,0
17327,2021-W34,Plague,0
17328,2021-W34,Yellow Fever,0
17329,2021-W34,Dengue Fever,53
17330,2021-W34,Dengue Haemorrhagic Fever,0
17331,2021-W34,Malaria,0
17332,2021-W34,Chikungunya,0
17333,2021-W34,HFMD,0
17334,2021-W34,Diphtheria,0
17335,2021-W34,Measles,0
17336,2021-W34,Mumps,2
17337,2021-W34,Rubella,0
17338,2021-W34,SARS,0
17339,2021-W34,Nipah,0
17340,2021-W34,Acute Viral hepatitis B,0
17341,2021-W34,Encephalitis,0
17342,2021-W34,Legionellosis,0
17343,2021-W34,Campylobacter enteritis,7
17344,2021-W34,Acute Viral hepatitis C,1
17345,2021-W34,Leptospirosis,1
17346,2021-W34,Melioidosis,0
17347,2021-W34,Meningococcal Infection,0
17348,2021-W34,Pertussis,0
17349,2021-W34,Pneumococcal Disease (invasive),0
17350,2021-W34,Haemophilus influenzae type b,0
17351,2021-W34,Salmonellosis(non-enteric fevers),36
17352,2021-W34,Avian Influenza,0
17353,2021-W34,Zika,0
17354,2021-W34,Ebola Virus Disease,0
17355,2021-W34,Japanese Encephalitis,0
17356,2021-W34,Tetanus,0
17357,2021-W34,Botulism,0
17358,2021-W34,Murine Typhus,0
17359,2021-W35,Cholera,0
17360,2021-W35,Paratyphoid,0
17361,2021-W35,Typhoid,0
17362,2021-W35,Acute Viral Hepatitis A,0
17363,2021-W35,Acute Viral Hepatitis E,1
17364,2021-W35,Poliomyelitis,0
17365,2021-W35,Plague,0
17366,2021-W35,Yellow Fever,0
17367,2021-W35,Dengue Fever,46
17368,2021-W35,Dengue Haemorrhagic Fever,0
17369,2021-W35,Malaria,0
17370,2021-W35,Chikungunya,0
17371,2021-W35,HFMD,0
17372,2021-W35,Diphtheria,0
17373,2021-W35,Measles,0
17374,2021-W35,Mumps,2
17375,2021-W35,Rubella,0
17376,2021-W35,SARS,0
17377,2021-W35,Nipah,0
17378,2021-W35,Acute Viral hepatitis B,0
17379,2021-W35,Encephalitis,0
17380,2021-W35,Legionellosis,0
17381,2021-W35,Campylobacter enteritis,19
17382,2021-W35,Acute Viral hepatitis C,0
17383,2021-W35,Leptospirosis,0
17384,2021-W35,Melioidosis,2
17385,2021-W35,Meningococcal Infection,0
17386,2021-W35,Pertussis,0
17387,2021-W35,Pneumococcal Disease (invasive),1
17388,2021-W35,Haemophilus influenzae type b,0
17389,2021-W35,Salmonellosis(non-enteric fevers),27
17390,2021-W35,Avian Influenza,0
17391,2021-W35,Zika,0
17392,2021-W35,Ebola Virus Disease,0
17393,2021-W35,Japanese Encephalitis,0
17394,2021-W35,Tetanus,0
17395,2021-W35,Botulism,0
17396,2021-W35,Murine Typhus,0
17397,2021-W36,Cholera,0
17398,2021-W36,Paratyphoid,0
17399,2021-W36,Typhoid,2
17400,2021-W36,Acute Viral Hepatitis A,1
17401,2021-W36,Acute Viral Hepatitis E,2
17402,2021-W36,Poliomyelitis,0
17403,2021-W36,Plague,0
17404,2021-W36,Yellow Fever,0
17405,2021-W36,Dengue Fever,60
17406,2021-W36,Dengue Haemorrhagic Fever,1
17407,2021-W36,Malaria,0
17408,2021-W36,Chikungunya,0
17409,2021-W36,HFMD,0
17410,2021-W36,Diphtheria,0
17411,2021-W36,Measles,0
17412,2021-W36,Mumps,4
17413,2021-W36,Rubella,0
17414,2021-W36,SARS,0
17415,2021-W36,Nipah,0
17416,2021-W36,Acute Viral hepatitis B,0
17417,2021-W36,Encephalitis,0
17418,2021-W36,Legionellosis,0
17419,2021-W36,Campylobacter enteritis,18
17420,2021-W36,Acute Viral hepatitis C,0
17421,2021-W36,Leptospirosis,0
17422,2021-W36,Melioidosis,4
17423,2021-W36,Meningococcal Infection,0
17424,2021-W36,Pertussis,0
17425,2021-W36,Pneumococcal Disease (invasive),1
17426,2021-W36,Haemophilus influenzae type b,0
17427,2021-W36,Salmonellosis(non-enteric fevers),35
17428,2021-W36,Avian Influenza,0
17429,2021-W36,Zika,0
17430,2021-W36,Ebola Virus Disease,0
17431,2021-W36,Japanese Encephalitis,0
17432,2021-W36,Tetanus,0
17433,2021-W36,Botulism,0
17434,2021-W36,Murine Typhus,0
17435,2021-W37,Cholera,0
17436,2021-W37,Paratyphoid,0
17437,2021-W37,Typhoid,0
17438,2021-W37,Acute Viral Hepatitis A,0
17439,2021-W37,Acute Viral Hepatitis E,0
17440,2021-W37,Poliomyelitis,0
17441,2021-W37,Plague,0
17442,2021-W37,Yellow Fever,0
17443,2021-W37,Dengue Fever,74
17444,2021-W37,Dengue Haemorrhagic Fever,0
17445,2021-W37,Malaria,0
17446,2021-W37,Chikungunya,0
17447,2021-W37,HFMD,0
17448,2021-W37,Diphtheria,0
17449,2021-W37,Measles,0
17450,2021-W37,Mumps,7
17451,2021-W37,Rubella,0
17452,2021-W37,SARS,0
17453,2021-W37,Nipah,0
17454,2021-W37,Acute Viral hepatitis B,0
17455,2021-W37,Encephalitis,0
17456,2021-W37,Legionellosis,0
17457,2021-W37,Campylobacter enteritis,17
17458,2021-W37,Acute Viral hepatitis C,0
17459,2021-W37,Leptospirosis,0
17460,2021-W37,Melioidosis,0
17461,2021-W37,Meningococcal Infection,0
17462,2021-W37,Pertussis,0
17463,2021-W37,Pneumococcal Disease (invasive),2
17464,2021-W37,Haemophilus influenzae type b,0
17465,2021-W37,Salmonellosis(non-enteric fevers),19
17466,2021-W37,Avian Influenza,0
17467,2021-W37,Zika,0
17468,2021-W37,Ebola Virus Disease,0
17469,2021-W37,Japanese Encephalitis,0
17470,2021-W37,Tetanus,0
17471,2021-W37,Botulism,0
17472,2021-W37,Murine Typhus,1
17473,2021-W38,Cholera,0
17474,2021-W38,Paratyphoid,0
17475,2021-W38,Typhoid,0
17476,2021-W38,Acute Viral Hepatitis A,1
17477,2021-W38,Acute Viral Hepatitis E,0
17478,2021-W38,Poliomyelitis,0
17479,2021-W38,Plague,0
17480,2021-W38,Yellow Fever,0
17481,2021-W38,Dengue Fever,109
17482,2021-W38,Dengue Haemorrhagic Fever,1
17483,2021-W38,Malaria,0
17484,2021-W38,Chikungunya,0
17485,2021-W38,HFMD,0
17486,2021-W38,Diphtheria,0
17487,2021-W38,Measles,0
17488,2021-W38,Mumps,8
17489,2021-W38,Rubella,0
17490,2021-W38,SARS,0
17491,2021-W38,Nipah,0
17492,2021-W38,Acute Viral hepatitis B,0
17493,2021-W38,Encephalitis,0
17494,2021-W38,Legionellosis,0
17495,2021-W38,Campylobacter enteritis,9
17496,2021-W38,Acute Viral hepatitis C,1
17497,2021-W38,Leptospirosis,1
17498,2021-W38,Melioidosis,0
17499,2021-W38,Meningococcal Infection,0
17500,2021-W38,Pertussis,0
17501,2021-W38,Pneumococcal Disease (invasive),1
17502,2021-W38,Haemophilus influenzae type b,0
17503,2021-W38,Salmonellosis(non-enteric fevers),28
17504,2021-W38,Avian Influenza,0
17505,2021-W38,Zika,0
17506,2021-W38,Ebola Virus Disease,0
17507,2021-W38,Japanese Encephalitis,0
17508,2021-W38,Tetanus,0
17509,2021-W38,Botulism,0
17510,2021-W38,Murine Typhus,0
17511,2021-W39,Cholera,0
17512,2021-W39,Paratyphoid,0
17513,2021-W39,Typhoid,2
17514,2021-W39,Acute Viral Hepatitis A,1
17515,2021-W39,Acute Viral Hepatitis E,1
17516,2021-W39,Poliomyelitis,0
17517,2021-W39,Plague,0
17518,2021-W39,Yellow Fever,0
17519,2021-W39,Dengue Fever,105
17520,2021-W39,Dengue Haemorrhagic Fever,0
17521,2021-W39,Malaria,0
17522,2021-W39,Chikungunya,0
17523,2021-W39,HFMD,0
17524,2021-W39,Diphtheria,0
17525,2021-W39,Measles,0
17526,2021-W39,Mumps,3
17527,2021-W39,Rubella,0
17528,2021-W39,SARS,0
17529,2021-W39,Nipah,0
17530,2021-W39,Acute Viral hepatitis B,0
17531,2021-W39,Encephalitis,0
17532,2021-W39,Legionellosis,0
17533,2021-W39,Campylobacter enteritis,15
17534,2021-W39,Acute Viral hepatitis C,0
17535,2021-W39,Leptospirosis,0
17536,2021-W39,Melioidosis,2
17537,2021-W39,Meningococcal Infection,0
17538,2021-W39,Pertussis,0
17539,2021-W39,Pneumococcal Disease (invasive),2
17540,2021-W39,Haemophilus influenzae type b,0
17541,2021-W39,Salmonellosis(non-enteric fevers),11
17542,2021-W39,Avian Influenza,0
17543,2021-W39,Zika,0
17544,2021-W39,Ebola Virus Disease,0
17545,2021-W39,Japanese Encephalitis,0
17546,2021-W39,Tetanus,0
17547,2021-W39,Botulism,0
17548,2021-W39,Murine Typhus,1
17549,2021-W40,Cholera,0
17550,2021-W40,Paratyphoid,0
17551,2021-W40,Typhoid,0
17552,2021-W40,Acute Viral Hepatitis A,0
17553,2021-W40,Acute Viral Hepatitis E,1
17554,2021-W40,Poliomyelitis,0
17555,2021-W40,Plague,0
17556,2021-W40,Yellow Fever,0
17557,2021-W40,Dengue Fever,104
17558,2021-W40,Dengue Haemorrhagic Fever,0
17559,2021-W40,Malaria,0
17560,2021-W40,Chikungunya,0
17561,2021-W40,HFMD,0
17562,2021-W40,Diphtheria,0
17563,2021-W40,Measles,0
17564,2021-W40,Mumps,2
17565,2021-W40,Rubella,0
17566,2021-W40,SARS,0
17567,2021-W40,Nipah,0
17568,2021-W40,Acute Viral hepatitis B,1
17569,2021-W40,Encephalitis,0
17570,2021-W40,Legionellosis,0
17571,2021-W40,Campylobacter enteritis,12
17572,2021-W40,Acute Viral hepatitis C,0
17573,2021-W40,Leptospirosis,1
17574,2021-W40,Melioidosis,0
17575,2021-W40,Meningococcal Infection,0
17576,2021-W40,Pertussis,0
17577,2021-W40,Pneumococcal Disease (invasive),2
17578,2021-W40,Haemophilus influenzae type b,0
17579,2021-W40,Salmonellosis(non-enteric fevers),18
17580,2021-W40,Avian Influenza,0
17581,2021-W40,Zika,0
17582,2021-W40,Ebola Virus Disease,0
17583,2021-W40,Japanese Encephalitis,0
17584,2021-W40,Tetanus,0
17585,2021-W40,Botulism,0
17586,2021-W40,Murine Typhus,0
17587,2021-W41,Cholera,0
17588,2021-W41,Paratyphoid,0
17589,2021-W41,Typhoid,0
17590,2021-W41,Acute Viral Hepatitis A,1
17591,2021-W41,Acute Viral Hepatitis E,2
17592,2021-W41,Poliomyelitis,0
17593,2021-W41,Plague,0
17594,2021-W41,Yellow Fever,0
17595,2021-W41,Dengue Fever,85
17596,2021-W41,Dengue Haemorrhagic Fever,0
17597,2021-W41,Malaria,0
17598,2021-W41,Chikungunya,0
17599,2021-W41,HFMD,0
17600,2021-W41,Diphtheria,0
17601,2021-W41,Measles,0
17602,2021-W41,Mumps,3
17603,2021-W41,Rubella,0
17604,2021-W41,SARS,0
17605,2021-W41,Nipah,0
17606,2021-W41,Acute Viral hepatitis B,0
17607,2021-W41,Encephalitis,0
17608,2021-W41,Legionellosis,0
17609,2021-W41,Campylobacter enteritis,12
17610,2021-W41,Acute Viral hepatitis C,0
17611,2021-W41,Leptospirosis,0
17612,2021-W41,Melioidosis,1
17613,2021-W41,Meningococcal Infection,0
17614,2021-W41,Pertussis,0
17615,2021-W41,Pneumococcal Disease (invasive),1
17616,2021-W41,Haemophilus influenzae type b,0
17617,2021-W41,Salmonellosis(non-enteric fevers),22
17618,2021-W41,Avian Influenza,0
17619,2021-W41,Zika,0
17620,2021-W41,Ebola Virus Disease,0
17621,2021-W41,Japanese Encephalitis,0
17622,2021-W41,Tetanus,0
17623,2021-W41,Botulism,0
17624,2021-W41,Murine Typhus,0
17625,2021-W42,Cholera,0
17626,2021-W42,Paratyphoid,0
17627,2021-W42,Typhoid,0
17628,2021-W42,Acute Viral Hepatitis A,0
17629,2021-W42,Acute Viral Hepatitis E,1
17630,2021-W42,Poliomyelitis,0
17631,2021-W42,Plague,0
17632,2021-W42,Yellow Fever,0
17633,2021-W42,Dengue Fever,76
17634,2021-W42,Dengue Haemorrhagic Fever,0
17635,2021-W42,Malaria,0
17636,2021-W42,Chikungunya,0
17637,2021-W42,HFMD,0
17638,2021-W42,Diphtheria,0
17639,2021-W42,Measles,0
17640,2021-W42,Mumps,6
17641,2021-W42,Rubella,0
17642,2021-W42,SARS,0
17643,2021-W42,Nipah,0
17644,2021-W42,Acute Viral hepatitis B,0
17645,2021-W42,Encephalitis,0
17646,2021-W42,Legionellosis,0
17647,2021-W42,Campylobacter enteritis,10
17648,2021-W42,Acute Viral hepatitis C,0
17649,2021-W42,Leptospirosis,1
17650,2021-W42,Melioidosis,0
17651,2021-W42,Meningococcal Infection,0
17652,2021-W42,Pertussis,0
17653,2021-W42,Pneumococcal Disease (invasive),1
17654,2021-W42,Haemophilus influenzae type b,0
17655,2021-W42,Salmonellosis(non-enteric fevers),23
17656,2021-W42,Avian Influenza,0
17657,2021-W42,Zika,0
17658,2021-W42,Ebola Virus Disease,0
17659,2021-W42,Japanese Encephalitis,0
17660,2021-W42,Tetanus,0
17661,2021-W42,Botulism,0
17662,2021-W42,Murine Typhus,0
17663,2021-W43,Cholera,0
17664,2021-W43,Paratyphoid,0
17665,2021-W43,Typhoid,0
17666,2021-W43,Acute Viral Hepatitis A,1
17667,2021-W43,Acute Viral Hepatitis E,0
17668,2021-W43,Poliomyelitis,0
17669,2021-W43,Plague,0
17670,2021-W43,Yellow Fever,0
17671,2021-W43,Dengue Fever,75
17672,2021-W43,Dengue Haemorrhagic Fever,0
17673,2021-W43,Malaria,0
17674,2021-W43,Chikungunya,0
17675,2021-W43,HFMD,0
17676,2021-W43,Diphtheria,0
17677,2021-W43,Measles,0
17678,2021-W43,Mumps,3
17679,2021-W43,Rubella,0
17680,2021-W43,SARS,0
17681,2021-W43,Nipah,0
17682,2021-W43,Acute Viral hepatitis B,0
17683,2021-W43,Encephalitis,0
17684,2021-W43,Legionellosis,0
17685,2021-W43,Campylobacter enteritis,11
17686,2021-W43,Acute Viral hepatitis C,1
17687,2021-W43,Leptospirosis,1
17688,2021-W43,Melioidosis,0
17689,2021-W43,Meningococcal Infection,0
17690,2021-W43,Pertussis,0
17691,2021-W43,Pneumococcal Disease (invasive),1
17692,2021-W43,Haemophilus influenzae type b,0
17693,2021-W43,Salmonellosis(non-enteric fevers),19
17694,2021-W43,Avian Influenza,0
17695,2021-W43,Zika,0
17696,2021-W43,Ebola Virus Disease,0
17697,2021-W43,Japanese Encephalitis,0
17698,2021-W43,Tetanus,0
17699,2021-W43,Botulism,0
17700,2021-W43,Murine Typhus,0
17701,2021-W44,Cholera,0
17702,2021-W44,Paratyphoid,0
17703,2021-W44,Typhoid,0
17704,2021-W44,Acute Viral Hepatitis A,1
17705,2021-W44,Acute Viral Hepatitis E,0
17706,2021-W44,Poliomyelitis,0
17707,2021-W44,Plague,0
17708,2021-W44,Yellow Fever,0
17709,2021-W44,Dengue Fever,59
17710,2021-W44,Dengue Haemorrhagic Fever,0
17711,2021-W44,Malaria,0
17712,2021-W44,Chikungunya,0
17713,2021-W44,HFMD,0
17714,2021-W44,Diphtheria,0
17715,2021-W44,Measles,0
17716,2021-W44,Mumps,3
17717,2021-W44,Rubella,0
17718,2021-W44,SARS,0
17719,2021-W44,Nipah,0
17720,2021-W44,Acute Viral hepatitis B,0
17721,2021-W44,Encephalitis,0
17722,2021-W44,Legionellosis,0
17723,2021-W44,Campylobacter enteritis,3
17724,2021-W44,Acute Viral hepatitis C,0
17725,2021-W44,Leptospirosis,1
17726,2021-W44,Melioidosis,1
17727,2021-W44,Meningococcal Infection,0
17728,2021-W44,Pertussis,0
17729,2021-W44,Pneumococcal Disease (invasive),3
17730,2021-W44,Haemophilus influenzae type b,0
17731,2021-W44,Salmonellosis(non-enteric fevers),23
17732,2021-W44,Avian Influenza,0
17733,2021-W44,Zika,0
17734,2021-W44,Ebola Virus Disease,0
17735,2021-W44,Japanese Encephalitis,0
17736,2021-W44,Tetanus,0
17737,2021-W44,Botulism,0
17738,2021-W44,Murine Typhus,1
17739,2021-W45,Cholera,0
17740,2021-W45,Paratyphoid,0
17741,2021-W45,Typhoid,0
17742,2021-W45,Acute Viral Hepatitis A,0
17743,2021-W45,Acute Viral Hepatitis E,0
17744,2021-W45,Poliomyelitis,0
17745,2021-W45,Plague,0
17746,2021-W45,Yellow Fever,0
17747,2021-W45,Dengue Fever,42
17748,2021-W45,Dengue Haemorrhagic Fever,0
17749,2021-W45,Malaria,0
17750,2021-W45,Chikungunya,0
17751,2021-W45,HFMD,0
17752,2021-W45,Diphtheria,0
17753,2021-W45,Measles,0
17754,2021-W45,Mumps,3
17755,2021-W45,Rubella,0
17756,2021-W45,SARS,0
17757,2021-W45,Nipah,0
17758,2021-W45,Acute Viral hepatitis B,0
17759,2021-W45,Encephalitis,0
17760,2021-W45,Legionellosis,1
17761,2021-W45,Campylobacter enteritis,10
17762,2021-W45,Acute Viral hepatitis C,0
17763,2021-W45,Leptospirosis,1
17764,2021-W45,Melioidosis,1
17765,2021-W45,Meningococcal Infection,0
17766,2021-W45,Pertussis,0
17767,2021-W45,Pneumococcal Disease (invasive),0
17768,2021-W45,Haemophilus influenzae type b,0
17769,2021-W45,Salmonellosis(non-enteric fevers),13
17770,2021-W45,Avian Influenza,0
17771,2021-W45,Zika,0
17772,2021-W45,Ebola Virus Disease,0
17773,2021-W45,Japanese Encephalitis,0
17774,2021-W45,Tetanus,0
17775,2021-W45,Botulism,0
17776,2021-W45,Murine Typhus,0
17777,2021-W46,Cholera,2
17778,2021-W46,Paratyphoid,0
17779,2021-W46,Typhoid,2
17780,2021-W46,Acute Viral Hepatitis A,0
17781,2021-W46,Acute Viral Hepatitis E,0
17782,2021-W46,Poliomyelitis,0
17783,2021-W46,Plague,0
17784,2021-W46,Yellow Fever,0
17785,2021-W46,Dengue Fever,56
17786,2021-W46,Dengue Haemorrhagic Fever,0
17787,2021-W46,Malaria,0
17788,2021-W46,Chikungunya,0
17789,2021-W46,HFMD,0
17790,2021-W46,Diphtheria,0
17791,2021-W46,Measles,0
17792,2021-W46,Mumps,5
17793,2021-W46,Rubella,0
17794,2021-W46,SARS,0
17795,2021-W46,Nipah,0
17796,2021-W46,Acute Viral hepatitis B,1
17797,2021-W46,Encephalitis,0
17798,2021-W46,Legionellosis,0
17799,2021-W46,Campylobacter enteritis,15
17800,2021-W46,Acute Viral hepatitis C,1
17801,2021-W46,Leptospirosis,0
17802,2021-W46,Melioidosis,2
17803,2021-W46,Meningococcal Infection,0
17804,2021-W46,Pertussis,0
17805,2021-W46,Pneumococcal Disease (invasive),0
17806,2021-W46,Haemophilus influenzae type b,0
17807,2021-W46,Salmonellosis(non-enteric fevers),18
17808,2021-W46,Avian Influenza,0
17809,2021-W46,Zika,0
17810,2021-W46,Ebola Virus Disease,0
17811,2021-W46,Japanese Encephalitis,0
17812,2021-W46,Tetanus,0
17813,2021-W46,Botulism,0
17814,2021-W46,Murine Typhus,0
17815,2021-W47,Cholera,0
17816,2021-W47,Paratyphoid,0
17817,2021-W47,Typhoid,0
17818,2021-W47,Acute Viral Hepatitis A,0
17819,2021-W47,Acute Viral Hepatitis E,0
17820,2021-W47,Poliomyelitis,0
17821,2021-W47,Plague,0
17822,2021-W47,Yellow Fever,0
17823,2021-W47,Dengue Fever,63
17824,2021-W47,Dengue Haemorrhagic Fever,0
17825,2021-W47,Malaria,0
17826,2021-W47,Chikungunya,0
17827,2021-W47,HFMD,0
17828,2021-W47,Diphtheria,0
17829,2021-W47,Measles,0
17830,2021-W47,Mumps,4
17831,2021-W47,Rubella,0
17832,2021-W47,SARS,0
17833,2021-W47,Nipah,0
17834,2021-W47,Acute Viral hepatitis B,0
17835,2021-W47,Encephalitis,0
17836,2021-W47,Legionellosis,0
17837,2021-W47,Campylobacter enteritis,14
17838,2021-W47,Acute Viral hepatitis C,1
17839,2021-W47,Leptospirosis,1
17840,2021-W47,Melioidosis,2
17841,2021-W47,Meningococcal Infection,0
17842,2021-W47,Pertussis,0
17843,2021-W47,Pneumococcal Disease (invasive),2
17844,2021-W47,Haemophilus influenzae type b,0
17845,2021-W47,Salmonellosis(non-enteric fevers),13
17846,2021-W47,Avian Influenza,0
17847,2021-W47,Zika,0
17848,2021-W47,Ebola Virus Disease,0
17849,2021-W47,Japanese Encephalitis,0
17850,2021-W47,Tetanus,0
17851,2021-W47,Botulism,0
17852,2021-W47,Murine Typhus,0
17853,2021-W48,Cholera,0
17854,2021-W48,Paratyphoid,0
17855,2021-W48,Typhoid,0
17856,2021-W48,Acute Viral Hepatitis A,0
17857,2021-W48,Acute Viral Hepatitis E,0
17858,2021-W48,Poliomyelitis,0
17859,2021-W48,Plague,0
17860,2021-W48,Yellow Fever,0
17861,2021-W48,Dengue Fever,48
17862,2021-W48,Dengue Haemorrhagic Fever,0
17863,2021-W48,Malaria,0
17864,2021-W48,Chikungunya,0
17865,2021-W48,HFMD,0
17866,2021-W48,Diphtheria,0
17867,2021-W48,Measles,0
17868,2021-W48,Mumps,3
17869,2021-W48,Rubella,0
17870,2021-W48,SARS,0
17871,2021-W48,Nipah,0
17872,2021-W48,Acute Viral hepatitis B,0
17873,2021-W48,Encephalitis,0
17874,2021-W48,Legionellosis,0
17875,2021-W48,Campylobacter enteritis,10
17876,2021-W48,Acute Viral hepatitis C,0
17877,2021-W48,Leptospirosis,0
17878,2021-W48,Melioidosis,0
17879,2021-W48,Meningococcal Infection,0
17880,2021-W48,Pertussis,0
17881,2021-W48,Pneumococcal Disease (invasive),1
17882,2021-W48,Haemophilus influenzae type b,0
17883,2021-W48,Salmonellosis(non-enteric fevers),13
17884,2021-W48,Avian Influenza,0
17885,2021-W48,Zika,0
17886,2021-W48,Ebola Virus Disease,0
17887,2021-W48,Japanese Encephalitis,0
17888,2021-W48,Tetanus,0
17889,2021-W48,Botulism,0
17890,2021-W48,Murine Typhus,0
17891,2021-W49,Cholera,1
17892,2021-W49,Paratyphoid,0
17893,2021-W49,Typhoid,0
17894,2021-W49,Acute Viral Hepatitis A,1
17895,2021-W49,Acute Viral Hepatitis E,0
17896,2021-W49,Poliomyelitis,0
17897,2021-W49,Plague,0
17898,2021-W49,Yellow Fever,0
17899,2021-W49,Dengue Fever,64
17900,2021-W49,Dengue Haemorrhagic Fever,1
17901,2021-W49,Malaria,0
17902,2021-W49,Chikungunya,0
17903,2021-W49,HFMD,0
17904,2021-W49,Diphtheria,0
17905,2021-W49,Measles,0
17906,2021-W49,Mumps,1
17907,2021-W49,Rubella,0
17908,2021-W49,SARS,0
17909,2021-W49,Nipah,0
17910,2021-W49,Acute Viral hepatitis B,0
17911,2021-W49,Encephalitis,0
17912,2021-W49,Legionellosis,0
17913,2021-W49,Campylobacter enteritis,14
17914,2021-W49,Acute Viral hepatitis C,0
17915,2021-W49,Leptospirosis,0
17916,2021-W49,Melioidosis,0
17917,2021-W49,Meningococcal Infection,0
17918,2021-W49,Pertussis,0
17919,2021-W49,Pneumococcal Disease (invasive),2
17920,2021-W49,Haemophilus influenzae type b,0
17921,2021-W49,Salmonellosis(non-enteric fevers),13
17922,2021-W49,Avian Influenza,0
17923,2021-W49,Zika,0
17924,2021-W49,Ebola Virus Disease,0
17925,2021-W49,Japanese Encephalitis,0
17926,2021-W49,Tetanus,0
17927,2021-W49,Botulism,0
17928,2021-W49,Murine Typhus,0
17929,2021-W50,Cholera,0
17930,2021-W50,Paratyphoid,0
17931,2021-W50,Typhoid,1
17932,2021-W50,Acute Viral Hepatitis A,2
17933,2021-W50,Acute Viral Hepatitis E,1
17934,2021-W50,Poliomyelitis,0
17935,2021-W50,Plague,0
17936,2021-W50,Yellow Fever,0
17937,2021-W50,Dengue Fever,61
17938,2021-W50,Dengue Haemorrhagic Fever,0
17939,2021-W50,Malaria,0
17940,2021-W50,Chikungunya,0
17941,2021-W50,HFMD,0
17942,2021-W50,Diphtheria,0
17943,2021-W50,Measles,0
17944,2021-W50,Mumps,2
17945,2021-W50,Rubella,0
17946,2021-W50,SARS,0
17947,2021-W50,Nipah,0
17948,2021-W50,Acute Viral hepatitis B,0
17949,2021-W50,Encephalitis,0
17950,2021-W50,Legionellosis,0
17951,2021-W50,Campylobacter enteritis,14
17952,2021-W50,Acute Viral hepatitis C,0
17953,2021-W50,Leptospirosis,1
17954,2021-W50,Melioidosis,1
17955,2021-W50,Meningococcal Infection,0
17956,2021-W50,Pertussis,0
17957,2021-W50,Pneumococcal Disease (invasive),0
17958,2021-W50,Haemophilus influenzae type b,0
17959,2021-W50,Salmonellosis(non-enteric fevers),18
17960,2021-W50,Avian Influenza,0
17961,2021-W50,Zika,0
17962,2021-W50,Ebola Virus Disease,0
17963,2021-W50,Japanese Encephalitis,0
17964,2021-W50,Tetanus,0
17965,2021-W50,Botulism,1
17966,2021-W50,Murine Typhus,0
17967,2021-W51,Cholera,0
17968,2021-W51,Paratyphoid,1
17969,2021-W51,Typhoid,0
17970,2021-W51,Acute Viral Hepatitis A,0
17971,2021-W51,Acute Viral Hepatitis E,1
17972,2021-W51,Poliomyelitis,0
17973,2021-W51,Plague,0
17974,2021-W51,Yellow Fever,0
17975,2021-W51,Dengue Fever,68
17976,2021-W51,Dengue Haemorrhagic Fever,0
17977,2021-W51,Malaria,0
17978,2021-W51,Chikungunya,0
17979,2021-W51,HFMD,0
17980,2021-W51,Diphtheria,0
17981,2021-W51,Measles,0
17982,2021-W51,Mumps,4
17983,2021-W51,Rubella,0
17984,2021-W51,SARS,0
17985,2021-W51,Nipah,0
17986,2021-W51,Acute Viral hepatitis B,0
17987,2021-W51,Encephalitis,0
17988,2021-W51,Legionellosis,2
17989,2021-W51,Campylobacter enteritis,17
17990,2021-W51,Acute Viral hepatitis C,0
17991,2021-W51,Leptospirosis,0
17992,2021-W51,Melioidosis,0
17993,2021-W51,Meningococcal Infection,0
17994,2021-W51,Pertussis,0
17995,2021-W51,Pneumococcal Disease (invasive),0
17996,2021-W51,Haemophilus influenzae type b,0
17997,2021-W51,Salmonellosis(non-enteric fevers),21
17998,2021-W51,Avian Influenza,0
17999,2021-W51,Zika,0
18000,2021-W51,Ebola Virus Disease,0
18001,2021-W51,Japanese Encephalitis,0
18002,2021-W51,Tetanus,0
18003,2021-W51,Botulism,0
18004,2021-W51,Murine Typhus,0
18005,2021-W52,Cholera,0
18006,2021-W52,Paratyphoid,0
18007,2021-W52,Typhoid,0
18008,2021-W52,Acute Viral Hepatitis A,1
18009,2021-W52,Acute Viral Hepatitis E,0
18010,2021-W52,Poliomyelitis,0
18011,2021-W52,Plague,0
18012,2021-W52,Yellow Fever,0
18013,2021-W52,Dengue Fever,79
18014,2021-W52,Dengue Haemorrhagic Fever,0
18015,2021-W52,Malaria,0
18016,2021-W52,Chikungunya,0
18017,2021-W52,HFMD,0
18018,2021-W52,Diphtheria,0
18019,2021-W52,Measles,0
18020,2021-W52,Mumps,2
18021,2021-W52,Rubella,0
18022,2021-W52,SARS,0
18023,2021-W52,Nipah,0
18024,2021-W52,Acute Viral hepatitis B,1
18025,2021-W52,Encephalitis,0
18026,2021-W52,Legionellosis,0
18027,2021-W52,Campylobacter enteritis,11
18028,2021-W52,Acute Viral hepatitis C,4
18029,2021-W52,Leptospirosis,1
18030,2021-W52,Melioidosis,1
18031,2021-W52,Meningococcal Infection,0
18032,2021-W52,Pertussis,0
18033,2021-W52,Pneumococcal Disease (invasive),0
18034,2021-W52,Haemophilus influenzae type b,0
18035,2021-W52,Salmonellosis(non-enteric fevers),11
18036,2021-W52,Avian Influenza,0
18037,2021-W52,Zika,0
18038,2021-W52,Ebola Virus Disease,0
18039,2021-W52,Japanese Encephalitis,0
18040,2021-W52,Tetanus,0
18041,2021-W52,Botulism,0
18042,2021-W52,Murine Typhus,1
18043,2022-W01,Cholera,0
18044,2022-W01,Paratyphoid,0
18045,2022-W01,Typhoid,1
18046,2022-W01,Acute Viral Hepatitis A,0
18047,2022-W01,Acute Viral Hepatitis E,3
18048,2022-W01,Poliomyelitis,0
18049,2022-W01,Plague,0
18050,2022-W01,Yellow Fever,0
18051,2022-W01,Dengue Fever,106
18052,2022-W01,Dengue Haemorrhagic Fever,0
18053,2022-W01,Malaria,0
18054,2022-W01,Chikungunya,0
18055,2022-W01,HFMD,0
18056,2022-W01,Diphtheria,0
18057,2022-W01,Measles,0
18058,2022-W01,Mumps,0
18059,2022-W01,Rubella,0
18060,2022-W01,SARS,0
18061,2022-W01,Nipah,0
18062,2022-W01,Acute Viral hepatitis B,0
18063,2022-W01,Encephalitis,0
18064,2022-W01,Legionellosis,0
18065,2022-W01,Campylobacter enteritis,17
18066,2022-W01,Acute Viral hepatitis C,0
18067,2022-W01,Leptospirosis,2
18068,2022-W01,Melioidosis,1
18069,2022-W01,Meningococcal Infection,0
18070,2022-W01,Pertussis,0
18071,2022-W01,Pneumococcal Disease (invasive),1
18072,2022-W01,Haemophilus influenzae type b,0
18073,2022-W01,Salmonellosis(non-enteric fevers),24
18074,2022-W01,Avian Influenza,0
18075,2022-W01,Zika,0
18076,2022-W01,Ebola Virus Disease,0
18077,2022-W01,Japanese Encephalitis,0
18078,2022-W01,Tetanus,0
18079,2022-W01,Botulism,0
18080,2022-W01,Murine Typhus,2
18081,2022-W01,Monkeypox,0
18082,2022-W02,Cholera,0
18083,2022-W02,Paratyphoid,0
18084,2022-W02,Typhoid,1
18085,2022-W02,Acute Viral Hepatitis A,1
18086,2022-W02,Acute Viral Hepatitis E,0
18087,2022-W02,Poliomyelitis,0
18088,2022-W02,Plague,0
18089,2022-W02,Yellow Fever,0
18090,2022-W02,Dengue Fever,146
18091,2022-W02,Dengue Haemorrhagic Fever,0
18092,2022-W02,Malaria,0
18093,2022-W02,Chikungunya,0
18094,2022-W02,HFMD,0
18095,2022-W02,Diphtheria,0
18096,2022-W02,Measles,0
18097,2022-W02,Mumps,1
18098,2022-W02,Rubella,0
18099,2022-W02,SARS,0
18100,2022-W02,Nipah,0
18101,2022-W02,Acute Viral hepatitis B,0
18102,2022-W02,Encephalitis,0
18103,2022-W02,Legionellosis,1
18104,2022-W02,Campylobacter enteritis,19
18105,2022-W02,Acute Viral hepatitis C,0
18106,2022-W02,Leptospirosis,1
18107,2022-W02,Melioidosis,0
18108,2022-W02,Meningococcal Infection,0
18109,2022-W02,Pertussis,0
18110,2022-W02,Pneumococcal Disease (invasive),1
18111,2022-W02,Haemophilus influenzae type b,0
18112,2022-W02,Salmonellosis(non-enteric fevers),18
18113,2022-W02,Avian Influenza,0
18114,2022-W02,Zika,0
18115,2022-W02,Ebola Virus Disease,0
18116,2022-W02,Japanese Encephalitis,0
18117,2022-W02,Tetanus,0
18118,2022-W02,Botulism,0
18119,2022-W02,Murine Typhus,0
18120,2022-W02,Monkeypox,0
18121,2022-W03,Cholera,0
18122,2022-W03,Paratyphoid,0
18123,2022-W03,Typhoid,2
18124,2022-W03,Acute Viral Hepatitis A,0
18125,2022-W03,Acute Viral Hepatitis E,0
18126,2022-W03,Poliomyelitis,0
18127,2022-W03,Plague,0
18128,2022-W03,Yellow Fever,0
18129,2022-W03,Dengue Fever,178
18130,2022-W03,Dengue Haemorrhagic Fever,2
18131,2022-W03,Malaria,0
18132,2022-W03,Chikungunya,0
18133,2022-W03,HFMD,0
18134,2022-W03,Diphtheria,0
18135,2022-W03,Measles,0
18136,2022-W03,Mumps,2
18137,2022-W03,Rubella,0
18138,2022-W03,SARS,0
18139,2022-W03,Nipah,0
18140,2022-W03,Acute Viral hepatitis B,1
18141,2022-W03,Encephalitis,0
18142,2022-W03,Legionellosis,1
18143,2022-W03,Campylobacter enteritis,13
18144,2022-W03,Acute Viral hepatitis C,2
18145,2022-W03,Leptospirosis,0
18146,2022-W03,Melioidosis,1
18147,2022-W03,Meningococcal Infection,0
18148,2022-W03,Pertussis,0
18149,2022-W03,Pneumococcal Disease (invasive),1
18150,2022-W03,Haemophilus influenzae type b,0
18151,2022-W03,Salmonellosis(non-enteric fevers),16
18152,2022-W03,Avian Influenza,0
18153,2022-W03,Zika,0
18154,2022-W03,Ebola Virus Disease,0
18155,2022-W03,Japanese Encephalitis,0
18156,2022-W03,Tetanus,0
18157,2022-W03,Botulism,0
18158,2022-W03,Murine Typhus,0
18159,2022-W03,Monkeypox,0
18160,2022-W04,Cholera,0
18161,2022-W04,Paratyphoid,0
18162,2022-W04,Typhoid,1
18163,2022-W04,Acute Viral Hepatitis A,0
18164,2022-W04,Acute Viral Hepatitis E,1
18165,2022-W04,Poliomyelitis,0
18166,2022-W04,Plague,0
18167,2022-W04,Yellow Fever,0
18168,2022-W04,Dengue Fever,169
18169,2022-W04,Dengue Haemorrhagic Fever,2
18170,2022-W04,Malaria,0
18171,2022-W04,Chikungunya,0
18172,2022-W04,HFMD,0
18173,2022-W04,Diphtheria,0
18174,2022-W04,Measles,0
18175,2022-W04,Mumps,1
18176,2022-W04,Rubella,0
18177,2022-W04,SARS,0
18178,2022-W04,Nipah,0
18179,2022-W04,Acute Viral hepatitis B,1
18180,2022-W04,Encephalitis,0
18181,2022-W04,Legionellosis,0
18182,2022-W04,Campylobacter enteritis,17
18183,2022-W04,Acute Viral hepatitis C,0
18184,2022-W04,Leptospirosis,2
18185,2022-W04,Melioidosis,2
18186,2022-W04,Meningococcal Infection,1
18187,2022-W04,Pertussis,0
18188,2022-W04,Pneumococcal Disease (invasive),0
18189,2022-W04,Haemophilus influenzae type b,0
18190,2022-W04,Salmonellosis(non-enteric fevers),15
18191,2022-W04,Avian Influenza,0
18192,2022-W04,Zika,0
18193,2022-W04,Ebola Virus Disease,0
18194,2022-W04,Japanese Encephalitis,0
18195,2022-W04,Tetanus,0
18196,2022-W04,Botulism,0
18197,2022-W04,Murine Typhus,0
18198,2022-W04,Monkeypox,0
18199,2022-W05,Cholera,0
18200,2022-W05,Paratyphoid,0
18201,2022-W05,Typhoid,3
18202,2022-W05,Acute Viral Hepatitis A,0
18203,2022-W05,Acute Viral Hepatitis E,0
18204,2022-W05,Poliomyelitis,0
18205,2022-W05,Plague,0
18206,2022-W05,Yellow Fever,0
18207,2022-W05,Dengue Fever,153
18208,2022-W05,Dengue Haemorrhagic Fever,1
18209,2022-W05,Malaria,1
18210,2022-W05,Chikungunya,0
18211,2022-W05,HFMD,0
18212,2022-W05,Diphtheria,0
18213,2022-W05,Measles,0
18214,2022-W05,Mumps,1
18215,2022-W05,Rubella,0
18216,2022-W05,SARS,0
18217,2022-W05,Nipah,0
18218,2022-W05,Acute Viral hepatitis B,1
18219,2022-W05,Encephalitis,0
18220,2022-W05,Legionellosis,1
18221,2022-W05,Campylobacter enteritis,17
18222,2022-W05,Acute Viral hepatitis C,0
18223,2022-W05,Leptospirosis,0
18224,2022-W05,Melioidosis,1
18225,2022-W05,Meningococcal Infection,0
18226,2022-W05,Pertussis,0
18227,2022-W05,Pneumococcal Disease (invasive),0
18228,2022-W05,Haemophilus influenzae type b,0
18229,2022-W05,Salmonellosis(non-enteric fevers),16
18230,2022-W05,Avian Influenza,0
18231,2022-W05,Zika,0
18232,2022-W05,Ebola Virus Disease,0
18233,2022-W05,Japanese Encephalitis,0
18234,2022-W05,Tetanus,0
18235,2022-W05,Botulism,0
18236,2022-W05,Murine Typhus,1
18237,2022-W05,Monkeypox,0
18238,2022-W06,Cholera,0
18239,2022-W06,Paratyphoid,2
18240,2022-W06,Typhoid,0
18241,2022-W06,Acute Viral Hepatitis A,0
18242,2022-W06,Acute Viral Hepatitis E,0
18243,2022-W06,Poliomyelitis,0
18244,2022-W06,Plague,0
18245,2022-W06,Yellow Fever,0
18246,2022-W06,Dengue Fever,168
18247,2022-W06,Dengue Haemorrhagic Fever,1
18248,2022-W06,Malaria,0
18249,2022-W06,Chikungunya,0
18250,2022-W06,HFMD,0
18251,2022-W06,Diphtheria,0
18252,2022-W06,Measles,0
18253,2022-W06,Mumps,7
18254,2022-W06,Rubella,0
18255,2022-W06,SARS,0
18256,2022-W06,Nipah,0
18257,2022-W06,Acute Viral hepatitis B,1
18258,2022-W06,Encephalitis,0
18259,2022-W06,Legionellosis,0
18260,2022-W06,Campylobacter enteritis,11
18261,2022-W06,Acute Viral hepatitis C,0
18262,2022-W06,Leptospirosis,0
18263,2022-W06,Melioidosis,1
18264,2022-W06,Meningococcal Infection,0
18265,2022-W06,Pertussis,0
18266,2022-W06,Pneumococcal Disease (invasive),0
18267,2022-W06,Haemophilus influenzae type b,0
18268,2022-W06,Salmonellosis(non-enteric fevers),23
18269,2022-W06,Avian Influenza,0
18270,2022-W06,Zika,0
18271,2022-W06,Ebola Virus Disease,0
18272,2022-W06,Japanese Encephalitis,0
18273,2022-W06,Tetanus,0
18274,2022-W06,Botulism,0
18275,2022-W06,Murine Typhus,0
18276,2022-W06,Monkeypox,0
18277,2022-W07,Cholera,0
18278,2022-W07,Paratyphoid,0
18279,2022-W07,Typhoid,0
18280,2022-W07,Acute Viral Hepatitis A,0
18281,2022-W07,Acute Viral Hepatitis E,0
18282,2022-W07,Poliomyelitis,0
18283,2022-W07,Plague,0
18284,2022-W07,Yellow Fever,0
18285,2022-W07,Dengue Fever,206
18286,2022-W07,Dengue Haemorrhagic Fever,0
18287,2022-W07,Malaria,0
18288,2022-W07,Chikungunya,0
18289,2022-W07,HFMD,0
18290,2022-W07,Diphtheria,0
18291,2022-W07,Measles,0
18292,2022-W07,Mumps,0
18293,2022-W07,Rubella,0
18294,2022-W07,SARS,0
18295,2022-W07,Nipah,0
18296,2022-W07,Acute Viral hepatitis B,0
18297,2022-W07,Encephalitis,0
18298,2022-W07,Legionellosis,0
18299,2022-W07,Campylobacter enteritis,12
18300,2022-W07,Acute Viral hepatitis C,0
18301,2022-W07,Leptospirosis,1
18302,2022-W07,Melioidosis,0
18303,2022-W07,Meningococcal Infection,0
18304,2022-W07,Pertussis,0
18305,2022-W07,Pneumococcal Disease (invasive),0
18306,2022-W07,Haemophilus influenzae type b,0
18307,2022-W07,Salmonellosis(non-enteric fevers),22
18308,2022-W07,Avian Influenza,0
18309,2022-W07,Zika,0
18310,2022-W07,Ebola Virus Disease,0
18311,2022-W07,Japanese Encephalitis,0
18312,2022-W07,Tetanus,0
18313,2022-W07,Botulism,0
18314,2022-W07,Murine Typhus,1
18315,2022-W07,Monkeypox,0
18316,2022-W08,Cholera,0
18317,2022-W08,Paratyphoid,0
18318,2022-W08,Typhoid,0
18319,2022-W08,Acute Viral Hepatitis A,0
18320,2022-W08,Acute Viral Hepatitis E,0
18321,2022-W08,Poliomyelitis,0
18322,2022-W08,Plague,0
18323,2022-W08,Yellow Fever,0
18324,2022-W08,Dengue Fever,200
18325,2022-W08,Dengue Haemorrhagic Fever,1
18326,2022-W08,Malaria,0
18327,2022-W08,Chikungunya,0
18328,2022-W08,HFMD,0
18329,2022-W08,Diphtheria,0
18330,2022-W08,Measles,0
18331,2022-W08,Mumps,5
18332,2022-W08,Rubella,0
18333,2022-W08,SARS,0
18334,2022-W08,Nipah,0
18335,2022-W08,Acute Viral hepatitis B,1
18336,2022-W08,Encephalitis,0
18337,2022-W08,Legionellosis,1
18338,2022-W08,Campylobacter enteritis,13
18339,2022-W08,Acute Viral hepatitis C,0
18340,2022-W08,Leptospirosis,0
18341,2022-W08,Melioidosis,1
18342,2022-W08,Meningococcal Infection,0
18343,2022-W08,Pertussis,0
18344,2022-W08,Pneumococcal Disease (invasive),1
18345,2022-W08,Haemophilus influenzae type b,0
18346,2022-W08,Salmonellosis(non-enteric fevers),21
18347,2022-W08,Avian Influenza,0
18348,2022-W08,Zika,0
18349,2022-W08,Ebola Virus Disease,0
18350,2022-W08,Japanese Encephalitis,0
18351,2022-W08,Tetanus,0
18352,2022-W08,Botulism,0
18353,2022-W08,Murine Typhus,0
18354,2022-W08,Monkeypox,0
18355,2022-W09,Cholera,0
18356,2022-W09,Paratyphoid,0
18357,2022-W09,Typhoid,2
18358,2022-W09,Acute Viral Hepatitis A,0
18359,2022-W09,Acute Viral Hepatitis E,0
18360,2022-W09,Poliomyelitis,0
18361,2022-W09,Plague,0
18362,2022-W09,Yellow Fever,0
18363,2022-W09,Dengue Fever,263
18364,2022-W09,Dengue Haemorrhagic Fever,0
18365,2022-W09,Malaria,0
18366,2022-W09,Chikungunya,0
18367,2022-W09,HFMD,0
18368,2022-W09,Diphtheria,0
18369,2022-W09,Measles,0
18370,2022-W09,Mumps,0
18371,2022-W09,Rubella,0
18372,2022-W09,SARS,0
18373,2022-W09,Nipah,0
18374,2022-W09,Acute Viral hepatitis B,1
18375,2022-W09,Encephalitis,0
18376,2022-W09,Legionellosis,0
18377,2022-W09,Campylobacter enteritis,14
18378,2022-W09,Acute Viral hepatitis C,0
18379,2022-W09,Leptospirosis,0
18380,2022-W09,Melioidosis,2
18381,2022-W09,Meningococcal Infection,0
18382,2022-W09,Pertussis,0
18383,2022-W09,Pneumococcal Disease (invasive),0
18384,2022-W09,Haemophilus influenzae type b,0
18385,2022-W09,Salmonellosis(non-enteric fevers),25
18386,2022-W09,Avian Influenza,0
18387,2022-W09,Zika,0
18388,2022-W09,Ebola Virus Disease,0
18389,2022-W09,Japanese Encephalitis,0
18390,2022-W09,Tetanus,0
18391,2022-W09,Botulism,0
18392,2022-W09,Murine Typhus,0
18393,2022-W09,Monkeypox,0
18394,2022-W10,Cholera,1
18395,2022-W10,Paratyphoid,0
18396,2022-W10,Typhoid,0
18397,2022-W10,Acute Viral Hepatitis A,1
18398,2022-W10,Acute Viral Hepatitis E,0
18399,2022-W10,Poliomyelitis,0
18400,2022-W10,Plague,0
18401,2022-W10,Yellow Fever,0
18402,2022-W10,Dengue Fever,369
18403,2022-W10,Dengue Haemorrhagic Fever,0
18404,2022-W10,Malaria,0
18405,2022-W10,Chikungunya,0
18406,2022-W10,HFMD,0
18407,2022-W10,Diphtheria,0
18408,2022-W10,Measles,0
18409,2022-W10,Mumps,1
18410,2022-W10,Rubella,0
18411,2022-W10,SARS,0
18412,2022-W10,Nipah,0
18413,2022-W10,Acute Viral hepatitis B,1
18414,2022-W10,Encephalitis,0
18415,2022-W10,Legionellosis,0
18416,2022-W10,Campylobacter enteritis,13
18417,2022-W10,Acute Viral hepatitis C,1
18418,2022-W10,Leptospirosis,0
18419,2022-W10,Melioidosis,2
18420,2022-W10,Meningococcal Infection,0
18421,2022-W10,Pertussis,0
18422,2022-W10,Pneumococcal Disease (invasive),2
18423,2022-W10,Haemophilus influenzae type b,0
18424,2022-W10,Salmonellosis(non-enteric fevers),28
18425,2022-W10,Avian Influenza,0
18426,2022-W10,Zika,0
18427,2022-W10,Ebola Virus Disease,0
18428,2022-W10,Japanese Encephalitis,0
18429,2022-W10,Tetanus,0
18430,2022-W10,Botulism,0
18431,2022-W10,Murine Typhus,0
18432,2022-W10,Monkeypox,0
18433,2022-W11,Cholera,0
18434,2022-W11,Paratyphoid,1
18435,2022-W11,Typhoid,0
18436,2022-W11,Acute Viral Hepatitis A,0
18437,2022-W11,Acute Viral Hepatitis E,0
18438,2022-W11,Poliomyelitis,0
18439,2022-W11,Plague,0
18440,2022-W11,Yellow Fever,0
18441,2022-W11,Dengue Fever,421
18442,2022-W11,Dengue Haemorrhagic Fever,0
18443,2022-W11,Malaria,0
18444,2022-W11,Chikungunya,0
18445,2022-W11,HFMD,0
18446,2022-W11,Diphtheria,0
18447,2022-W11,Measles,0
18448,2022-W11,Mumps,2
18449,2022-W11,Rubella,0
18450,2022-W11,SARS,0
18451,2022-W11,Nipah,0
18452,2022-W11,Acute Viral hepatitis B,0
18453,2022-W11,Encephalitis,0
18454,2022-W11,Legionellosis,0
18455,2022-W11,Campylobacter enteritis,18
18456,2022-W11,Acute Viral hepatitis C,1
18457,2022-W11,Leptospirosis,0
18458,2022-W11,Melioidosis,0
18459,2022-W11,Meningococcal Infection,0
18460,2022-W11,Pertussis,0
18461,2022-W11,Pneumococcal Disease (invasive),0
18462,2022-W11,Haemophilus influenzae type b,0
18463,2022-W11,Salmonellosis(non-enteric fevers),25
18464,2022-W11,Avian Influenza,0
18465,2022-W11,Zika,0
18466,2022-W11,Ebola Virus Disease,0
18467,2022-W11,Japanese Encephalitis,0
18468,2022-W11,Tetanus,0
18469,2022-W11,Botulism,0
18470,2022-W11,Murine Typhus,0
18471,2022-W11,Monkeypox,0
18472,2022-W12,Cholera,2
18473,2022-W12,Paratyphoid,0
18474,2022-W12,Typhoid,1
18475,2022-W12,Acute Viral Hepatitis A,0
18476,2022-W12,Acute Viral Hepatitis E,1
18477,2022-W12,Poliomyelitis,0
18478,2022-W12,Plague,0
18479,2022-W12,Yellow Fever,0
18480,2022-W12,Dengue Fever,441
18481,2022-W12,Dengue Haemorrhagic Fever,0
18482,2022-W12,Malaria,1
18483,2022-W12,Chikungunya,0
18484,2022-W12,HFMD,0
18485,2022-W12,Diphtheria,0
18486,2022-W12,Measles,0
18487,2022-W12,Mumps,4
18488,2022-W12,Rubella,0
18489,2022-W12,SARS,0
18490,2022-W12,Nipah,0
18491,2022-W12,Acute Viral hepatitis B,1
18492,2022-W12,Encephalitis,0
18493,2022-W12,Legionellosis,0
18494,2022-W12,Campylobacter enteritis,20
18495,2022-W12,Acute Viral hepatitis C,0
18496,2022-W12,Leptospirosis,0
18497,2022-W12,Melioidosis,0
18498,2022-W12,Meningococcal Infection,0
18499,2022-W12,Pertussis,0
18500,2022-W12,Pneumococcal Disease (invasive),2
18501,2022-W12,Haemophilus influenzae type b,0
18502,2022-W12,Salmonellosis(non-enteric fevers),25
18503,2022-W12,Avian Influenza,0
18504,2022-W12,Zika,0
18505,2022-W12,Ebola Virus Disease,0
18506,2022-W12,Japanese Encephalitis,0
18507,2022-W12,Tetanus,0
18508,2022-W12,Botulism,0
18509,2022-W12,Murine Typhus,0
18510,2022-W12,Monkeypox,0
18511,2022-W13,Cholera,0
18512,2022-W13,Paratyphoid,0
18513,2022-W13,Typhoid,3
18514,2022-W13,Acute Viral Hepatitis A,1
18515,2022-W13,Acute Viral Hepatitis E,1
18516,2022-W13,Poliomyelitis,0
18517,2022-W13,Plague,0
18518,2022-W13,Yellow Fever,0
18519,2022-W13,Dengue Fever,510
18520,2022-W13,Dengue Haemorrhagic Fever,0
18521,2022-W13,Malaria,0
18522,2022-W13,Chikungunya,0
18523,2022-W13,HFMD,0
18524,2022-W13,Diphtheria,0
18525,2022-W13,Measles,0
18526,2022-W13,Mumps,1
18527,2022-W13,Rubella,0
18528,2022-W13,SARS,0
18529,2022-W13,Nipah,0
18530,2022-W13,Acute Viral hepatitis B,1
18531,2022-W13,Encephalitis,0
18532,2022-W13,Legionellosis,0
18533,2022-W13,Campylobacter enteritis,17
18534,2022-W13,Acute Viral hepatitis C,1
18535,2022-W13,Leptospirosis,0
18536,2022-W13,Melioidosis,0
18537,2022-W13,Meningococcal Infection,0
18538,2022-W13,Pertussis,0
18539,2022-W13,Pneumococcal Disease (invasive),1
18540,2022-W13,Haemophilus influenzae type b,0
18541,2022-W13,Salmonellosis(non-enteric fevers),36
18542,2022-W13,Avian Influenza,0
18543,2022-W13,Zika,0
18544,2022-W13,Ebola Virus Disease,0
18545,2022-W13,Japanese Encephalitis,0
18546,2022-W13,Tetanus,0
18547,2022-W13,Botulism,0
18548,2022-W13,Murine Typhus,0
18549,2022-W13,Monkeypox,0
18550,2022-W14,Cholera,3
18551,2022-W14,Paratyphoid,0
18552,2022-W14,Typhoid,0
18553,2022-W14,Acute Viral Hepatitis A,2
18554,2022-W14,Acute Viral Hepatitis E,1
18555,2022-W14,Poliomyelitis,0
18556,2022-W14,Plague,0
18557,2022-W14,Yellow Fever,0
18558,2022-W14,Dengue Fever,642
18559,2022-W14,Dengue Haemorrhagic Fever,1
18560,2022-W14,Malaria,0
18561,2022-W14,Chikungunya,0
18562,2022-W14,HFMD,0
18563,2022-W14,Diphtheria,0
18564,2022-W14,Measles,0
18565,2022-W14,Mumps,1
18566,2022-W14,Rubella,0
18567,2022-W14,SARS,0
18568,2022-W14,Nipah,0
18569,2022-W14,Acute Viral hepatitis B,0
18570,2022-W14,Encephalitis,0
18571,2022-W14,Legionellosis,0
18572,2022-W14,Campylobacter enteritis,16
18573,2022-W14,Acute Viral hepatitis C,1
18574,2022-W14,Leptospirosis,2
18575,2022-W14,Melioidosis,0
18576,2022-W14,Meningococcal Infection,0
18577,2022-W14,Pertussis,0
18578,2022-W14,Pneumococcal Disease (invasive),1
18579,2022-W14,Haemophilus influenzae type b,0
18580,2022-W14,Salmonellosis(non-enteric fevers),33
18581,2022-W14,Avian Influenza,0
18582,2022-W14,Zika,0
18583,2022-W14,Ebola Virus Disease,0
18584,2022-W14,Japanese Encephalitis,0
18585,2022-W14,Tetanus,0
18586,2022-W14,Botulism,0
18587,2022-W14,Murine Typhus,0
18588,2022-W14,Monkeypox,0
18589,2022-W15,Cholera,0
18590,2022-W15,Paratyphoid,1
18591,2022-W15,Typhoid,0
18592,2022-W15,Acute Viral Hepatitis A,0
18593,2022-W15,Acute Viral Hepatitis E,1
18594,2022-W15,Poliomyelitis,0
18595,2022-W15,Plague,0
18596,2022-W15,Yellow Fever,0
18597,2022-W15,Dengue Fever,733
18598,2022-W15,Dengue Haemorrhagic Fever,1
18599,2022-W15,Malaria,0
18600,2022-W15,Chikungunya,0
18601,2022-W15,HFMD,0
18602,2022-W15,Diphtheria,0
18603,2022-W15,Measles,0
18604,2022-W15,Mumps,3
18605,2022-W15,Rubella,0
18606,2022-W15,SARS,0
18607,2022-W15,Nipah,0
18608,2022-W15,Acute Viral hepatitis B,1
18609,2022-W15,Encephalitis,0
18610,2022-W15,Legionellosis,0
18611,2022-W15,Campylobacter enteritis,22
18612,2022-W15,Acute Viral hepatitis C,1
18613,2022-W15,Leptospirosis,1
18614,2022-W15,Melioidosis,0
18615,2022-W15,Meningococcal Infection,0
18616,2022-W15,Pertussis,0
18617,2022-W15,Pneumococcal Disease (invasive),4
18618,2022-W15,Haemophilus influenzae type b,0
18619,2022-W15,Salmonellosis(non-enteric fevers),34
18620,2022-W15,Avian Influenza,0
18621,2022-W15,Zika,0
18622,2022-W15,Ebola Virus Disease,0
18623,2022-W15,Japanese Encephalitis,0
18624,2022-W15,Tetanus,0
18625,2022-W15,Botulism,0
18626,2022-W15,Murine Typhus,0
18627,2022-W15,Monkeypox,0
18628,2022-W16,Cholera,0
18629,2022-W16,Paratyphoid,0
18630,2022-W16,Typhoid,1
18631,2022-W16,Acute Viral Hepatitis A,0
18632,2022-W16,Acute Viral Hepatitis E,0
18633,2022-W16,Poliomyelitis,0
18634,2022-W16,Plague,0
18635,2022-W16,Yellow Fever,0
18636,2022-W16,Dengue Fever,942
18637,2022-W16,Dengue Haemorrhagic Fever,0
18638,2022-W16,Malaria,0
18639,2022-W16,Chikungunya,0
18640,2022-W16,HFMD,0
18641,2022-W16,Diphtheria,0
18642,2022-W16,Measles,0
18643,2022-W16,Mumps,5
18644,2022-W16,Rubella,0
18645,2022-W16,SARS,0
18646,2022-W16,Nipah,0
18647,2022-W16,Acute Viral hepatitis B,1
18648,2022-W16,Encephalitis,0
18649,2022-W16,Legionellosis,1
18650,2022-W16,Campylobacter enteritis,17
18651,2022-W16,Acute Viral hepatitis C,0
18652,2022-W16,Leptospirosis,0
18653,2022-W16,Melioidosis,0
18654,2022-W16,Meningococcal Infection,0
18655,2022-W16,Pertussis,0
18656,2022-W16,Pneumococcal Disease (invasive),1
18657,2022-W16,Haemophilus influenzae type b,0
18658,2022-W16,Salmonellosis(non-enteric fevers),38
18659,2022-W16,Avian Influenza,0
18660,2022-W16,Zika,0
18661,2022-W16,Ebola Virus Disease,0
18662,2022-W16,Japanese Encephalitis,0
18663,2022-W16,Tetanus,0
18664,2022-W16,Botulism,0
18665,2022-W16,Murine Typhus,0
18666,2022-W16,Monkeypox,0
18667,2022-W17,Cholera,0
18668,2022-W17,Paratyphoid,0
18669,2022-W17,Typhoid,1
18670,2022-W17,Acute Viral Hepatitis A,0
18671,2022-W17,Acute Viral Hepatitis E,0
18672,2022-W17,Poliomyelitis,0
18673,2022-W17,Plague,0
18674,2022-W17,Yellow Fever,0
18675,2022-W17,Dengue Fever,1002
18676,2022-W17,Dengue Haemorrhagic Fever,1
18677,2022-W17,Malaria,0
18678,2022-W17,Chikungunya,0
18679,2022-W17,HFMD,0
18680,2022-W17,Diphtheria,0
18681,2022-W17,Measles,0
18682,2022-W17,Mumps,3
18683,2022-W17,Rubella,0
18684,2022-W17,SARS,0
18685,2022-W17,Nipah,0
18686,2022-W17,Acute Viral hepatitis B,2
18687,2022-W17,Encephalitis,0
18688,2022-W17,Legionellosis,0
18689,2022-W17,Campylobacter enteritis,16
18690,2022-W17,Acute Viral hepatitis C,0
18691,2022-W17,Leptospirosis,1
18692,2022-W17,Melioidosis,0
18693,2022-W17,Meningococcal Infection,0
18694,2022-W17,Pertussis,0
18695,2022-W17,Pneumococcal Disease (invasive),0
18696,2022-W17,Haemophilus influenzae type b,0
18697,2022-W17,Salmonellosis(non-enteric fevers),39
18698,2022-W17,Avian Influenza,0
18699,2022-W17,Zika,0
18700,2022-W17,Ebola Virus Disease,0
18701,2022-W17,Japanese Encephalitis,0
18702,2022-W17,Tetanus,0
18703,2022-W17,Botulism,0
18704,2022-W17,Murine Typhus,0
18705,2022-W17,Monkeypox,0
18706,2022-W18,Cholera,1
18707,2022-W18,Paratyphoid,0
18708,2022-W18,Typhoid,6
18709,2022-W18,Acute Viral Hepatitis A,0
18710,2022-W18,Acute Viral Hepatitis E,1
18711,2022-W18,Poliomyelitis,0
18712,2022-W18,Plague,0
18713,2022-W18,Yellow Fever,0
18714,2022-W18,Dengue Fever,845
18715,2022-W18,Dengue Haemorrhagic Fever,1
18716,2022-W18,Malaria,1
18717,2022-W18,Chikungunya,0
18718,2022-W18,HFMD,0
18719,2022-W18,Diphtheria,0
18720,2022-W18,Measles,0
18721,2022-W18,Mumps,0
18722,2022-W18,Rubella,0
18723,2022-W18,SARS,0
18724,2022-W18,Nipah,0
18725,2022-W18,Acute Viral hepatitis B,0
18726,2022-W18,Encephalitis,0
18727,2022-W18,Legionellosis,0
18728,2022-W18,Campylobacter enteritis,14
18729,2022-W18,Acute Viral hepatitis C,0
18730,2022-W18,Leptospirosis,0
18731,2022-W18,Melioidosis,1
18732,2022-W18,Meningococcal Infection,0
18733,2022-W18,Pertussis,0
18734,2022-W18,Pneumococcal Disease (invasive),1
18735,2022-W18,Haemophilus influenzae type b,0
18736,2022-W18,Salmonellosis(non-enteric fevers),37
18737,2022-W18,Avian Influenza,0
18738,2022-W18,Zika,0
18739,2022-W18,Ebola Virus Disease,0
18740,2022-W18,Japanese Encephalitis,0
18741,2022-W18,Tetanus,0
18742,2022-W18,Botulism,0
18743,2022-W18,Murine Typhus,0
18744,2022-W18,Monkeypox,0
18745,2022-W19,Cholera,0
18746,2022-W19,Paratyphoid,1
18747,2022-W19,Typhoid,3
18748,2022-W19,Acute Viral Hepatitis A,0
18749,2022-W19,Acute Viral Hepatitis E,1
18750,2022-W19,Poliomyelitis,0
18751,2022-W19,Plague,0
18752,2022-W19,Yellow Fever,0
18753,2022-W19,Dengue Fever,1311
18754,2022-W19,Dengue Haemorrhagic Fever,4
18755,2022-W19,Malaria,1
18756,2022-W19,Chikungunya,1
18757,2022-W19,HFMD,0
18758,2022-W19,Diphtheria,0
18759,2022-W19,Measles,0
18760,2022-W19,Mumps,2
18761,2022-W19,Rubella,0
18762,2022-W19,SARS,0
18763,2022-W19,Nipah,0
18764,2022-W19,Acute Viral hepatitis B,0
18765,2022-W19,Encephalitis,0
18766,2022-W19,Legionellosis,2
18767,2022-W19,Campylobacter enteritis,17
18768,2022-W19,Acute Viral hepatitis C,2
18769,2022-W19,Leptospirosis,3
18770,2022-W19,Melioidosis,0
18771,2022-W19,Meningococcal Infection,0
18772,2022-W19,Pertussis,0
18773,2022-W19,Pneumococcal Disease (invasive),0
18774,2022-W19,Haemophilus influenzae type b,0
18775,2022-W19,Salmonellosis(non-enteric fevers),24
18776,2022-W19,Avian Influenza,0
18777,2022-W19,Zika,0
18778,2022-W19,Ebola Virus Disease,0
18779,2022-W19,Japanese Encephalitis,0
18780,2022-W19,Tetanus,0
18781,2022-W19,Botulism,0
18782,2022-W19,Murine Typhus,0
18783,2022-W19,Monkeypox,0
18784,2022-W20,Cholera,0
18785,2022-W20,Paratyphoid,0
18786,2022-W20,Typhoid,3
18787,2022-W20,Acute Viral Hepatitis A,0
18788,2022-W20,Acute Viral Hepatitis E,1
18789,2022-W20,Poliomyelitis,0
18790,2022-W20,Plague,0
18791,2022-W20,Yellow Fever,0
18792,2022-W20,Dengue Fever,1273
18793,2022-W20,Dengue Haemorrhagic Fever,3
18794,2022-W20,Malaria,0
18795,2022-W20,Chikungunya,2
18796,2022-W20,HFMD,0
18797,2022-W20,Diphtheria,0
18798,2022-W20,Measles,0
18799,2022-W20,Mumps,1
18800,2022-W20,Rubella,0
18801,2022-W20,SARS,0
18802,2022-W20,Nipah,0
18803,2022-W20,Acute Viral hepatitis B,1
18804,2022-W20,Encephalitis,0
18805,2022-W20,Legionellosis,2
18806,2022-W20,Campylobacter enteritis,17
18807,2022-W20,Acute Viral hepatitis C,1
18808,2022-W20,Leptospirosis,1
18809,2022-W20,Melioidosis,0
18810,2022-W20,Meningococcal Infection,0
18811,2022-W20,Pertussis,0
18812,2022-W20,Pneumococcal Disease (invasive),0
18813,2022-W20,Haemophilus influenzae type b,0
18814,2022-W20,Salmonellosis(non-enteric fevers),30
18815,2022-W20,Avian Influenza,0
18816,2022-W20,Zika,0
18817,2022-W20,Ebola Virus Disease,0
18818,2022-W20,Japanese Encephalitis,0
18819,2022-W20,Tetanus,0
18820,2022-W20,Botulism,0
18821,2022-W20,Murine Typhus,0
18822,2022-W20,Monkeypox,0
18823,2022-W21,Cholera,0
18824,2022-W21,Paratyphoid,0
18825,2022-W21,Typhoid,2
18826,2022-W21,Acute Viral Hepatitis A,0
18827,2022-W21,Acute Viral Hepatitis E,0
18828,2022-W21,Poliomyelitis,0
18829,2022-W21,Plague,0
18830,2022-W21,Yellow Fever,0
18831,2022-W21,Dengue Fever,1563
18832,2022-W21,Dengue Haemorrhagic Fever,4
18833,2022-W21,Malaria,1
18834,2022-W21,Chikungunya,0
18835,2022-W21,HFMD,0
18836,2022-W21,Diphtheria,0
18837,2022-W21,Measles,0
18838,2022-W21,Mumps,3
18839,2022-W21,Rubella,0
18840,2022-W21,SARS,0
18841,2022-W21,Nipah,0
18842,2022-W21,Acute Viral hepatitis B,1
18843,2022-W21,Encephalitis,0
18844,2022-W21,Legionellosis,0
18845,2022-W21,Campylobacter enteritis,17
18846,2022-W21,Acute Viral hepatitis C,0
18847,2022-W21,Leptospirosis,4
18848,2022-W21,Melioidosis,1
18849,2022-W21,Meningococcal Infection,0
18850,2022-W21,Pertussis,0
18851,2022-W21,Pneumococcal Disease (invasive),1
18852,2022-W21,Haemophilus influenzae type b,0
18853,2022-W21,Salmonellosis(non-enteric fevers),33
18854,2022-W21,Avian Influenza,0
18855,2022-W21,Zika,0
18856,2022-W21,Ebola Virus Disease,0
18857,2022-W21,Japanese Encephalitis,0
18858,2022-W21,Tetanus,0
18859,2022-W21,Botulism,0
18860,2022-W21,Murine Typhus,0
18861,2022-W21,Monkeypox,0
18862,2022-W22,Cholera,0
18863,2022-W22,Paratyphoid,0
18864,2022-W22,Typhoid,3
18865,2022-W22,Acute Viral Hepatitis A,0
18866,2022-W22,Acute Viral Hepatitis E,0
18867,2022-W22,Poliomyelitis,0
18868,2022-W22,Plague,0
18869,2022-W22,Yellow Fever,0
18870,2022-W22,Dengue Fever,1451
18871,2022-W22,Dengue Haemorrhagic Fever,3
18872,2022-W22,Malaria,2
18873,2022-W22,Chikungunya,2
18874,2022-W22,HFMD,0
18875,2022-W22,Diphtheria,0
18876,2022-W22,Measles,0
18877,2022-W22,Mumps,3
18878,2022-W22,Rubella,0
18879,2022-W22,SARS,0
18880,2022-W22,Nipah,0
18881,2022-W22,Acute Viral hepatitis B,0
18882,2022-W22,Encephalitis,0
18883,2022-W22,Legionellosis,1
18884,2022-W22,Campylobacter enteritis,18
18885,2022-W22,Acute Viral hepatitis C,0
18886,2022-W22,Leptospirosis,3
18887,2022-W22,Melioidosis,0
18888,2022-W22,Meningococcal Infection,0
18889,2022-W22,Pertussis,0
18890,2022-W22,Pneumococcal Disease (invasive),1
18891,2022-W22,Haemophilus influenzae type b,0
18892,2022-W22,Salmonellosis(non-enteric fevers),22
18893,2022-W22,Avian Influenza,0
18894,2022-W22,Zika,0
18895,2022-W22,Ebola Virus Disease,0
18896,2022-W22,Japanese Encephalitis,0
18897,2022-W22,Tetanus,0
18898,2022-W22,Botulism,0
18899,2022-W22,Murine Typhus,1
18900,2022-W22,Monkeypox,0
18901,2022-W23,Cholera,0
18902,2022-W23,Paratyphoid,0
18903,2022-W23,Typhoid,0
18904,2022-W23,Acute Viral Hepatitis A,0
18905,2022-W23,Acute Viral Hepatitis E,0
18906,2022-W23,Poliomyelitis,0
18907,2022-W23,Plague,0
18908,2022-W23,Yellow Fever,0
18909,2022-W23,Dengue Fever,1459
18910,2022-W23,Dengue Haemorrhagic Fever,1
18911,2022-W23,Malaria,0
18912,2022-W23,Chikungunya,2
18913,2022-W23,HFMD,0
18914,2022-W23,Diphtheria,0
18915,2022-W23,Measles,1
18916,2022-W23,Mumps,0
18917,2022-W23,Rubella,0
18918,2022-W23,SARS,0
18919,2022-W23,Nipah,0
18920,2022-W23,Acute Viral hepatitis B,0
18921,2022-W23,Encephalitis,0
18922,2022-W23,Legionellosis,0
18923,2022-W23,Campylobacter enteritis,22
18924,2022-W23,Acute Viral hepatitis C,1
18925,2022-W23,Leptospirosis,0
18926,2022-W23,Melioidosis,1
18927,2022-W23,Meningococcal Infection,0
18928,2022-W23,Pertussis,0
18929,2022-W23,Pneumococcal Disease (invasive),0
18930,2022-W23,Haemophilus influenzae type b,1
18931,2022-W23,Salmonellosis(non-enteric fevers),44
18932,2022-W23,Avian Influenza,0
18933,2022-W23,Zika,0
18934,2022-W23,Ebola Virus Disease,0
18935,2022-W23,Japanese Encephalitis,0
18936,2022-W23,Tetanus,0
18937,2022-W23,Botulism,0
18938,2022-W23,Murine Typhus,0
18939,2022-W23,Monkeypox,0
18940,2022-W24,Cholera,0
18941,2022-W24,Paratyphoid,0
18942,2022-W24,Typhoid,3
18943,2022-W24,Acute Viral Hepatitis A,0
18944,2022-W24,Acute Viral Hepatitis E,0
18945,2022-W24,Poliomyelitis,0
18946,2022-W24,Plague,0
18947,2022-W24,Yellow Fever,0
18948,2022-W24,Dengue Fever,1253
18949,2022-W24,Dengue Haemorrhagic Fever,1
18950,2022-W24,Malaria,0
18951,2022-W24,Chikungunya,0
18952,2022-W24,HFMD,0
18953,2022-W24,Diphtheria,0
18954,2022-W24,Measles,0
18955,2022-W24,Mumps,6
18956,2022-W24,Rubella,0
18957,2022-W24,SARS,0
18958,2022-W24,Nipah,0
18959,2022-W24,Acute Viral hepatitis B,1
18960,2022-W24,Encephalitis,0
18961,2022-W24,Legionellosis,0
18962,2022-W24,Campylobacter enteritis,14
18963,2022-W24,Acute Viral hepatitis C,0
18964,2022-W24,Leptospirosis,1
18965,2022-W24,Melioidosis,0
18966,2022-W24,Meningococcal Infection,0
18967,2022-W24,Pertussis,0
18968,2022-W24,Pneumococcal Disease (invasive),0
18969,2022-W24,Haemophilus influenzae type b,0
18970,2022-W24,Salmonellosis(non-enteric fevers),34
18971,2022-W24,Avian Influenza,0
18972,2022-W24,Zika,0
18973,2022-W24,Ebola Virus Disease,0
18974,2022-W24,Japanese Encephalitis,0
18975,2022-W24,Tetanus,0
18976,2022-W24,Botulism,0
18977,2022-W24,Murine Typhus,0
18978,2022-W24,Monkeypox,0
18979,2022-W25,Cholera,0
18980,2022-W25,Paratyphoid,0
18981,2022-W25,Typhoid,0
18982,2022-W25,Acute Viral Hepatitis A,0
18983,2022-W25,Acute Viral Hepatitis E,0
18984,2022-W25,Poliomyelitis,0
18985,2022-W25,Plague,0
18986,2022-W25,Yellow Fever,0
18987,2022-W25,Dengue Fever,1171
18988,2022-W25,Dengue Haemorrhagic Fever,1
18989,2022-W25,Malaria,0
18990,2022-W25,Chikungunya,0
18991,2022-W25,HFMD,0
18992,2022-W25,Diphtheria,0
18993,2022-W25,Measles,0
18994,2022-W25,Mumps,5
18995,2022-W25,Rubella,0
18996,2022-W25,SARS,0
18997,2022-W25,Nipah,0
18998,2022-W25,Acute Viral hepatitis B,0
18999,2022-W25,Encephalitis,0
19000,2022-W25,Legionellosis,0
19001,2022-W25,Campylobacter enteritis,9
19002,2022-W25,Acute Viral hepatitis C,0
19003,2022-W25,Leptospirosis,0
19004,2022-W25,Melioidosis,0
19005,2022-W25,Meningococcal Infection,0
19006,2022-W25,Pertussis,0
19007,2022-W25,Pneumococcal Disease (invasive),1
19008,2022-W25,Haemophilus influenzae type b,0
19009,2022-W25,Salmonellosis(non-enteric fevers),31
19010,2022-W25,Avian Influenza,0
19011,2022-W25,Zika,0
19012,2022-W25,Ebola Virus Disease,0
19013,2022-W25,Japanese Encephalitis,0
19014,2022-W25,Tetanus,0
19015,2022-W25,Botulism,0
19016,2022-W25,Murine Typhus,0
19017,2022-W25,Monkeypox,1
19018,2022-W26,Cholera,0
19019,2022-W26,Paratyphoid,0
19020,2022-W26,Typhoid,3
19021,2022-W26,Acute Viral Hepatitis A,1
19022,2022-W26,Acute Viral Hepatitis E,1
19023,2022-W26,Poliomyelitis,0
19024,2022-W26,Plague,0
19025,2022-W26,Yellow Fever,0
19026,2022-W26,Dengue Fever,1186
19027,2022-W26,Dengue Haemorrhagic Fever,1
19028,2022-W26,Malaria,0
19029,2022-W26,Chikungunya,1
19030,2022-W26,HFMD,0
19031,2022-W26,Diphtheria,0
19032,2022-W26,Measles,0
19033,2022-W26,Mumps,6
19034,2022-W26,Rubella,0
19035,2022-W26,SARS,0
19036,2022-W26,Nipah,0
19037,2022-W26,Acute Viral hepatitis B,0
19038,2022-W26,Encephalitis,0
19039,2022-W26,Legionellosis,1
19040,2022-W26,Campylobacter enteritis,14
19041,2022-W26,Acute Viral hepatitis C,0
19042,2022-W26,Leptospirosis,0
19043,2022-W26,Melioidosis,1
19044,2022-W26,Meningococcal Infection,0
19045,2022-W26,Pertussis,0
19046,2022-W26,Pneumococcal Disease (invasive),1
19047,2022-W26,Haemophilus influenzae type b,0
19048,2022-W26,Salmonellosis(non-enteric fevers),31
19049,2022-W26,Avian Influenza,0
19050,2022-W26,Zika,0
19051,2022-W26,Ebola Virus Disease,0
19052,2022-W26,Japanese Encephalitis,0
19053,2022-W26,Tetanus,0
19054,2022-W26,Botulism,0
19055,2022-W26,Murine Typhus,0
19056,2022-W26,Monkeypox,0
19057,2022-W27,Cholera,0
19058,2022-W27,Paratyphoid,0
19059,2022-W27,Typhoid,0
19060,2022-W27,Acute Viral Hepatitis A,1
19061,2022-W27,Acute Viral Hepatitis E,2
19062,2022-W27,Poliomyelitis,0
19063,2022-W27,Plague,0
19064,2022-W27,Yellow Fever,0
19065,2022-W27,Dengue Fever,1164
19066,2022-W27,Dengue Haemorrhagic Fever,0
19067,2022-W27,Malaria,0
19068,2022-W27,Chikungunya,0
19069,2022-W27,HFMD,0
19070,2022-W27,Diphtheria,0
19071,2022-W27,Measles,0
19072,2022-W27,Mumps,5
19073,2022-W27,Rubella,0
19074,2022-W27,SARS,0
19075,2022-W27,Nipah,0
19076,2022-W27,Acute Viral hepatitis B,0
19077,2022-W27,Encephalitis,0
19078,2022-W27,Legionellosis,0
19079,2022-W27,Campylobacter enteritis,10
19080,2022-W27,Acute Viral hepatitis C,0
19081,2022-W27,Leptospirosis,1
19082,2022-W27,Melioidosis,0
19083,2022-W27,Meningococcal Infection,0
19084,2022-W27,Pertussis,0
19085,2022-W27,Pneumococcal Disease (invasive),1
19086,2022-W27,Haemophilus influenzae type b,0
19087,2022-W27,Salmonellosis(non-enteric fevers),23
19088,2022-W27,Avian Influenza,0
19089,2022-W27,Zika,0
19090,2022-W27,Ebola Virus Disease,0
19091,2022-W27,Japanese Encephalitis,0
19092,2022-W27,Tetanus,0
19093,2022-W27,Botulism,0
19094,2022-W27,Murine Typhus,0
19095,2022-W27,Monkeypox,3
19096,2022-W28,Cholera,0
19097,2022-W28,Paratyphoid,1
19098,2022-W28,Typhoid,0
19099,2022-W28,Acute Viral Hepatitis A,1
19100,2022-W28,Acute Viral Hepatitis E,3
19101,2022-W28,Poliomyelitis,0
19102,2022-W28,Plague,0
19103,2022-W28,Yellow Fever,0
19104,2022-W28,Dengue Fever,918
19105,2022-W28,Dengue Haemorrhagic Fever,0
19106,2022-W28,Malaria,0
19107,2022-W28,Chikungunya,2
19108,2022-W28,HFMD,0
19109,2022-W28,Diphtheria,0
19110,2022-W28,Measles,0
19111,2022-W28,Mumps,4
19112,2022-W28,Rubella,0
19113,2022-W28,SARS,0
19114,2022-W28,Nipah,0
19115,2022-W28,Acute Viral hepatitis B,1
19116,2022-W28,Encephalitis,0
19117,2022-W28,Legionellosis,0
19118,2022-W28,Campylobacter enteritis,7
19119,2022-W28,Acute Viral hepatitis C,0
19120,2022-W28,Leptospirosis,2
19121,2022-W28,Melioidosis,1
19122,2022-W28,Meningococcal Infection,0
19123,2022-W28,Pertussis,0
19124,2022-W28,Pneumococcal Disease (invasive),3
19125,2022-W28,Haemophilus influenzae type b,0
19126,2022-W28,Salmonellosis(non-enteric fevers),33
19127,2022-W28,Avian Influenza,0
19128,2022-W28,Zika,0
19129,2022-W28,Ebola Virus Disease,0
19130,2022-W28,Japanese Encephalitis,0
19131,2022-W28,Tetanus,0
19132,2022-W28,Botulism,0
19133,2022-W28,Murine Typhus,0
19134,2022-W28,Monkeypox,2
19135,2022-W29,Cholera,0
19136,2022-W29,Paratyphoid,0
19137,2022-W29,Typhoid,4
19138,2022-W29,Acute Viral Hepatitis A,3
19139,2022-W29,Acute Viral Hepatitis E,0
19140,2022-W29,Poliomyelitis,0
19141,2022-W29,Plague,0
19142,2022-W29,Yellow Fever,0
19143,2022-W29,Dengue Fever,1035
19144,2022-W29,Dengue Haemorrhagic Fever,1
19145,2022-W29,Malaria,1
19146,2022-W29,Chikungunya,1
19147,2022-W29,HFMD,0
19148,2022-W29,Diphtheria,0
19149,2022-W29,Measles,0
19150,2022-W29,Mumps,4
19151,2022-W29,Rubella,0
19152,2022-W29,SARS,0
19153,2022-W29,Nipah,0
19154,2022-W29,Acute Viral hepatitis B,1
19155,2022-W29,Encephalitis,0
19156,2022-W29,Legionellosis,0
19157,2022-W29,Campylobacter enteritis,9
19158,2022-W29,Acute Viral hepatitis C,0
19159,2022-W29,Leptospirosis,1
19160,2022-W29,Melioidosis,0
19161,2022-W29,Meningococcal Infection,0
19162,2022-W29,Pertussis,0
19163,2022-W29,Pneumococcal Disease (invasive),1
19164,2022-W29,Haemophilus influenzae type b,0
19165,2022-W29,Salmonellosis(non-enteric fevers),35
19166,2022-W29,Avian Influenza,0
19167,2022-W29,Zika,0
19168,2022-W29,Ebola Virus Disease,0
19169,2022-W29,Japanese Encephalitis,0
19170,2022-W29,Tetanus,0
19171,2022-W29,Botulism,0
19172,2022-W29,Murine Typhus,0
19173,2022-W29,Monkeypox,0
19174,2022-W30,Cholera,0
19175,2022-W30,Paratyphoid,0
19176,2022-W30,Typhoid,2
19177,2022-W30,Acute Viral Hepatitis A,1
19178,2022-W30,Acute Viral Hepatitis E,1
19179,2022-W30,Poliomyelitis,0
19180,2022-W30,Plague,0
19181,2022-W30,Yellow Fever,0
19182,2022-W30,Dengue Fever,1092
19183,2022-W30,Dengue Haemorrhagic Fever,0
19184,2022-W30,Malaria,1
19185,2022-W30,Chikungunya,2
19186,2022-W30,HFMD,0
19187,2022-W30,Diphtheria,0
19188,2022-W30,Measles,0
19189,2022-W30,Mumps,9
19190,2022-W30,Rubella,0
19191,2022-W30,SARS,0
19192,2022-W30,Nipah,0
19193,2022-W30,Acute Viral hepatitis B,2
19194,2022-W30,Encephalitis,0
19195,2022-W30,Legionellosis,1
19196,2022-W30,Campylobacter enteritis,3
19197,2022-W30,Acute Viral hepatitis C,0
19198,2022-W30,Leptospirosis,2
19199,2022-W30,Melioidosis,1
19200,2022-W30,Meningococcal Infection,1
19201,2022-W30,Pertussis,0
19202,2022-W30,Pneumococcal Disease (invasive),0
19203,2022-W30,Haemophilus influenzae type b,0
19204,2022-W30,Salmonellosis(non-enteric fevers),18
19205,2022-W30,Avian Influenza,0
19206,2022-W30,Zika,0
19207,2022-W30,Ebola Virus Disease,0
19208,2022-W30,Japanese Encephalitis,0
19209,2022-W30,Tetanus,0
19210,2022-W30,Botulism,0
19211,2022-W30,Murine Typhus,0
19212,2022-W30,Monkeypox,5
19213,2022-W31,Cholera,0
19214,2022-W31,Paratyphoid,0
19215,2022-W31,Typhoid,2
19216,2022-W31,Acute Viral Hepatitis A,0
19217,2022-W31,Acute Viral Hepatitis E,1
19218,2022-W31,Poliomyelitis,0
19219,2022-W31,Plague,0
19220,2022-W31,Yellow Fever,0
19221,2022-W31,Dengue Fever,894
19222,2022-W31,Dengue Haemorrhagic Fever,2
19223,2022-W31,Malaria,0
19224,2022-W31,Chikungunya,1
19225,2022-W31,HFMD,0
19226,2022-W31,Diphtheria,0
19227,2022-W31,Measles,0
19228,2022-W31,Mumps,9
19229,2022-W31,Rubella,0
19230,2022-W31,SARS,0
19231,2022-W31,Nipah,0
19232,2022-W31,Acute Viral hepatitis B,0
19233,2022-W31,Encephalitis,0
19234,2022-W31,Legionellosis,1
19235,2022-W31,Campylobacter enteritis,5
19236,2022-W31,Acute Viral hepatitis C,0
19237,2022-W31,Leptospirosis,1
19238,2022-W31,Melioidosis,0
19239,2022-W31,Meningococcal Infection,0
19240,2022-W31,Pertussis,0
19241,2022-W31,Pneumococcal Disease (invasive),1
19242,2022-W31,Haemophilus influenzae type b,0
19243,2022-W31,Salmonellosis(non-enteric fevers),21
19244,2022-W31,Avian Influenza,0
19245,2022-W31,Zika,0
19246,2022-W31,Ebola Virus Disease,0
19247,2022-W31,Japanese Encephalitis,0
19248,2022-W31,Tetanus,0
19249,2022-W31,Botulism,0
19250,2022-W31,Murine Typhus,0
19251,2022-W31,Monkeypox,4
19252,2022-W32,Cholera,0
19253,2022-W32,Paratyphoid,0
19254,2022-W32,Typhoid,2
19255,2022-W32,Acute Viral Hepatitis A,0
19256,2022-W32,Acute Viral Hepatitis E,1
19257,2022-W32,Poliomyelitis,0
19258,2022-W32,Plague,0
19259,2022-W32,Yellow Fever,0
19260,2022-W32,Dengue Fever,879
19261,2022-W32,Dengue Haemorrhagic Fever,0
19262,2022-W32,Malaria,0
19263,2022-W32,Chikungunya,0
19264,2022-W32,HFMD,0
19265,2022-W32,Diphtheria,0
19266,2022-W32,Measles,1
19267,2022-W32,Mumps,6
19268,2022-W32,Rubella,0
19269,2022-W32,SARS,0
19270,2022-W32,Nipah,0
19271,2022-W32,Acute Viral hepatitis B,0
19272,2022-W32,Encephalitis,0
19273,2022-W32,Legionellosis,0
19274,2022-W32,Campylobacter enteritis,4
19275,2022-W32,Acute Viral hepatitis C,0
19276,2022-W32,Leptospirosis,2
19277,2022-W32,Melioidosis,1
19278,2022-W32,Meningococcal Infection,0
19279,2022-W32,Pertussis,0
19280,2022-W32,Pneumococcal Disease (invasive),1
19281,2022-W32,Haemophilus influenzae type b,0
19282,2022-W32,Salmonellosis(non-enteric fevers),11
19283,2022-W32,Avian Influenza,0
19284,2022-W32,Zika,0
19285,2022-W32,Ebola Virus Disease,0
19286,2022-W32,Japanese Encephalitis,0
19287,2022-W32,Tetanus,0
19288,2022-W32,Botulism,0
19289,2022-W32,Murine Typhus,1
19290,2022-W32,Monkeypox,0
19291,2022-W33,Cholera,0
19292,2022-W33,Paratyphoid,0
19293,2022-W33,Typhoid,1
19294,2022-W33,Acute Viral Hepatitis A,1
19295,2022-W33,Acute Viral Hepatitis E,0
19296,2022-W33,Poliomyelitis,0
19297,2022-W33,Plague,0
19298,2022-W33,Yellow Fever,0
19299,2022-W33,Dengue Fever,679
19300,2022-W33,Dengue Haemorrhagic Fever,0
19301,2022-W33,Malaria,0
19302,2022-W33,Chikungunya,0
19303,2022-W33,HFMD,0
19304,2022-W33,Diphtheria,0
19305,2022-W33,Measles,0
19306,2022-W33,Mumps,2
19307,2022-W33,Rubella,0
19308,2022-W33,SARS,0
19309,2022-W33,Nipah,0
19310,2022-W33,Acute Viral hepatitis B,1
19311,2022-W33,Encephalitis,0
19312,2022-W33,Legionellosis,0
19313,2022-W33,Campylobacter enteritis,6
19314,2022-W33,Acute Viral hepatitis C,0
19315,2022-W33,Leptospirosis,1
19316,2022-W33,Melioidosis,0
19317,2022-W33,Meningococcal Infection,0
19318,2022-W33,Pertussis,0
19319,2022-W33,Pneumococcal Disease (invasive),4
19320,2022-W33,Haemophilus influenzae type b,0
19321,2022-W33,Salmonellosis(non-enteric fevers),17
19322,2022-W33,Avian Influenza,0
19323,2022-W33,Zika,0
19324,2022-W33,Ebola Virus Disease,0
19325,2022-W33,Japanese Encephalitis,0
19326,2022-W33,Tetanus,0
19327,2022-W33,Botulism,0
19328,2022-W33,Murine Typhus,1
19329,2022-W33,Monkeypox,1
19330,2022-W34,Cholera,0
19331,2022-W34,Paratyphoid,0
19332,2022-W34,Typhoid,3
19333,2022-W34,Acute Viral Hepatitis A,0
19334,2022-W34,Acute Viral Hepatitis E,2
19335,2022-W34,Poliomyelitis,0
19336,2022-W34,Plague,0
19337,2022-W34,Yellow Fever,0
19338,2022-W34,Dengue Fever,661
19339,2022-W34,Dengue Haemorrhagic Fever,1
19340,2022-W34,Malaria,1
19341,2022-W34,Chikungunya,0
19342,2022-W34,HFMD,0
19343,2022-W34,Diphtheria,0
19344,2022-W34,Measles,0
19345,2022-W34,Mumps,3
19346,2022-W34,Rubella,0
19347,2022-W34,SARS,0
19348,2022-W34,Nipah,0
19349,2022-W34,Acute Viral hepatitis B,0
19350,2022-W34,Encephalitis,0
19351,2022-W34,Legionellosis,1
19352,2022-W34,Campylobacter enteritis,3
19353,2022-W34,Acute Viral hepatitis C,1
19354,2022-W34,Leptospirosis,1
19355,2022-W34,Melioidosis,0
19356,2022-W34,Meningococcal Infection,0
19357,2022-W34,Pertussis,0
19358,2022-W34,Pneumococcal Disease (invasive),1
19359,2022-W34,Haemophilus influenzae type b,0
19360,2022-W34,Salmonellosis(non-enteric fevers),26
19361,2022-W34,Avian Influenza,0
19362,2022-W34,Zika,1
19363,2022-W34,Ebola Virus Disease,0
19364,2022-W34,Japanese Encephalitis,0
19365,2022-W34,Tetanus,0
19366,2022-W34,Botulism,0
19367,2022-W34,Murine Typhus,0
19368,2022-W34,Monkeypox,0
19369,2022-W35,Cholera,0
19370,2022-W35,Paratyphoid,0
19371,2022-W35,Typhoid,3
19372,2022-W35,Acute Viral Hepatitis A,1
19373,2022-W35,Acute Viral Hepatitis E,0
19374,2022-W35,Poliomyelitis,0
19375,2022-W35,Plague,0
19376,2022-W35,Yellow Fever,0
19377,2022-W35,Dengue Fever,577
19378,2022-W35,Dengue Haemorrhagic Fever,4
19379,2022-W35,Malaria,0
19380,2022-W35,Chikungunya,0
19381,2022-W35,HFMD,0
19382,2022-W35,Diphtheria,0
19383,2022-W35,Measles,0
19384,2022-W35,Mumps,3
19385,2022-W35,Rubella,0
19386,2022-W35,SARS,0
19387,2022-W35,Nipah,0
19388,2022-W35,Acute Viral hepatitis B,1
19389,2022-W35,Encephalitis,0
19390,2022-W35,Legionellosis,1
19391,2022-W35,Campylobacter enteritis,2
19392,2022-W35,Acute Viral hepatitis C,0
19393,2022-W35,Leptospirosis,3
19394,2022-W35,Melioidosis,1
19395,2022-W35,Meningococcal Infection,0
19396,2022-W35,Pertussis,0
19397,2022-W35,Pneumococcal Disease (invasive),1
19398,2022-W35,Haemophilus influenzae type b,0
19399,2022-W35,Salmonellosis(non-enteric fevers),39
19400,2022-W35,Avian Influenza,0
19401,2022-W35,Zika,0
19402,2022-W35,Ebola Virus Disease,0
19403,2022-W35,Japanese Encephalitis,0
19404,2022-W35,Tetanus,0
19405,2022-W35,Botulism,0
19406,2022-W35,Murine Typhus,0
19407,2022-W35,Monkeypox,0
19408,2022-W36,Cholera,0
19409,2022-W36,Paratyphoid,1
19410,2022-W36,Typhoid,3
19411,2022-W36,Acute Viral Hepatitis A,0
19412,2022-W36,Acute Viral Hepatitis E,2
19413,2022-W36,Poliomyelitis,0
19414,2022-W36,Plague,0
19415,2022-W36,Yellow Fever,0
19416,2022-W36,Dengue Fever,569
19417,2022-W36,Dengue Haemorrhagic Fever,1
19418,2022-W36,Malaria,0
19419,2022-W36,Chikungunya,1
19420,2022-W36,HFMD,0
19421,2022-W36,Diphtheria,0
19422,2022-W36,Measles,0
19423,2022-W36,Mumps,5
19424,2022-W36,Rubella,0
19425,2022-W36,SARS,0
19426,2022-W36,Nipah,0
19427,2022-W36,Acute Viral hepatitis B,0
19428,2022-W36,Encephalitis,0
19429,2022-W36,Legionellosis,0
19430,2022-W36,Campylobacter enteritis,3
19431,2022-W36,Acute Viral hepatitis C,1
19432,2022-W36,Leptospirosis,0
19433,2022-W36,Melioidosis,2
19434,2022-W36,Meningococcal Infection,0
19435,2022-W36,Pertussis,0
19436,2022-W36,Pneumococcal Disease (invasive),2
19437,2022-W36,Haemophilus influenzae type b,0
19438,2022-W36,Salmonellosis(non-enteric fevers),24
19439,2022-W36,Avian Influenza,0
19440,2022-W36,Zika,0
19441,2022-W36,Ebola Virus Disease,0
19442,2022-W36,Japanese Encephalitis,0
19443,2022-W36,Tetanus,0
19444,2022-W36,Botulism,0
19445,2022-W36,Murine Typhus,0
19446,2022-W36,Monkeypox,3
19447,2022-W37,Cholera,0
19448,2022-W37,Paratyphoid,0
19449,2022-W37,Typhoid,1
19450,2022-W37,Acute Viral Hepatitis A,0
19451,2022-W37,Acute Viral Hepatitis E,0
19452,2022-W37,Poliomyelitis,0
19453,2022-W37,Plague,0
19454,2022-W37,Yellow Fever,0
19455,2022-W37,Dengue Fever,544
19456,2022-W37,Dengue Haemorrhagic Fever,0
19457,2022-W37,Malaria,1
19458,2022-W37,Chikungunya,1
19459,2022-W37,HFMD,0
19460,2022-W37,Diphtheria,0
19461,2022-W37,Measles,0
19462,2022-W37,Mumps,3
19463,2022-W37,Rubella,0
19464,2022-W37,SARS,0
19465,2022-W37,Nipah,0
19466,2022-W37,Acute Viral hepatitis B,0
19467,2022-W37,Encephalitis,0
19468,2022-W37,Legionellosis,2
19469,2022-W37,Campylobacter enteritis,4
19470,2022-W37,Acute Viral hepatitis C,1
19471,2022-W37,Leptospirosis,0
19472,2022-W37,Melioidosis,1
19473,2022-W37,Meningococcal Infection,0
19474,2022-W37,Pertussis,0
19475,2022-W37,Pneumococcal Disease (invasive),1
19476,2022-W37,Haemophilus influenzae type b,0
19477,2022-W37,Salmonellosis(non-enteric fevers),18
19478,2022-W37,Avian Influenza,0
19479,2022-W37,Zika,0
19480,2022-W37,Ebola Virus Disease,0
19481,2022-W37,Japanese Encephalitis,0
19482,2022-W37,Tetanus,0
19483,2022-W37,Botulism,0
19484,2022-W37,Murine Typhus,0
19485,2022-W37,Monkeypox,0
19486,2022-W38,Cholera,0
19487,2022-W38,Paratyphoid,0
19488,2022-W38,Typhoid,1
19489,2022-W38,Acute Viral Hepatitis A,0
19490,2022-W38,Acute Viral Hepatitis E,0
19491,2022-W38,Poliomyelitis,0
19492,2022-W38,Plague,0
19493,2022-W38,Yellow Fever,0
19494,2022-W38,Dengue Fever,472
19495,2022-W38,Dengue Haemorrhagic Fever,0
19496,2022-W38,Malaria,0
19497,2022-W38,Chikungunya,1
19498,2022-W38,HFMD,0
19499,2022-W38,Diphtheria,0
19500,2022-W38,Measles,0
19501,2022-W38,Mumps,7
19502,2022-W38,Rubella,0
19503,2022-W38,SARS,0
19504,2022-W38,Nipah,0
19505,2022-W38,Acute Viral hepatitis B,2
19506,2022-W38,Encephalitis,0
19507,2022-W38,Legionellosis,1
19508,2022-W38,Campylobacter enteritis,3
19509,2022-W38,Acute Viral hepatitis C,0
19510,2022-W38,Leptospirosis,0
19511,2022-W38,Melioidosis,0
19512,2022-W38,Meningococcal Infection,0
19513,2022-W38,Pertussis,0
19514,2022-W38,Pneumococcal Disease (invasive),2
19515,2022-W38,Haemophilus influenzae type b,0
19516,2022-W38,Salmonellosis(non-enteric fevers),19
19517,2022-W38,Avian Influenza,0
19518,2022-W38,Zika,0
19519,2022-W38,Ebola Virus Disease,0
19520,2022-W38,Japanese Encephalitis,0
19521,2022-W38,Tetanus,0
19522,2022-W38,Botulism,0
19523,2022-W38,Murine Typhus,0
19524,2022-W38,Monkeypox,0
19525,2022-W39,Cholera,0
19526,2022-W39,Paratyphoid,0
19527,2022-W39,Typhoid,0
19528,2022-W39,Acute Viral Hepatitis A,0
19529,2022-W39,Acute Viral Hepatitis E,2
19530,2022-W39,Poliomyelitis,0
19531,2022-W39,Plague,0
19532,2022-W39,Yellow Fever,0
19533,2022-W39,Dengue Fever,426
19534,2022-W39,Dengue Haemorrhagic Fever,0
19535,2022-W39,Malaria,0
19536,2022-W39,Chikungunya,1
19537,2022-W39,HFMD,0
19538,2022-W39,Diphtheria,0
19539,2022-W39,Measles,0
19540,2022-W39,Mumps,5
19541,2022-W39,Rubella,0
19542,2022-W39,SARS,0
19543,2022-W39,Nipah,0
19544,2022-W39,Acute Viral hepatitis B,1
19545,2022-W39,Encephalitis,0
19546,2022-W39,Legionellosis,2
19547,2022-W39,Campylobacter enteritis,8
19548,2022-W39,Acute Viral hepatitis C,0
19549,2022-W39,Leptospirosis,0
19550,2022-W39,Melioidosis,0
19551,2022-W39,Meningococcal Infection,0
19552,2022-W39,Pertussis,0
19553,2022-W39,Pneumococcal Disease (invasive),0
19554,2022-W39,Haemophilus influenzae type b,0
19555,2022-W39,Salmonellosis(non-enteric fevers),25
19556,2022-W39,Avian Influenza,0
19557,2022-W39,Zika,0
19558,2022-W39,Ebola Virus Disease,0
19559,2022-W39,Japanese Encephalitis,0
19560,2022-W39,Tetanus,0
19561,2022-W39,Botulism,0
19562,2022-W39,Murine Typhus,0
19563,2022-W39,Monkeypox,0
19564,2022-W40,Cholera,0
19565,2022-W40,Paratyphoid,0
19566,2022-W40,Typhoid,0
19567,2022-W40,Acute Viral Hepatitis A,0
19568,2022-W40,Acute Viral Hepatitis E,0
19569,2022-W40,Poliomyelitis,0
19570,2022-W40,Plague,0
19571,2022-W40,Yellow Fever,0
19572,2022-W40,Dengue Fever,397
19573,2022-W40,Dengue Haemorrhagic Fever,0
19574,2022-W40,Malaria,0
19575,2022-W40,Chikungunya,1
19576,2022-W40,HFMD,0
19577,2022-W40,Diphtheria,0
19578,2022-W40,Measles,0
19579,2022-W40,Mumps,4
19580,2022-W40,Rubella,0
19581,2022-W40,SARS,0
19582,2022-W40,Nipah,0
19583,2022-W40,Acute Viral hepatitis B,0
19584,2022-W40,Encephalitis,0
19585,2022-W40,Legionellosis,0
19586,2022-W40,Campylobacter enteritis,6
19587,2022-W40,Acute Viral hepatitis C,1
19588,2022-W40,Leptospirosis,1
19589,2022-W40,Melioidosis,0
19590,2022-W40,Meningococcal Infection,0
19591,2022-W40,Pertussis,0
19592,2022-W40,Pneumococcal Disease (invasive),1
19593,2022-W40,Haemophilus influenzae type b,1
19594,2022-W40,Salmonellosis(non-enteric fevers),27
19595,2022-W40,Avian Influenza,0
19596,2022-W40,Zika,0
19597,2022-W40,Ebola Virus Disease,0
19598,2022-W40,Japanese Encephalitis,0
19599,2022-W40,Tetanus,0
19600,2022-W40,Botulism,0
19601,2022-W40,Murine Typhus,0
19602,2022-W40,Monkeypox,0
19603,2022-W41,Cholera,0
19604,2022-W41,Paratyphoid,0
19605,2022-W41,Typhoid,0
19606,2022-W41,Acute Viral Hepatitis A,0
19607,2022-W41,Acute Viral Hepatitis E,1
19608,2022-W41,Poliomyelitis,0
19609,2022-W41,Plague,0
19610,2022-W41,Yellow Fever,0
19611,2022-W41,Dengue Fever,376
19612,2022-W41,Dengue Haemorrhagic Fever,0
19613,2022-W41,Malaria,0
19614,2022-W41,Chikungunya,1
19615,2022-W41,HFMD,0
19616,2022-W41,Diphtheria,0
19617,2022-W41,Measles,0
19618,2022-W41,Mumps,3
19619,2022-W41,Rubella,0
19620,2022-W41,SARS,0
19621,2022-W41,Nipah,0
19622,2022-W41,Acute Viral hepatitis B,0
19623,2022-W41,Encephalitis,0
19624,2022-W41,Legionellosis,2
19625,2022-W41,Campylobacter enteritis,6
19626,2022-W41,Acute Viral hepatitis C,1
19627,2022-W41,Leptospirosis,0
19628,2022-W41,Melioidosis,0
19629,2022-W41,Meningococcal Infection,1
19630,2022-W41,Pertussis,0
19631,2022-W41,Pneumococcal Disease (invasive),2
19632,2022-W41,Haemophilus influenzae type b,0
19633,2022-W41,Salmonellosis(non-enteric fevers),27
19634,2022-W41,Avian Influenza,0
19635,2022-W41,Zika,0
19636,2022-W41,Ebola Virus Disease,0
19637,2022-W41,Japanese Encephalitis,0
19638,2022-W41,Tetanus,0
19639,2022-W41,Botulism,0
19640,2022-W41,Murine Typhus,0
19641,2022-W41,Monkeypox,0
19642,2022-W42,Cholera,1
19643,2022-W42,Paratyphoid,0
19644,2022-W42,Typhoid,0
19645,2022-W42,Acute Viral Hepatitis A,2
19646,2022-W42,Acute Viral Hepatitis E,1
19647,2022-W42,Poliomyelitis,0
19648,2022-W42,Plague,0
19649,2022-W42,Yellow Fever,0
19650,2022-W42,Dengue Fever,373
19651,2022-W42,Dengue Haemorrhagic Fever,0
19652,2022-W42,Malaria,0
19653,2022-W42,Chikungunya,0
19654,2022-W42,HFMD,0
19655,2022-W42,Diphtheria,0
19656,2022-W42,Measles,0
19657,2022-W42,Mumps,4
19658,2022-W42,Rubella,0
19659,2022-W42,SARS,0
19660,2022-W42,Nipah,0
19661,2022-W42,Acute Viral hepatitis B,0
19662,2022-W42,Encephalitis,0
19663,2022-W42,Legionellosis,2
19664,2022-W42,Campylobacter enteritis,5
19665,2022-W42,Acute Viral hepatitis C,0
19666,2022-W42,Leptospirosis,1
19667,2022-W42,Melioidosis,2
19668,2022-W42,Meningococcal Infection,0
19669,2022-W42,Pertussis,0
19670,2022-W42,Pneumococcal Disease (invasive),4
19671,2022-W42,Haemophilus influenzae type b,0
19672,2022-W42,Salmonellosis(non-enteric fevers),23
19673,2022-W42,Avian Influenza,0
19674,2022-W42,Zika,0
19675,2022-W42,Ebola Virus Disease,0
19676,2022-W42,Japanese Encephalitis,0
19677,2022-W42,Tetanus,0
19678,2022-W42,Botulism,0
19679,2022-W42,Murine Typhus,0
19680,2022-W42,Monkeypox,0
19681,2022-W43,Cholera,0
19682,2022-W43,Paratyphoid,1
19683,2022-W43,Typhoid,1
19684,2022-W43,Acute Viral Hepatitis A,1
19685,2022-W43,Acute Viral Hepatitis E,1
19686,2022-W43,Poliomyelitis,0
19687,2022-W43,Plague,0
19688,2022-W43,Yellow Fever,0
19689,2022-W43,Dengue Fever,313
19690,2022-W43,Dengue Haemorrhagic Fever,1
19691,2022-W43,Malaria,0
19692,2022-W43,Chikungunya,0
19693,2022-W43,HFMD,0
19694,2022-W43,Diphtheria,0
19695,2022-W43,Measles,0
19696,2022-W43,Mumps,4
19697,2022-W43,Rubella,0
19698,2022-W43,SARS,0
19699,2022-W43,Nipah,0
19700,2022-W43,Acute Viral hepatitis B,0
19701,2022-W43,Encephalitis,0
19702,2022-W43,Legionellosis,2
19703,2022-W43,Campylobacter enteritis,5
19704,2022-W43,Acute Viral hepatitis C,0
19705,2022-W43,Leptospirosis,1
19706,2022-W43,Melioidosis,2
19707,2022-W43,Meningococcal Infection,0
19708,2022-W43,Pertussis,0
19709,2022-W43,Pneumococcal Disease (invasive),0
19710,2022-W43,Haemophilus influenzae type b,0
19711,2022-W43,Salmonellosis(non-enteric fevers),20
19712,2022-W43,Avian Influenza,0
19713,2022-W43,Zika,0
19714,2022-W43,Ebola Virus Disease,0
19715,2022-W43,Japanese Encephalitis,0
19716,2022-W43,Tetanus,0
19717,2022-W43,Botulism,0
19718,2022-W43,Murine Typhus,0
19719,2022-W43,Monkeypox,0
19720,2022-W44,Cholera,0
19721,2022-W44,Paratyphoid,0
19722,2022-W44,Typhoid,2
19723,2022-W44,Acute Viral Hepatitis A,1
19724,2022-W44,Acute Viral Hepatitis E,1
19725,2022-W44,Poliomyelitis,0
19726,2022-W44,Plague,0
19727,2022-W44,Yellow Fever,0
19728,2022-W44,Dengue Fever,317
19729,2022-W44,Dengue Haemorrhagic Fever,1
19730,2022-W44,Malaria,1
19731,2022-W44,Chikungunya,3
19732,2022-W44,HFMD,0
19733,2022-W44,Diphtheria,0
19734,2022-W44,Measles,1
19735,2022-W44,Mumps,7
19736,2022-W44,Rubella,0
19737,2022-W44,SARS,0
19738,2022-W44,Nipah,0
19739,2022-W44,Acute Viral hepatitis B,1
19740,2022-W44,Encephalitis,0
19741,2022-W44,Legionellosis,0
19742,2022-W44,Campylobacter enteritis,8
19743,2022-W44,Acute Viral hepatitis C,0
19744,2022-W44,Leptospirosis,1
19745,2022-W44,Melioidosis,3
19746,2022-W44,Meningococcal Infection,0
19747,2022-W44,Pertussis,0
19748,2022-W44,Pneumococcal Disease (invasive),2
19749,2022-W44,Haemophilus influenzae type b,0
19750,2022-W44,Salmonellosis(non-enteric fevers),26
19751,2022-W44,Avian Influenza,0
19752,2022-W44,Zika,1
19753,2022-W44,Ebola Virus Disease,0
19754,2022-W44,Japanese Encephalitis,0
19755,2022-W44,Tetanus,0
19756,2022-W44,Botulism,0
19757,2022-W44,Murine Typhus,0
19758,2022-W44,Monkeypox,0
19759,2022-W45,Cholera,0
19760,2022-W45,Paratyphoid,0
19761,2022-W45,Typhoid,2
19762,2022-W45,Acute Viral Hepatitis A,0
19763,2022-W45,Acute Viral Hepatitis E,0
19764,2022-W45,Poliomyelitis,0
19765,2022-W45,Plague,0
19766,2022-W45,Yellow Fever,0
19767,2022-W45,Dengue Fever,294
19768,2022-W45,Dengue Haemorrhagic Fever,0
19769,2022-W45,Malaria,0
19770,2022-W45,Chikungunya,1
19771,2022-W45,HFMD,0
19772,2022-W45,Diphtheria,0
19773,2022-W45,Measles,0
19774,2022-W45,Mumps,2
19775,2022-W45,Rubella,0
19776,2022-W45,SARS,0
19777,2022-W45,Nipah,0
19778,2022-W45,Acute Viral hepatitis B,0
19779,2022-W45,Encephalitis,0
19780,2022-W45,Legionellosis,0
19781,2022-W45,Campylobacter enteritis,6
19782,2022-W45,Acute Viral hepatitis C,0
19783,2022-W45,Leptospirosis,3
19784,2022-W45,Melioidosis,1
19785,2022-W45,Meningococcal Infection,0
19786,2022-W45,Pertussis,0
19787,2022-W45,Pneumococcal Disease (invasive),1
19788,2022-W45,Haemophilus influenzae type b,0
19789,2022-W45,Salmonellosis(non-enteric fevers),31
19790,2022-W45,Avian Influenza,0
19791,2022-W45,Zika,0
19792,2022-W45,Ebola Virus Disease,0
19793,2022-W45,Japanese Encephalitis,0
19794,2022-W45,Tetanus,0
19795,2022-W45,Botulism,0
19796,2022-W45,Murine Typhus,0
19797,2022-W45,Monkeypox,0
19798,2022-W46,Cholera,0
19799,2022-W46,Paratyphoid,1
19800,2022-W46,Typhoid,0
19801,2022-W46,Acute Viral Hepatitis A,1
19802,2022-W46,Acute Viral Hepatitis E,0
19803,2022-W46,Poliomyelitis,0
19804,2022-W46,Plague,0
19805,2022-W46,Yellow Fever,0
19806,2022-W46,Dengue Fever,312
19807,2022-W46,Dengue Haemorrhagic Fever,3
19808,2022-W46,Malaria,0
19809,2022-W46,Chikungunya,2
19810,2022-W46,HFMD,0
19811,2022-W46,Diphtheria,0
19812,2022-W46,Measles,0
19813,2022-W46,Mumps,2
19814,2022-W46,Rubella,0
19815,2022-W46,SARS,0
19816,2022-W46,Nipah,0
19817,2022-W46,Acute Viral hepatitis B,0
19818,2022-W46,Encephalitis,0
19819,2022-W46,Legionellosis,0
19820,2022-W46,Campylobacter enteritis,7
19821,2022-W46,Acute Viral hepatitis C,1
19822,2022-W46,Leptospirosis,3
19823,2022-W46,Melioidosis,1
19824,2022-W46,Meningococcal Infection,0
19825,2022-W46,Pertussis,0
19826,2022-W46,Pneumococcal Disease (invasive),1
19827,2022-W46,Haemophilus influenzae type b,0
19828,2022-W46,Salmonellosis(non-enteric fevers),33
19829,2022-W46,Avian Influenza,0
19830,2022-W46,Zika,0
19831,2022-W46,Ebola Virus Disease,0
19832,2022-W46,Japanese Encephalitis,0
19833,2022-W46,Tetanus,0
19834,2022-W46,Botulism,0
19835,2022-W46,Murine Typhus,1
19836,2022-W46,Monkeypox,0
19837,2022-W47,Cholera,0
19838,2022-W47,Paratyphoid,1
19839,2022-W47,Typhoid,2
19840,2022-W47,Acute Viral Hepatitis A,2
19841,2022-W47,Acute Viral Hepatitis E,2
19842,2022-W47,Poliomyelitis,0
19843,2022-W47,Plague,0
19844,2022-W47,Yellow Fever,0
19845,2022-W47,Dengue Fever,265
19846,2022-W47,Dengue Haemorrhagic Fever,0
19847,2022-W47,Malaria,0
19848,2022-W47,Chikungunya,0
19849,2022-W47,HFMD,0
19850,2022-W47,Diphtheria,0
19851,2022-W47,Measles,0
19852,2022-W47,Mumps,4
19853,2022-W47,Rubella,0
19854,2022-W47,SARS,0
19855,2022-W47,Nipah,0
19856,2022-W47,Acute Viral hepatitis B,1
19857,2022-W47,Encephalitis,0
19858,2022-W47,Legionellosis,0
19859,2022-W47,Campylobacter enteritis,12
19860,2022-W47,Acute Viral hepatitis C,0
19861,2022-W47,Leptospirosis,3
19862,2022-W47,Melioidosis,2
19863,2022-W47,Meningococcal Infection,0
19864,2022-W47,Pertussis,1
19865,2022-W47,Pneumococcal Disease (invasive),3
19866,2022-W47,Haemophilus influenzae type b,0
19867,2022-W47,Salmonellosis(non-enteric fevers),34
19868,2022-W47,Avian Influenza,0
19869,2022-W47,Zika,0
19870,2022-W47,Ebola Virus Disease,0
19871,2022-W47,Japanese Encephalitis,0
19872,2022-W47,Tetanus,0
19873,2022-W47,Botulism,0
19874,2022-W47,Murine Typhus,0
19875,2022-W47,Monkeypox,0
19876,2022-W48,Cholera,0
19877,2022-W48,Paratyphoid,0
19878,2022-W48,Typhoid,0
19879,2022-W48,Acute Viral Hepatitis A,1
19880,2022-W48,Acute Viral Hepatitis E,1
19881,2022-W48,Poliomyelitis,0
19882,2022-W48,Plague,0
19883,2022-W48,Yellow Fever,0
19884,2022-W48,Dengue Fever,242
19885,2022-W48,Dengue Haemorrhagic Fever,0
19886,2022-W48,Malaria,1
19887,2022-W48,Chikungunya,1
19888,2022-W48,HFMD,0
19889,2022-W48,Diphtheria,0
19890,2022-W48,Measles,0
19891,2022-W48,Mumps,2
19892,2022-W48,Rubella,0
19893,2022-W48,SARS,0
19894,2022-W48,Nipah,0
19895,2022-W48,Acute Viral hepatitis B,0
19896,2022-W48,Encephalitis,0
19897,2022-W48,Legionellosis,0
19898,2022-W48,Campylobacter enteritis,12
19899,2022-W48,Acute Viral hepatitis C,0
19900,2022-W48,Leptospirosis,0
19901,2022-W48,Melioidosis,0
19902,2022-W48,Meningococcal Infection,0
19903,2022-W48,Pertussis,0
19904,2022-W48,Pneumococcal Disease (invasive),0
19905,2022-W48,Haemophilus influenzae type b,0
19906,2022-W48,Salmonellosis(non-enteric fevers),28
19907,2022-W48,Avian Influenza,0
19908,2022-W48,Zika,0
19909,2022-W48,Ebola Virus Disease,0
19910,2022-W48,Japanese Encephalitis,0
19911,2022-W48,Tetanus,0
19912,2022-W48,Botulism,0
19913,2022-W48,Murine Typhus,0
19914,2022-W48,Monkeypox,0
19915,2022-W49,Cholera,0
19916,2022-W49,Paratyphoid,0
19917,2022-W49,Typhoid,0
19918,2022-W49,Acute Viral Hepatitis A,0
19919,2022-W49,Acute Viral Hepatitis E,1
19920,2022-W49,Poliomyelitis,0
19921,2022-W49,Plague,0
19922,2022-W49,Yellow Fever,0
19923,2022-W49,Dengue Fever,326
19924,2022-W49,Dengue Haemorrhagic Fever,1
19925,2022-W49,Malaria,1
19926,2022-W49,Chikungunya,0
19927,2022-W49,HFMD,0
19928,2022-W49,Diphtheria,0
19929,2022-W49,Measles,1
19930,2022-W49,Mumps,1
19931,2022-W49,Rubella,0
19932,2022-W49,SARS,0
19933,2022-W49,Nipah,0
19934,2022-W49,Acute Viral hepatitis B,0
19935,2022-W49,Encephalitis,0
19936,2022-W49,Legionellosis,0
19937,2022-W49,Campylobacter enteritis,9
19938,2022-W49,Acute Viral hepatitis C,0
19939,2022-W49,Leptospirosis,3
19940,2022-W49,Melioidosis,0
19941,2022-W49,Meningococcal Infection,0
19942,2022-W49,Pertussis,0
19943,2022-W49,Pneumococcal Disease (invasive),3
19944,2022-W49,Haemophilus influenzae type b,0
19945,2022-W49,Salmonellosis(non-enteric fevers),19
19946,2022-W49,Avian Influenza,0
19947,2022-W49,Zika,0
19948,2022-W49,Ebola Virus Disease,0
19949,2022-W49,Japanese Encephalitis,0
19950,2022-W49,Tetanus,0
19951,2022-W49,Botulism,0
19952,2022-W49,Murine Typhus,0
19953,2022-W49,Monkeypox,0
19954,2022-W50,Cholera,0
19955,2022-W50,Paratyphoid,0
19956,2022-W50,Typhoid,0
19957,2022-W50,Acute Viral Hepatitis A,0
19958,2022-W50,Acute Viral Hepatitis E,1
19959,2022-W50,Poliomyelitis,0
19960,2022-W50,Plague,0
19961,2022-W50,Yellow Fever,0
19962,2022-W50,Dengue Fever,289
19963,2022-W50,Dengue Haemorrhagic Fever,1
19964,2022-W50,Malaria,1
19965,2022-W50,Chikungunya,1
19966,2022-W50,HFMD,0
19967,2022-W50,Diphtheria,0
19968,2022-W50,Measles,0
19969,2022-W50,Mumps,1
19970,2022-W50,Rubella,0
19971,2022-W50,SARS,0
19972,2022-W50,Nipah,0
19973,2022-W50,Acute Viral hepatitis B,0
19974,2022-W50,Encephalitis,0
19975,2022-W50,Legionellosis,0
19976,2022-W50,Campylobacter enteritis,6
19977,2022-W50,Acute Viral hepatitis C,1
19978,2022-W50,Leptospirosis,0
19979,2022-W50,Melioidosis,0
19980,2022-W50,Meningococcal Infection,0
19981,2022-W50,Pertussis,0
19982,2022-W50,Pneumococcal Disease (invasive),0
19983,2022-W50,Haemophilus influenzae type b,0
19984,2022-W50,Salmonellosis(non-enteric fevers),16
19985,2022-W50,Avian Influenza,0
19986,2022-W50,Zika,0
19987,2022-W50,Ebola Virus Disease,0
19988,2022-W50,Japanese Encephalitis,0
19989,2022-W50,Tetanus,0
19990,2022-W50,Botulism,0
19991,2022-W50,Murine Typhus,1
19992,2022-W50,Monkeypox,0
19993,2022-W51,Cholera,0
19994,2022-W51,Paratyphoid,0
19995,2022-W51,Typhoid,0
19996,2022-W51,Acute Viral Hepatitis A,3
19997,2022-W51,Acute Viral Hepatitis E,1
19998,2022-W51,Poliomyelitis,0
19999,2022-W51,Plague,0
20000,2022-W51,Yellow Fever,0
20001,2022-W51,Dengue Fever,270
20002,2022-W51,Dengue Haemorrhagic Fever,0
20003,2022-W51,Malaria,0
20004,2022-W51,Chikungunya,0
20005,2022-W51,HFMD,0
20006,2022-W51,Diphtheria,0
20007,2022-W51,Measles,0
20008,2022-W51,Mumps,3
20009,2022-W51,Rubella,0
20010,2022-W51,SARS,0
20011,2022-W51,Nipah,0
20012,2022-W51,Acute Viral hepatitis B,1
20013,2022-W51,Encephalitis,0
20014,2022-W51,Legionellosis,0
20015,2022-W51,Campylobacter enteritis,11
20016,2022-W51,Acute Viral hepatitis C,1
20017,2022-W51,Leptospirosis,0
20018,2022-W51,Melioidosis,1
20019,2022-W51,Meningococcal Infection,0
20020,2022-W51,Pertussis,1
20021,2022-W51,Pneumococcal Disease (invasive),3
20022,2022-W51,Haemophilus influenzae type b,0
20023,2022-W51,Salmonellosis(non-enteric fevers),23
20024,2022-W51,Avian Influenza,0
20025,2022-W51,Zika,0
20026,2022-W51,Ebola Virus Disease,0
20027,2022-W51,Japanese Encephalitis,0
20028,2022-W51,Tetanus,0
20029,2022-W51,Botulism,0
20030,2022-W51,Murine Typhus,0
20031,2022-W51,Monkeypox,0
20032,2022-W52,Cholera,0
20033,2022-W52,Paratyphoid,2
20034,2022-W52,Typhoid,1
20035,2022-W52,Acute Viral Hepatitis A,1
20036,2022-W52,Acute Viral Hepatitis E,1
20037,2022-W52,Poliomyelitis,0
20038,2022-W52,Plague,0
20039,2022-W52,Yellow Fever,0
20040,2022-W52,Dengue Fever,285
20041,2022-W52,Dengue Haemorrhagic Fever,0
20042,2022-W52,Malaria,1
20043,2022-W52,Chikungunya,2
20044,2022-W52,HFMD,0
20045,2022-W52,Diphtheria,0
20046,2022-W52,Measles,0
20047,2022-W52,Mumps,3
20048,2022-W52,Rubella,0
20049,2022-W52,SARS,0
20050,2022-W52,Nipah,0
20051,2022-W52,Acute Viral hepatitis B,0
20052,2022-W52,Encephalitis,0
20053,2022-W52,Legionellosis,0
20054,2022-W52,Campylobacter enteritis,7
20055,2022-W52,Acute Viral hepatitis C,1
20056,2022-W52,Leptospirosis,1
20057,2022-W52,Melioidosis,1
20058,2022-W52,Meningococcal Infection,0
20059,2022-W52,Pertussis,0
20060,2022-W52,Pneumococcal Disease (invasive),4
20061,2022-W52,Haemophilus influenzae type b,0
20062,2022-W52,Salmonellosis(non-enteric fevers),28
20063,2022-W52,Avian Influenza,0
20064,2022-W52,Zika,0
20065,2022-W52,Ebola Virus Disease,0
20066,2022-W52,Japanese Encephalitis,0
20067,2022-W52,Tetanus,0
20068,2022-W52,Botulism,0
20069,2022-W52,Murine Typhus,0
20070,2022-W52,Monkeypox,0
